<annotation>
	<folder>images</folder>
	<filename>07fe55fbf987cf25.jpg</filename>
	<path>C:\Users\DELL\Downloads\face_dataset_sample\images\07fe55fbf987cf25.jpg</path>
	<source>
		<database>Unknown</database>
	</source>
	<size>
		<width>683</width>
		<height>1024</height>
		<depth>3</depth>
	</size>
	<segmented>0</segmented>
	<object>
		<name>Face</name>
		<pose>Unspecified</pose>
		<truncated>0</truncated>
		<difficult>0</difficult>
		<bndbox>
			<xmin>205</xmin>
			<ymin>41</ymin>
			<xmax>485</xmax>
			<ymax>296</ymax>
		</bndbox>
	</object>
</annotation>
