<annotation>
	<folder>images</folder>
	<filename>0a2a14701d899d8f.jpg</filename>
	<path>C:\Users\DELL\Downloads\face_dataset_sample\images\0a2a14701d899d8f.jpg</path>
	<source>
		<database>Unknown</database>
	</source>
	<size>
		<width>1024</width>
		<height>768</height>
		<depth>3</depth>
	</size>
	<segmented>0</segmented>
	<object>
		<name>Face</name>
		<pose>Unspecified</pose>
		<truncated>0</truncated>
		<difficult>0</difficult>
		<bndbox>
			<xmin>280</xmin>
			<ymin>172</ymin>
			<xmax>638</xmax>
			<ymax>500</ymax>
		</bndbox>
	</object>
</annotation>
