<annotation>
	<folder>images</folder>
	<filename>2d03f0a59fca0e4e.jpg</filename>
	<path>C:\Users\DELL\Downloads\face_dataset_sample\images\2d03f0a59fca0e4e.jpg</path>
	<source>
		<database>Unknown</database>
	</source>
	<size>
		<width>768</width>
		<height>1024</height>
		<depth>3</depth>
	</size>
	<segmented>0</segmented>
	<object>
		<name>Face</name>
		<pose>Unspecified</pose>
		<truncated>0</truncated>
		<difficult>0</difficult>
		<bndbox>
			<xmin>398</xmin>
			<ymin>93</ymin>
			<xmax>648</xmax>
			<ymax>302</ymax>
		</bndbox>
	</object>
	<object>
		<name>Face</name>
		<pose>Unspecified</pose>
		<truncated>0</truncated>
		<difficult>0</difficult>
		<bndbox>
			<xmin>161</xmin>
			<ymin>24</ymin>
			<xmax>386</xmax>
			<ymax>235</ymax>
		</bndbox>
	</object>
</annotation>
