<annotation>
	<folder>images</folder>
	<filename>625b1ac0c3817ce3.jpg</filename>
	<path>C:\Users\DELL\Downloads\face_dataset_sample\images\625b1ac0c3817ce3.jpg</path>
	<source>
		<database>Unknown</database>
	</source>
	<size>
		<width>768</width>
		<height>1024</height>
		<depth>3</depth>
	</size>
	<segmented>0</segmented>
	<object>
		<name>Face</name>
		<pose>Unspecified</pose>
		<truncated>0</truncated>
		<difficult>0</difficult>
		<bndbox>
			<xmin>161</xmin>
			<ymin>305</ymin>
			<xmax>402</xmax>
			<ymax>582</ymax>
		</bndbox>
	</object>
	<object>
		<name>Face</name>
		<pose>Unspecified</pose>
		<truncated>0</truncated>
		<difficult>0</difficult>
		<bndbox>
			<xmin>359</xmin>
			<ymin>210</ymin>
			<xmax>627</xmax>
			<ymax>555</ymax>
		</bndbox>
	</object>
</annotation>
