<annotation>
	<folder>images</folder>
	<filename>76b1f8fcbc0475c6.jpg</filename>
	<path>C:\Users\DELL\Downloads\face_dataset_sample\images\76b1f8fcbc0475c6.jpg</path>
	<source>
		<database>Unknown</database>
	</source>
	<size>
		<width>1024</width>
		<height>732</height>
		<depth>3</depth>
	</size>
	<segmented>0</segmented>
	<object>
		<name>Face</name>
		<pose>Unspecified</pose>
		<truncated>0</truncated>
		<difficult>0</difficult>
		<bndbox>
			<xmin>203</xmin>
			<ymin>79</ymin>
			<xmax>392</xmax>
			<ymax>361</ymax>
		</bndbox>
	</object>
	<object>
		<name>Face</name>
		<pose>Unspecified</pose>
		<truncated>0</truncated>
		<difficult>0</difficult>
		<bndbox>
			<xmin>606</xmin>
			<ymin>8</ymin>
			<xmax>823</xmax>
			<ymax>308</ymax>
		</bndbox>
	</object>
</annotation>
