Date,Copper_Price_USD_MT,US_Dollar_Index
2022-01-01,8850,104.48
2022-01-02,8723,105.22
2022-01-03,8833,105.49
2022-01-04,8984,105.21
2022-01-05,8722,105.3
2022-01-06,8773,104.37
2022-01-07,9070,103.99
2022-01-08,8883,105.4
2022-01-09,8751,104.43
2022-01-10,8909,104.42
2022-01-11,8727,105.16
2022-01-12,8754,104.72
2022-01-13,8871,104.62
2022-01-14,8513,105.42
2022-01-15,8619,103.97
2022-01-16,8762,104.7
2022-01-17,8725,104.21
2022-01-18,8926,104.27
2022-01-19,8720,104.84
2022-01-20,8678,104.28
2022-01-21,9116,104.24
2022-01-22,8857,104.46
2022-01-23,8945,103.69
2022-01-24,8741,103.4
2022-01-25,8887,103.24
2022-01-26,9016,102.73
2022-01-27,8734,104.69
2022-01-28,9050,103.05
2022-01-29,8890,103.44
2022-01-30,8945,103.36
2022-01-31,8892,103.6
2022-02-01,9255,103.8
2022-02-02,8982,103.77
2022-02-03,8870,102.99
2022-02-04,9149,103.14
2022-02-05,8840,103.31
2022-02-06,9075,102.99
2022-02-07,8711,103.87
2022-02-08,8842,103.26
2022-02-09,9072,103.32
2022-02-10,9163,103.23
2022-02-11,9073,103.43
2022-02-12,9063,102.88
2022-02-13,9080,102.09
2022-02-14,8869,102.88
2022-02-15,9017,102.3
2022-02-16,9060,102.3
2022-02-17,9268,102.81
2022-02-18,9152,103.08
2022-02-19,8874,102.41
2022-02-20,9188,102.5
2022-02-21,9054,103.14
2022-02-22,9055,102.35
2022-02-23,9197,103.48
2022-02-24,9318,102.4
2022-02-25,9369,101.18
2022-02-26,9048,102.38
2022-02-27,9144,102.14
2022-02-28,9225,102.54
2022-03-01,9345,102.17
2022-03-02,9155,101.71
2022-03-03,9233,101.11
2022-03-04,9077,101.56
2022-03-05,9087,101.18
2022-03-06,9389,101.26
2022-03-07,9449,101.78
2022-03-08,9215,102.27
2022-03-09,9416,101.57
2022-03-10,9366,100.72
2022-03-11,9182,101.48
2022-03-12,9321,101.8
2022-03-13,9550,100.83
2022-03-14,9309,101.01
2022-03-15,9553,101.03
2022-03-16,8952,100.57
2022-03-17,9440,101.23
2022-03-18,9356,100.78
2022-03-19,9292,100.99
2022-03-20,9390,100.28
2022-03-21,9074,100.45
2022-03-22,9317,100.97
2022-03-23,9438,100.36
2022-03-24,9560,101.35
2022-03-25,9321,100.23
2022-03-26,9269,100.48
2022-03-27,9304,100.77
2022-03-28,9582,99.54
2022-03-29,9509,99.3
2022-03-30,9381,99.36
2022-03-31,9475,100.69
2022-04-01,9464,99.73
2022-04-02,9524,101.22
2022-04-03,9358,99.6
2022-04-04,9402,99.91
2022-04-05,9365,100.53
2022-04-06,9199,100.7
2022-04-07,9468,100.67
2022-04-08,9491,100.18
2022-04-09,9463,100.02
2022-04-10,9445,99.75
2022-04-11,9269,99.78
2022-04-12,9458,99.05
2022-04-13,9482,98.85
2022-04-14,9399,99.2
2022-04-15,9506,99.05
2022-04-16,9604,98.85
2022-04-17,9803,99.36
2022-04-18,9546,99.43
2022-04-19,9586,98.93
2022-04-20,9508,99.56
2022-04-21,9303,98.19
2022-04-22,9569,98.6
2022-04-23,9601,98.28
2022-04-24,9996,97.64
2022-04-25,9559,98.47
2022-04-26,9639,98.39
2022-04-27,9554,99.14
2022-04-28,9411,98.63
2022-04-29,9805,97.74
2022-04-30,9680,99.12
2022-05-01,9707,98.74
2022-05-02,9474,98.35
2022-05-03,9846,97.88
2022-05-04,9449,97.45
2022-05-05,9738,97.68
2022-05-06,9948,98.35
2022-05-07,9456,98.68
2022-05-08,9533,98.45
2022-05-09,9689,97.37
2022-05-10,9620,96.99
2022-05-11,9436,97.55
2022-05-12,9732,96.53
2022-05-13,9515,97.51
2022-05-14,9762,97.21
2022-05-15,9566,96.99
2022-05-16,9970,96.36
2022-05-17,9572,97.34
2022-05-18,9672,96.76
2022-05-19,9863,96.37
2022-05-20,9604,95.45
2022-05-21,9756,96.81
2022-05-22,9877,97.64
2022-05-23,9448,97.52
2022-05-24,9774,96.4
2022-05-25,9793,96.26
2022-05-26,9849,96.73
2022-05-27,9588,95.93
2022-05-28,9547,96.51
2022-05-29,9816,96.68
2022-05-30,9775,96.84
2022-05-31,9805,96.11
2022-06-01,9827,95.99
2022-06-02,9694,95.59
2022-06-03,9833,95.54
2022-06-04,9831,95.78
2022-06-05,9669,96.01
2022-06-06,10047,96.21
2022-06-07,9885,95.29
2022-06-08,9582,96.37
2022-06-09,9907,95.42
2022-06-10,9659,95.47
2022-06-11,9946,95.04
2022-06-12,10047,94.14
2022-06-13,9671,95.72
2022-06-14,9946,95.58
2022-06-15,9892,95.0
2022-06-16,9948,95.11
2022-06-17,10102,95.26
2022-06-18,9836,94.16
2022-06-19,9737,94.6
2022-06-20,9687,95.2
2022-06-21,9753,94.1
2022-06-22,9828,94.81
2022-06-23,9935,93.91
2022-06-24,9883,94.76
2022-06-25,9981,94.44
2022-06-26,9902,93.58
2022-06-27,10051,94.9
2022-06-28,9844,93.88
2022-06-29,10296,93.77
2022-06-30,9960,94.21
2022-07-01,9717,94.61
2022-07-02,9741,93.46
2022-07-03,9950,93.93
2022-07-04,9838,94.04
2022-07-05,9974,94.11
2022-07-06,9954,93.78
2022-07-07,9888,93.44
2022-07-08,9786,93.14
2022-07-09,9665,93.52
2022-07-10,9857,92.87
2022-07-11,10101,91.88
2022-07-12,9923,93.49
2022-07-13,9695,93.65
2022-07-14,9992,91.95
2022-07-15,9992,92.55
2022-07-16,9763,93.29
2022-07-17,9885,93.94
2022-07-18,9923,92.85
2022-07-19,9764,92.41
2022-07-20,9977,92.61
2022-07-21,9971,93.32
2022-07-22,10102,92.24
2022-07-23,10103,92.09
2022-07-24,9732,92.18
2022-07-25,9812,91.87
2022-07-26,10004,92.34
2022-07-27,9968,93.01
2022-07-28,10003,92.29
2022-07-29,10519,91.93
2022-07-30,10030,91.84
2022-07-31,10148,91.13
2022-08-01,10061,92.29
2022-08-02,10041,91.73
2022-08-03,9900,91.61
2022-08-04,9978,93.23
2022-08-05,9822,91.71
2022-08-06,9930,91.11
2022-08-07,9886,91.2
2022-08-08,9933,91.91
2022-08-09,10295,91.32
2022-08-10,9707,90.48
2022-08-11,10033,91.58
2022-08-12,9728,90.72
2022-08-13,9837,91.92
2022-08-14,10092,91.45
2022-08-15,9978,90.61
2022-08-16,9764,91.4
2022-08-17,9850,90.72
2022-08-18,10040,91.04
2022-08-19,9839,90.78
2022-08-20,10015,90.05
2022-08-21,9985,90.07
2022-08-22,9839,90.84
2022-08-23,10293,90.08
2022-08-24,10069,89.98
2022-08-25,9685,89.63
2022-08-26,9982,90.24
2022-08-27,9815,90.99
2022-08-28,10121,89.35
2022-08-29,9847,89.82
2022-08-30,9915,90.44
2022-08-31,10045,89.63
2022-09-01,10086,89.82
2022-09-02,9815,88.99
2022-09-03,9908,89.66
2022-09-04,9902,89.28
2022-09-05,9847,89.79
2022-09-06,10205,89.82
2022-09-07,9966,90.45
2022-09-08,9766,89.37
2022-09-09,10100,89.17
2022-09-10,10284,89.03
2022-09-11,10134,88.68
2022-09-12,9734,88.95
2022-09-13,9905,88.56
2022-09-14,10156,88.72
2022-09-15,9831,89.22
2022-09-16,10062,87.98
2022-09-17,10058,88.98
2022-09-18,9798,89.0
2022-09-19,9964,88.2
2022-09-20,9537,87.13
2022-09-21,9832,87.81
2022-09-22,9900,88.69
2022-09-23,9783,87.96
2022-09-24,10239,87.39
2022-09-25,9767,87.57
2022-09-26,9882,88.16
2022-09-27,9975,87.94
2022-09-28,10191,87.48
2022-09-29,9762,87.34
2022-09-30,10152,87.25
2022-10-01,9992,86.91
2022-10-02,9779,88.1
2022-10-03,10044,87.06
2022-10-04,9966,87.76
2022-10-05,9838,87.83
2022-10-06,9951,87.5
2022-10-07,9918,86.71
2022-10-08,9971,87.05
2022-10-09,10064,86.76
2022-10-10,10224,86.25
2022-10-11,9769,86.79
2022-10-12,10312,85.96
2022-10-13,9639,87.07
2022-10-14,9950,86.17
2022-10-15,10044,86.43
2022-10-16,9995,86.39
2022-10-17,9873,86.05
2022-10-18,9913,86.4
2022-10-19,9896,85.79
2022-10-20,9848,86.39
2022-10-21,10118,85.21
2022-10-22,10007,85.87
2022-10-23,9803,86.7
2022-10-24,10115,85.15
2022-10-25,10017,85.24
2022-10-26,10063,85.76
2022-10-27,10043,85.52
2022-10-28,9819,85.53
2022-10-29,9855,85.52
2022-10-30,10047,85.52
2022-10-31,10014,85.68
2022-11-01,9936,85.26
2022-11-02,9972,84.86
2022-11-03,10123,85.24
2022-11-04,9811,85.78
2022-11-05,10032,84.69
2022-11-06,9940,84.19
2022-11-07,9885,85.16
2022-11-08,10112,84.47
2022-11-09,10122,83.37
2022-11-10,10044,84.8
2022-11-11,10151,84.04
2022-11-12,9947,84.18
2022-11-13,10035,84.32
2022-11-14,9889,84.17
2022-11-15,9970,84.36
2022-11-16,9930,83.71
2022-11-17,9939,84.11
2022-11-18,10033,83.65
2022-11-19,9795,84.07
2022-11-20,10234,83.94
2022-11-21,9807,83.09
2022-11-22,9725,84.02
2022-11-23,10120,83.14
2022-11-24,10031,83.73
2022-11-25,10016,83.44
2022-11-26,9979,84.1
2022-11-27,9934,82.99
2022-11-28,9804,82.85
2022-11-29,9941,82.94
2022-11-30,9834,82.73
2022-12-01,10054,83.2
2022-12-02,9945,81.92
2022-12-03,9829,82.13
2022-12-04,9904,82.05
2022-12-05,9963,82.98
2022-12-06,9797,83.29
2022-12-07,9803,82.3
2022-12-08,9964,82.2
2022-12-09,9958,82.24
2022-12-10,9817,82.71
2022-12-11,9874,81.59
2022-12-12,9950,82.1
2022-12-13,9679,82.39
2022-12-14,9696,82.08
2022-12-15,9807,81.85
2022-12-16,9862,82.18
2022-12-17,10033,80.26
2022-12-18,10123,81.87
2022-12-19,10063,81.13
2022-12-20,9939,80.47
2022-12-21,9901,81.57
2022-12-22,9732,81.92
2022-12-23,9917,81.09
2022-12-24,9849,81.56
2022-12-25,9924,81.82
2022-12-26,9758,81.6
2022-12-27,9952,81.68
2022-12-28,10126,81.16
2022-12-29,9896,80.75
2022-12-30,10015,79.84
2022-12-31,10024,80.44
2023-01-01,9875,80.07
2023-01-02,9893,81.5
2023-01-03,9920,80.26
2023-01-04,9925,80.33
2023-01-05,9784,80.47
2023-01-06,9916,80.14
2023-01-07,9946,80.9
2023-01-08,10147,79.66
2023-01-09,10053,80.0
2023-01-10,10255,79.45
2023-01-11,9832,79.09
2023-01-12,10060,79.37
2023-01-13,9942,79.59
2023-01-14,10253,79.32
2023-01-15,9810,79.11
2023-01-16,9824,78.68
2023-01-17,9827,79.27
2023-01-18,9634,78.48
2023-01-19,9817,79.54
2023-01-20,9800,79.13
2023-01-21,9975,78.29
2023-01-22,9975,78.79
2023-01-23,10217,78.49
2023-01-24,10052,78.96
2023-01-25,9798,79.39
2023-01-26,9830,77.71
2023-01-27,9990,78.63
2023-01-28,9725,78.42
2023-01-29,10178,78.77
2023-01-30,10092,78.46
2023-01-31,9870,77.91
2023-02-01,9673,78.05
2023-02-02,10146,77.74
2023-02-03,9879,78.6
2023-02-04,10109,78.0
2023-02-05,9638,78.87
2023-02-06,9838,77.82
2023-02-07,9945,77.42
2023-02-08,9973,76.94
2023-02-09,9906,76.73
2023-02-10,10063,76.76
2023-02-11,9764,77.62
2023-02-12,9898,77.67
2023-02-13,9991,76.55
2023-02-14,9989,77.71
2023-02-15,10054,76.95
2023-02-16,9765,77.2
2023-02-17,9668,77.86
2023-02-18,10109,77.43
2023-02-19,9997,76.77
2023-02-20,9852,76.39
2023-02-21,10230,75.69
2023-02-22,9981,76.33
2023-02-23,10129,76.51
2023-02-24,9983,76.05
2023-02-25,10262,76.41
2023-02-26,10213,76.44
2023-02-27,9922,76.22
2023-02-28,10117,75.94
2023-03-01,10049,76.27
2023-03-02,10153,76.34
2023-03-03,9843,75.5
2023-03-04,10030,76.68
2023-03-05,10125,75.86
2023-03-06,9702,75.84
2023-03-07,9773,76.12
2023-03-08,9659,75.81
2023-03-09,9908,76.1
2023-03-10,10075,75.69
2023-03-11,10217,75.17
2023-03-12,9981,75.59
2023-03-13,10254,74.77
2023-03-14,9774,75.32
2023-03-15,9731,75.18
2023-03-16,9985,75.02
2023-03-17,10052,74.99
2023-03-18,10035,74.05
2023-03-19,9699,74.64
2023-03-20,9983,74.89
2023-03-21,9801,74.86
2023-03-22,10130,74.19
2023-03-23,10030,75.27
2023-03-24,9890,74.13
2023-03-25,9911,74.98
2023-03-26,9845,74.64
2023-03-27,10025,74.04
2023-03-28,10120,75.18
2023-03-29,9906,73.62
2023-03-30,10079,74.61
2023-03-31,9925,74.58
2023-04-01,9931,73.68
2023-04-02,9985,74.64
2023-04-03,9890,73.75
2023-04-04,9952,73.95
2023-04-05,9860,73.87
2023-04-06,10347,73.6
2023-04-07,10038,74.01
2023-04-08,9931,73.93
2023-04-09,10135,72.59
2023-04-10,10014,74.05
2023-04-11,10075,72.5
2023-04-12,10137,73.77
2023-04-13,10159,73.75
2023-04-14,10025,72.58
2023-04-15,10005,72.85
2023-04-16,10072,72.43
2023-04-17,9749,72.81
2023-04-18,9873,72.7
2023-04-19,10282,73.17
2023-04-20,10315,73.37
2023-04-21,10033,73.35
2023-04-22,10210,72.3
2023-04-23,10165,72.41
2023-04-24,10621,71.61
2023-04-25,10310,71.98
2023-04-26,10082,72.8
2023-04-27,9946,73.05
2023-04-28,9924,71.56
2023-04-29,10184,71.82
2023-04-30,10030,72.03
2023-05-01,9927,72.12
2023-05-02,10076,71.51
2023-05-03,9984,72.06
2023-05-04,10426,71.54
2023-05-05,10299,71.71
2023-05-06,10156,71.92
2023-05-07,10397,71.59
2023-05-08,10203,71.3
2023-05-09,10059,71.4
2023-05-10,10421,71.34
2023-05-11,10285,71.14
2023-05-12,10051,71.13
2023-05-13,10137,71.99
2023-05-14,10065,71.4
2023-05-15,10015,70.91
2023-05-16,10342,71.34
2023-05-17,10520,70.76
2023-05-18,9992,71.45
2023-05-19,10311,70.98
2023-05-20,10146,70.68
2023-05-21,10162,70.89
2023-05-22,10203,69.82
2023-05-23,10156,69.98
2023-05-24,10300,69.88
2023-05-25,10140,70.49
2023-05-26,10271,71.22
2023-05-27,10216,71.4
2023-05-28,10234,70.54
2023-05-29,10142,70.41
2023-05-30,10255,69.19
2023-05-31,10429,69.76
2023-06-01,10403,69.57
2023-06-02,10183,69.59
2023-06-03,10339,69.76
2023-06-04,10451,69.54
2023-06-05,10131,68.73
2023-06-06,10401,70.03
2023-06-07,10271,69.05
2023-06-08,10430,69.65
2023-06-09,10190,70.5
2023-06-10,10115,68.94
2023-06-11,10188,68.08
2023-06-12,10389,69.13
2023-06-13,10393,69.77
2023-06-14,10203,70.13
2023-06-15,10520,68.48
2023-06-16,10138,69.28
2023-06-17,10408,68.74
2023-06-18,10234,68.85
2023-06-19,10256,70.17
2023-06-20,10471,68.03
2023-06-21,10297,68.85
2023-06-22,10370,68.9
2023-06-23,10570,69.14
2023-06-24,10363,68.59
2023-06-25,10577,68.63
2023-06-26,10306,68.22
2023-06-27,10545,68.49
2023-06-28,10704,68.13
2023-06-29,10100,68.55
2023-06-30,10383,67.99
2023-07-01,10577,68.31
2023-07-02,10477,68.04
2023-07-03,10541,68.56
2023-07-04,10431,67.91
2023-07-05,10585,66.99
2023-07-06,10480,68.45
2023-07-07,10740,67.31
2023-07-08,10604,67.37
2023-07-09,10622,67.34
2023-07-10,10467,68.27
2023-07-11,10551,66.46
2023-07-12,10434,69.03
2023-07-13,10618,67.93
2023-07-14,10523,67.46
2023-07-15,10644,67.26
2023-07-16,10911,67.37
2023-07-17,10732,67.43
2023-07-18,10556,67.44
2023-07-19,10795,67.33
2023-07-20,10573,67.04
2023-07-21,10343,66.84
2023-07-22,10504,66.81
2023-07-23,10383,66.73
2023-07-24,10585,67.34
2023-07-25,10662,67.01
2023-07-26,11006,65.18
2023-07-27,10721,66.92
2023-07-28,10659,66.64
2023-07-29,10829,66.47
2023-07-30,10390,66.23
2023-07-31,10726,66.93
2023-08-01,10819,66.79
2023-08-02,10532,65.87
2023-08-03,10904,66.4
2023-08-04,10825,65.66
2023-08-05,10730,65.4
2023-08-06,10876,65.72
2023-08-07,11092,66.41
2023-08-08,10784,66.4
2023-08-09,10813,66.12
2023-08-10,10710,66.17
2023-08-11,10664,66.01
2023-08-12,10953,65.38
2023-08-13,10681,65.86
2023-08-14,10819,65.99
2023-08-15,10745,65.91
2023-08-16,10886,66.08
2023-08-17,10884,65.78
2023-08-18,11006,65.55
2023-08-19,10764,65.85
2023-08-20,10836,65.25
2023-08-21,10759,64.77
2023-08-22,10829,65.08
2023-08-23,10975,64.73
2023-08-24,11038,64.71
2023-08-25,10781,64.92
2023-08-26,11074,64.55
2023-08-27,11142,64.74
2023-08-28,11049,63.89
2023-08-29,11223,64.89
2023-08-30,10839,64.73
2023-08-31,10797,64.27
2023-09-01,10688,64.96
2023-09-02,11180,65.04
2023-09-03,11126,63.72
2023-09-04,11006,64.09
2023-09-05,11065,64.03
2023-09-06,10866,63.89
2023-09-07,11366,64.73
2023-09-08,11052,64.16
2023-09-09,11059,64.08
2023-09-10,11203,63.16
2023-09-11,11108,64.42
2023-09-12,11124,63.44
2023-09-13,10948,64.03
2023-09-14,11140,64.09
2023-09-15,11332,64.58
2023-09-16,11326,63.2
2023-09-17,11414,62.29
2023-09-18,11027,63.84
2023-09-19,10922,64.6
2023-09-20,11074,64.27
2023-09-21,11135,63.7
2023-09-22,11316,63.3
2023-09-23,10874,63.9
2023-09-24,11410,62.96
2023-09-25,11128,63.64
2023-09-26,11095,63.6
2023-09-27,11001,63.83
2023-09-28,10871,64.63
2023-09-29,11309,63.4
2023-09-30,11227,62.9
2023-10-01,11019,63.09
2023-10-02,11069,62.17
2023-10-03,11194,62.66
2023-10-04,11496,62.76
2023-10-05,11217,62.65
2023-10-06,11022,62.94
2023-10-07,11243,62.4
2023-10-08,11198,63.33
2023-10-09,10870,62.72
2023-10-10,11274,62.67
2023-10-11,11264,62.46
2023-10-12,11398,62.65
2023-10-13,11562,62.94
2023-10-14,11504,62.05
2023-10-15,11297,62.11
2023-10-16,11170,62.24
2023-10-17,11756,61.67
2023-10-18,11373,61.88
2023-10-19,11366,62.01
2023-10-20,11334,62.64
2023-10-21,11390,62.29
2023-10-22,11348,62.21
2023-10-23,11275,62.49
2023-10-24,11311,61.95
2023-10-25,11383,62.17
2023-10-26,11326,61.87
2023-10-27,11299,62.01
2023-10-28,11450,61.54
2023-10-29,11450,60.57
2023-10-30,11663,61.68
2023-10-31,11009,62.41
2023-11-01,11590,62.12
2023-11-02,11619,62.09
2023-11-03,11122,62.18
2023-11-04,11417,61.56
2023-11-05,11418,61.57
2023-11-06,11290,61.12
2023-11-07,11384,61.23
2023-11-08,11318,61.65
2023-11-09,11740,61.9
2023-11-10,11658,61.18
2023-11-11,11723,60.98
2023-11-12,11636,61.17
2023-11-13,11351,61.42
2023-11-14,11500,60.36
2023-11-15,11680,59.89
2023-11-16,11387,60.72
2023-11-17,11700,60.34
2023-11-18,11547,60.65
2023-11-19,11524,60.79
2023-11-20,11701,60.59
2023-11-21,11621,61.5
2023-11-22,11535,60.9
2023-11-23,11770,60.84
2023-11-24,11433,60.96
2023-11-25,11738,60.04
2023-11-26,11686,61.09
2023-11-27,11585,60.49
2023-11-28,11669,60.82
2023-11-29,11482,59.91
2023-11-30,11827,59.62
2023-12-01,11608,60.77
2023-12-02,11574,60.51
2023-12-03,11848,59.83
2023-12-04,11591,59.8
2023-12-05,11442,60.76
2023-12-06,11483,59.56
2023-12-07,11743,60.93
2023-12-08,11530,59.62
2023-12-09,11953,60.35
2023-12-10,11407,59.83
2023-12-11,11957,60.25
2023-12-12,11769,59.64
2023-12-13,11719,59.79
2023-12-14,11652,59.85
2023-12-15,11826,59.29
2023-12-16,11723,60.12
2023-12-17,11931,59.46
2023-12-18,11781,59.56
2023-12-19,11811,59.14
2023-12-20,11779,58.31
2023-12-21,11771,59.46
2023-12-22,11766,60.72
2023-12-23,11510,59.87
2023-12-24,11590,59.43
2023-12-25,11915,59.27
2023-12-26,11827,59.37
2023-12-27,11766,59.6
2023-12-28,11845,58.69
2023-12-29,11842,59.8
2023-12-30,11724,59.57
2023-12-31,11693,59.53
2024-01-01,11852,59.35
2024-01-02,11691,59.1
2024-01-03,11887,59.39
2024-01-04,11578,59.32
2024-01-05,12016,58.8
2024-01-06,11943,58.66
2024-01-07,11898,58.96
2024-01-08,11976,59.64
2024-01-09,12153,58.21
2024-01-10,12065,58.06
2024-01-11,11601,58.84
2024-01-12,11692,58.75
2024-01-13,11792,58.77
2024-01-14,11892,58.77
2024-01-15,11982,58.5
2024-01-16,11757,59.32
2024-01-17,11975,57.74
2024-01-18,11819,58.09
2024-01-19,11826,58.42
2024-01-20,11750,57.61
2024-01-21,11790,58.31
2024-01-22,11683,59.19
2024-01-23,11785,58.34
2024-01-24,12088,58.41
2024-01-25,11828,57.63
2024-01-26,12353,57.91
2024-01-27,12030,58.0
2024-01-28,11986,57.99
2024-01-29,11793,58.76
2024-01-30,12049,58.36
2024-01-31,11903,57.49
2024-02-01,11977,58.13
2024-02-02,12340,58.23
2024-02-03,11929,58.51
2024-02-04,12108,58.7
2024-02-05,11898,57.37
2024-02-06,11996,57.43
2024-02-07,12281,57.18
2024-02-08,11899,57.65
2024-02-09,12251,57.97
2024-02-10,12075,58.2
2024-02-11,11914,57.63
2024-02-12,12102,57.48
2024-02-13,12144,57.68
2024-02-14,12119,57.15
2024-02-15,11720,58.58
2024-02-16,11941,56.7
2024-02-17,11971,57.56
2024-02-18,11954,58.45
2024-02-19,12111,57.41
2024-02-20,12052,57.28
2024-02-21,11831,57.16
2024-02-22,12087,57.21
2024-02-23,12085,57.96
2024-02-24,12169,56.13
2024-02-25,12155,57.97
2024-02-26,12194,56.46
2024-02-27,12111,57.01
2024-02-28,12038,56.9
2024-02-29,11776,57.37
2024-03-01,12146,56.25
2024-03-02,12063,57.25
2024-03-03,12035,58.0
2024-03-04,11890,56.27
2024-03-05,11882,57.01
2024-03-06,12225,56.56
2024-03-07,12035,57.07
2024-03-08,12155,56.83
2024-03-09,12075,56.47
2024-03-10,12049,57.01
2024-03-11,12153,57.63
2024-03-12,11986,56.61
2024-03-13,12057,57.03
2024-03-14,12024,55.99
2024-03-15,12021,56.13
2024-03-16,12005,56.81
2024-03-17,12061,57.29
2024-03-18,11985,56.69
2024-03-19,12263,56.33
2024-03-20,11933,56.45
2024-03-21,12071,55.8
2024-03-22,11988,56.7
2024-03-23,12265,56.81
2024-03-24,12111,56.11
2024-03-25,12237,56.07
2024-03-26,11842,56.41
2024-03-27,12123,56.03
2024-03-28,12208,56.18
2024-03-29,12033,57.23
2024-03-30,12239,56.03
2024-03-31,12005,55.95
2024-04-01,12301,55.77
2024-04-02,12400,56.44
2024-04-03,12024,55.95
2024-04-04,12024,55.68
2024-04-05,12259,56.64
2024-04-06,12276,56.66
2024-04-07,12011,55.62
2024-04-08,12058,54.96
2024-04-09,12007,56.37
2024-04-10,11889,55.49
2024-04-11,11916,56.2
2024-04-12,11972,54.79
2024-04-13,11936,56.19
2024-04-14,12098,55.11
2024-04-15,12089,56.06
2024-04-16,12304,55.67
2024-04-17,11945,55.16
2024-04-18,12228,55.4
2024-04-19,12021,55.92
2024-04-20,12059,55.6
2024-04-21,12155,55.81
2024-04-22,11850,56.48
2024-04-23,12164,54.68
2024-04-24,12051,56.24
2024-04-25,12137,55.46
2024-04-26,12130,54.93
2024-04-27,12465,54.69
2024-04-28,11972,55.23
2024-04-29,11959,55.76
2024-04-30,11970,55.21
2024-05-01,11938,56.0
2024-05-02,11999,54.49
2024-05-03,12235,55.18
2024-05-04,12300,54.53
2024-05-05,11959,55.31
2024-05-06,11906,55.55
2024-05-07,12133,54.87
2024-05-08,12032,53.75
2024-05-09,12138,55.12
2024-05-10,12066,55.21
2024-05-11,11808,55.17
2024-05-12,12245,55.56
2024-05-13,12338,54.38
2024-05-14,11932,55.23
2024-05-15,11951,55.46
2024-05-16,12124,53.95
2024-05-17,12077,54.97
2024-05-18,12145,54.53
2024-05-19,12335,54.71
2024-05-20,11994,54.9
2024-05-21,11920,54.46
2024-05-22,11836,54.34
2024-05-23,11913,54.66
2024-05-24,12044,54.08
2024-05-25,12316,54.05
2024-05-26,11923,54.91
2024-05-27,12078,53.97
2024-05-28,11994,54.85
2024-05-29,12178,54.72
2024-05-30,12431,53.6
2024-05-31,11944,54.1
2024-06-01,11901,55.01
2024-06-02,12183,53.89
2024-06-03,12113,54.13
2024-06-04,12263,54.56
2024-06-05,12063,54.7
2024-06-06,11945,54.16
2024-06-07,12093,53.96
2024-06-08,12118,54.94
2024-06-09,12064,55.07
2024-06-10,12034,54.67
2024-06-11,12138,54.19
2024-06-12,12173,53.72
2024-06-13,12203,53.68
2024-06-14,12056,54.34
2024-06-15,11934,54.26
2024-06-16,11953,54.72
2024-06-17,12128,54.32
2024-06-18,11876,53.22
2024-06-19,11987,54.47
2024-06-20,11921,53.42
2024-06-21,11967,53.7
2024-06-22,12135,53.99
2024-06-23,11926,54.84
2024-06-24,11873,55.37
2024-06-25,11722,54.1
2024-06-26,12055,53.68
2024-06-27,12019,54.01
2024-06-28,12235,54.16
2024-06-29,11891,53.53
2024-06-30,11914,54.56
2024-07-01,11955,53.76
2024-07-02,12145,53.86
2024-07-03,11887,53.92
2024-07-04,11946,53.78
2024-07-05,11982,53.96
2024-07-06,11952,53.21
2024-07-07,11852,53.21
2024-07-08,11959,52.91
2024-07-09,12049,53.66
2024-07-10,11722,53.8
2024-07-11,11901,53.62
2024-07-12,11743,54.2
2024-07-13,12066,53.34
2024-07-14,11638,53.65
2024-07-15,11824,52.74
2024-07-16,11943,53.07
2024-07-17,12091,53.59
2024-07-18,11839,53.64
2024-07-19,11791,53.04
2024-07-20,12148,53.13
2024-07-21,11682,52.38
2024-07-22,11537,52.93
2024-07-23,11898,53.53
2024-07-24,11762,53.35
2024-07-25,11682,53.29
2024-07-26,11950,53.04
2024-07-27,11878,52.99
2024-07-28,11770,52.63
2024-07-29,11625,53.29
2024-07-30,11952,53.12
2024-07-31,11914,53.13
2024-08-01,11824,52.6
2024-08-02,12153,51.76
2024-08-03,11631,53.36
2024-08-04,11599,52.55
2024-08-05,11730,52.33
2024-08-06,11785,53.08
2024-08-07,11852,52.52
2024-08-08,11740,53.22
2024-08-09,11837,52.97
2024-08-10,11591,52.98
2024-08-11,12044,51.93
2024-08-12,11747,53.19
2024-08-13,11947,52.69
2024-08-14,11844,52.35
2024-08-15,11845,52.58
2024-08-16,11907,51.6
2024-08-17,11831,52.67
2024-08-18,11893,51.92
2024-08-19,12000,51.74
2024-08-20,11832,51.63
2024-08-21,11840,52.92
2024-08-22,11760,52.02
2024-08-23,11932,53.08
2024-08-24,11664,52.02
2024-08-25,12061,51.41
2024-08-26,11767,51.68
2024-08-27,11497,52.83
2024-08-28,11762,52.11
2024-08-29,11648,51.89
2024-08-30,11855,52.22
2024-08-31,11620,52.36
2024-09-01,11632,52.64
2024-09-02,11405,52.78
2024-09-03,11662,51.85
2024-09-04,11388,51.35
2024-09-05,11488,51.78
2024-09-06,11820,52.09
2024-09-07,11852,51.45
2024-09-08,11795,51.43
2024-09-09,11550,52.05
2024-09-10,11695,51.83
2024-09-11,11697,51.85
2024-09-12,11541,51.43
2024-09-13,11924,51.66
2024-09-14,11845,51.29
2024-09-15,11632,52.17
2024-09-16,11663,52.22
2024-09-17,11759,50.75
2024-09-18,11396,51.19
2024-09-19,11677,50.88
2024-09-20,11588,51.27
2024-09-21,11523,51.53
2024-09-22,11663,50.82
2024-09-23,11959,51.06
2024-09-24,11785,50.99
2024-09-25,11571,51.57
2024-09-26,11743,51.48
2024-09-27,11885,51.06
2024-09-28,11788,51.48
2024-09-29,11674,51.09
2024-09-30,11559,51.2
2024-10-01,11710,52.15
2024-10-02,11670,51.96
2024-10-03,11810,50.61
2024-10-04,11715,51.65
2024-10-05,11776,51.61
2024-10-06,11585,50.61
2024-10-07,11811,51.57
2024-10-08,11623,51.9
2024-10-09,11969,50.54
2024-10-10,11548,50.62
2024-10-11,11861,51.56
2024-10-12,11647,51.16
2024-10-13,11511,51.27
2024-10-14,11539,51.14
2024-10-15,11561,51.14
2024-10-16,11714,50.25
2024-10-17,11667,51.41
2024-10-18,11498,51.45
2024-10-19,11614,50.72
2024-10-20,11932,50.79
2024-10-21,11906,50.02
2024-10-22,11659,51.01
2024-10-23,11597,51.01
2024-10-24,11623,50.67
2024-10-25,11666,51.24
2024-10-26,11456,50.48
2024-10-27,11547,50.9
2024-10-28,11374,50.08
2024-10-29,11658,50.55
2024-10-30,11697,50.45
2024-10-31,11517,50.62
2024-11-01,11839,50.3
2024-11-02,11412,50.39
2024-11-03,11351,50.84
2024-11-04,11635,50.18
2024-11-05,11787,49.57
2024-11-06,11797,51.22
2024-11-07,11484,51.01
2024-11-08,11781,49.64
2024-11-09,11563,50.6
2024-11-10,11572,49.98
2024-11-11,11710,50.33
2024-11-12,11674,50.32
2024-11-13,11353,50.03
2024-11-14,11824,49.73
2024-11-15,11806,49.74
2024-11-16,11511,49.6
2024-11-17,11661,49.62
2024-11-18,11657,49.97
2024-11-19,11637,49.62
2024-11-20,11481,50.29
2024-11-21,11442,50.66
2024-11-22,11590,49.6
2024-11-23,11750,49.98
2024-11-24,11649,50.08
2024-11-25,11512,50.04
2024-11-26,11693,49.81
2024-11-27,11134,50.11
2024-11-28,11740,49.95
2024-11-29,11350,49.07
2024-11-30,11504,50.09
2024-12-01,11390,50.07
2024-12-02,11405,49.21
2024-12-03,11754,49.58
2024-12-04,11494,49.88
2024-12-05,11639,49.4
2024-12-06,11549,50.01
2024-12-07,11595,50.63
2024-12-08,11615,49.02
2024-12-09,11426,48.7
2024-12-10,11727,49.51
2024-12-11,11494,49.69
2024-12-12,11359,49.18
2024-12-13,11487,49.99
2024-12-14,11847,48.57
2024-12-15,11700,49.55
2024-12-16,11553,48.87
2024-12-17,11496,50.0
2024-12-18,11495,50.11
2024-12-19,11924,48.7
2024-12-20,11666,48.78
2024-12-21,11639,49.45
2024-12-22,11762,48.79
2024-12-23,11636,48.93
2024-12-24,11561,48.94
2024-12-25,11621,47.93
2024-12-26,11593,48.86
2024-12-27,11617,48.49
2024-12-28,11728,48.55
2024-12-29,11580,49.49
2024-12-30,11752,48.11
2024-12-31,11580,49.11
2025-01-01,11633,48.53
2025-01-02,11323,48.5
2025-01-03,11736,49.0
2025-01-04,11664,48.75
2025-01-05,11758,48.83
2025-01-06,11166,49.0
2025-01-07,11948,48.31
2025-01-08,11623,48.14
2025-01-09,11825,47.87
2025-01-10,11498,47.97
2025-01-11,11654,49.82
2025-01-12,11450,48.94
2025-01-13,11581,47.61
2025-01-14,11964,47.59
2025-01-15,11606,48.46
2025-01-16,11668,48.46
2025-01-17,11769,48.42
2025-01-18,11735,47.99
2025-01-19,11683,48.02
2025-01-20,11707,48.21
2025-01-21,12022,48.06
2025-01-22,11713,46.87
2025-01-23,11706,47.83
2025-01-24,11852,47.49
2025-01-25,11837,47.97
2025-01-26,11783,49.34
2025-01-27,11769,47.99
2025-01-28,11522,47.62
2025-01-29,11911,48.2
2025-01-30,11509,47.95
2025-01-31,11731,47.88
2025-02-01,11572,47.94
2025-02-02,11643,48.63
2025-02-03,11785,47.0
2025-02-04,11747,47.77
2025-02-05,11801,47.03
2025-02-06,11947,47.74
2025-02-07,11813,46.97
2025-02-08,11700,47.18
2025-02-09,11882,47.21
2025-02-10,11888,47.81
2025-02-11,11531,47.74
2025-02-12,11863,46.62
2025-02-13,11851,47.24
2025-02-14,11724,46.82
2025-02-15,11993,46.51
2025-02-16,11743,46.99
2025-02-17,11791,46.91
2025-02-18,11682,48.24
2025-02-19,11765,47.21
2025-02-20,11648,46.27
2025-02-21,11580,46.63
2025-02-22,12001,47.39
2025-02-23,11612,47.89
2025-02-24,11687,46.01
2025-02-25,11525,45.83
2025-02-26,11664,47.67
2025-02-27,11603,46.89
2025-02-28,12084,46.22
2025-03-01,11959,46.89
2025-03-02,11789,45.26
2025-03-03,12169,46.54
2025-03-04,11975,46.67
2025-03-05,11770,46.93
2025-03-06,11497,45.92
2025-03-07,12193,46.43
2025-03-08,11672,45.89
2025-03-09,11610,46.44
2025-03-10,12044,45.83
2025-03-11,12250,46.03
2025-03-12,12112,45.7
2025-03-13,11953,46.48
2025-03-14,11958,46.55
2025-03-15,12030,45.96
2025-03-16,12014,46.06
2025-03-17,11986,45.27
2025-03-18,11936,45.81
2025-03-19,11911,45.89
2025-03-20,11746,47.19
2025-03-21,11916,45.28
2025-03-22,11646,46.53
2025-03-23,11903,46.26
2025-03-24,11793,45.86
2025-03-25,11745,46.56
2025-03-26,11979,45.82
2025-03-27,12166,45.79
2025-03-28,12112,45.53
2025-03-29,11713,46.13
2025-03-30,11810,46.02
2025-03-31,12149,45.12
2025-04-01,11884,44.73
2025-04-02,11976,45.25
2025-04-03,12114,44.91
2025-04-04,11874,45.24
2025-04-05,12009,45.84
2025-04-06,11842,44.95
2025-04-07,11948,45.12
2025-04-08,12090,45.13
2025-04-09,11790,45.48
2025-04-10,12179,43.89
2025-04-11,12076,44.67
2025-04-12,12148,45.03
2025-04-13,12081,45.49
2025-04-14,12301,44.6
2025-04-15,12157,43.86
2025-04-16,12018,45.07
2025-04-17,12139,44.4
2025-04-18,12223,44.08
2025-04-19,12142,44.32
2025-04-20,12137,44.49
2025-04-21,12043,44.24
2025-04-22,12096,43.39
2025-04-23,11914,44.9
2025-04-24,12385,45.05
2025-04-25,11959,44.69
2025-04-26,12093,43.75
2025-04-27,12073,44.18
2025-04-28,12318,44.23
2025-04-29,12131,44.49
2025-04-30,12368,44.48
2025-05-01,12122,43.73
2025-05-02,12252,44.09
2025-05-03,12083,44.24
2025-05-04,12513,44.69
2025-05-05,12039,44.27
2025-05-06,12269,44.27
2025-05-07,12342,43.87
2025-05-08,12284,44.48
2025-05-09,12226,43.94
2025-05-10,12274,43.26
2025-05-11,12251,44.34
2025-05-12,12248,43.94
2025-05-13,12450,43.33
2025-05-14,12646,43.26
2025-05-15,12219,43.6
2025-05-16,12101,43.64
2025-05-17,12307,43.46
2025-05-18,12712,43.47
2025-05-19,12178,44.12
2025-05-20,12568,43.76
2025-05-21,12603,43.27
2025-05-22,12258,43.6
2025-05-23,12483,42.56
2025-05-24,12614,43.23
2025-05-25,12285,43.89
2025-05-26,12370,42.83
2025-05-27,12337,42.46
2025-05-28,12275,42.51
2025-05-29,12349,42.25
2025-05-30,12263,42.35
2025-05-31,12449,42.51
2025-06-01,12362,41.94
2025-06-02,12485,42.6
2025-06-03,12203,43.0
2025-06-04,12539,42.04
2025-06-05,12561,43.21
2025-06-06,12171,42.65
2025-06-07,12521,42.86
2025-06-08,12699,41.97
2025-06-09,12304,42.68
2025-06-10,12793,41.65
2025-06-11,12563,42.6
2025-06-12,12420,42.19
2025-06-13,12516,42.33
2025-06-14,12659,41.41
2025-06-15,12588,41.5
2025-06-16,12628,42.2
2025-06-17,12456,41.37
2025-06-18,12592,42.03
2025-06-19,12409,41.06
2025-06-20,12557,42.12
2025-06-21,12498,41.03
2025-06-22,12486,41.87
2025-06-23,12788,41.85
2025-06-24,12808,41.14
2025-06-25,12712,41.73
2025-06-26,12472,41.52
2025-06-27,12617,41.06
2025-06-28,12866,40.78
2025-06-29,12737,40.25
2025-06-30,13014,41.35
2025-07-01,12781,40.34
2025-07-02,12717,41.12
2025-07-03,12659,40.89
2025-07-04,12710,41.31
2025-07-05,12700,40.76
2025-07-06,12837,40.7
2025-07-07,12856,41.17
2025-07-08,12613,40.92
2025-07-09,12539,40.86
2025-07-10,12468,40.88
2025-07-11,12877,39.82
2025-07-12,12586,40.92
2025-07-13,12441,40.79
2025-07-14,12870,39.92
2025-07-15,13175,40.25
2025-07-16,12803,40.3
2025-07-17,12940,40.2
2025-07-18,12822,40.38
2025-07-19,12776,40.87
2025-07-20,12945,40.64
2025-07-21,12831,39.39
2025-07-22,12874,40.3
2025-07-23,12873,40.6
2025-07-24,12756,40.08
2025-07-25,12995,40.37
2025-07-26,12804,40.78
2025-07-27,12750,40.23
2025-07-28,12971,39.79
2025-07-29,12743,40.13
2025-07-30,12913,39.62
2025-07-31,12918,39.5
2025-08-01,13099,39.26
2025-08-02,12967,40.16
2025-08-03,12959,38.91
2025-08-04,13035,40.03
2025-08-05,13154,39.46
2025-08-06,13084,38.45
2025-08-07,12965,39.28
2025-08-08,12836,37.99
2025-08-09,12813,39.29
2025-08-10,12928,39.37
2025-08-11,12926,38.57
2025-08-12,12979,38.87
2025-08-13,12978,39.73
2025-08-14,13117,38.44
2025-08-15,13049,38.11
2025-08-16,13076,39.32
2025-08-17,13008,39.5
2025-08-18,12758,38.46
2025-08-19,12896,38.91
2025-08-20,13014,39.01
2025-08-21,12914,37.91
2025-08-22,13186,37.98
2025-08-23,13290,38.78
2025-08-24,13239,38.95
2025-08-25,13059,38.33
2025-08-26,13358,37.55
2025-08-27,13092,38.92
2025-08-28,13089,37.61
2025-08-29,13050,37.64
2025-08-30,13086,37.92
2025-08-31,13050,38.47
2025-09-01,13158,38.06
2025-09-02,13175,37.78
2025-09-03,13157,37.74
2025-09-04,13239,37.47
2025-09-05,13346,37.67
2025-09-06,13394,36.07
2025-09-07,12980,37.12
2025-09-08,12813,37.33
2025-09-09,13377,36.57
2025-09-10,13000,37.28
2025-09-11,13193,36.92
2025-09-12,13009,37.84
2025-09-13,12925,37.69
2025-09-14,13334,36.61
2025-09-15,13365,36.71
2025-09-16,13169,36.68
2025-09-17,12883,36.43
2025-09-18,13180,36.69
2025-09-19,13351,36.15
2025-09-20,13086,35.91
2025-09-21,13297,36.72
2025-09-22,13274,36.66
2025-09-23,13405,35.88
2025-09-24,13300,36.67
2025-09-25,13180,35.84
2025-09-26,13489,36.22
2025-09-27,13278,36.44
2025-09-28,13325,35.95
2025-09-29,13183,36.14
2025-09-30,13286,35.59
2025-10-01,13218,35.68
2025-10-02,13331,35.62
2025-10-03,13633,35.28
2025-10-04,13162,35.5
2025-10-05,13165,34.75
2025-10-06,13607,35.22
2025-10-07,13356,35.26
2025-10-08,13292,35.21
2025-10-09,13553,35.15
2025-10-10,13307,35.18
2025-10-11,13664,35.38
2025-10-12,13487,35.52
2025-10-13,13356,34.69
2025-10-14,13772,34.35
2025-10-15,13359,34.36
2025-10-16,13552,34.58
2025-10-17,13487,34.58
2025-10-18,13653,34.31
2025-10-19,13711,33.98
2025-10-20,13465,34.33
2025-10-21,13337,34.59
2025-10-22,13513,34.73
2025-10-23,13376,34.08
2025-10-24,13781,34.09
2025-10-25,13517,33.77
2025-10-26,13424,34.15
2025-10-27,13532,33.68
2025-10-28,13272,34.32
2025-10-29,13392,33.08
2025-10-30,13686,33.72
2025-10-31,13396,33.99
