Household_ID,Annual_Income_Lakhs,Annual_Expenditure_Lakhs
3196,17.15,
775,24.73,20.4
1348,13.65,11.64
3461,11.16,8.44
3943,6.19,6.16
1524,6.64,6.11
3848,18.62,14.77
150,11.24,11.24
3311,22.79,16.94
2271,6.71,5.33
1672,26.83,17.42
4568,9.74,8.92
1729,25.16,20.84
1771,15.95,12.81
488,11.31,7.85
97,17.59,12.13
4250,29.2,17.82
4620,26.33,18.26
1268,16.48,11.68
130,17.28,10.74
1408,24.95,16.28
844,28.99,17.89
41,7.17,12.12
2064,15.94,12.77
4778,12.0,7.66
2254,25.56,16.29
71,24.08,13.97
3167,28.1,13.7
4261,6.99,5.37
3376,24.23,18.06
520,7.91,10.18
4139,21.29,12.96
1614,12.43,6.73
2507,,12.86
57,6.3,8.92
3298,5.93,3.97
61,14.11,10.29
1657,18.4,12.82
3654,8.44,5.95
490,27.15,13.42
866,18.55,13.88
3478,17.93,11.92
2768,10.29,7.64
4892,5.45,7.2
2614,23.26,12.77
2927,24.97,15.29
1508,17.87,9.8
3619,24.69,13.32
330,10.44,
2981,15.38,11.74
3531,11.24,6.46
3131,24.93,13.74
83,12.6,8.21
2496,16.8,11.23
3265,24.61,16.54
248,29.13,18.41
3384,10.75,9.69
4849,23.85,11.81
3130,25.8,15.0
1590,22.66,
2116,7.95,8.72
1563,24.29,14.99
1835,25.11,17.12
4353,14.77,12.21
4625,28.57,20.43
2,,13.99
65,,3.85
3933,20.19,18.69
1789,5.73,5.39
2788,9.12,10.73
1025,28.55,16.51
3287,14.08,10.54
3649,19.52,11.71
2096,24.61,12.99
1665,29.8,16.6
116,26.66,17.97
4683,28.49,20.01
2290,9.1,6.85
4127,21.67,14.48
321,18.28,13.92
2197,15.97,11.36
4188,19.04,13.48
280,24.69,17.6
2419,4.8,6.76
4487,4.66,1.86
619,24.96,14.3
4091,23.09,17.74
2465,20.14,13.43
987,21.9,
3371,9.69,8.23
2003,27.56,18.55
1626,21.94,15.81
2847,24.48,13.98
1711,7.95,6.64
290,19.36,15.59
2731,23.43,16.05
3204,26.33,17.84
1595,22.83,13.16
2574,16.39,10.25
544,21.46,11.43
4868,7.86,8.2
3116,26.81,
886,8.64,8.69
2466,9.23,8.13
2553,25.01,14.41
3420,4.37,6.1
4659,8.92,6.71
2498,26.51,18.03
3996,15.49,15.38
762,12.1,10.2
1417,5.02,2.01
535,23.99,14.87
536,28.56,19.57
3429,26.48,17.44
481,20.36,15.96
3674,6.9,4.35
4262,26.97,15.89
3080,28.56,15.28
3519,5.85,4.63
4016,10.76,12.3
3245,22.26,11.02
1503,4.67,6.43
3881,17.06,11.0
401,6.68,9.68
4113,5.8,4.72
1728,29.91,21.35
4719,15.32,15.07
2775,18.21,14.4
2850,,9.01
3349,12.16,3.87
904,19.16,13.99
947,7.56,7.07
397,26.32,13.26
4875,11.8,8.51
941,11.13,7.08
1624,28.9,19.64
4555,15.92,12.22
2780,9.44,9.65
2563,5.31,7.34
2242,4.9,8.71
4373,5.33,6.99
3407,26.31,15.35
327,,10.61
1149,26.12,13.59
3247,17.0,11.34
2859,4.94,3.51
2344,13.22,8.66
1984,16.56,10.06
3026,13.72,9.91
3363,22.0,15.42
3057,19.69,13.32
1910,7.87,5.98
4668,25.81,15.31
3370,22.06,13.27
326,23.19,11.66
4660,22.73,13.63
4722,5.42,8.48
262,29.74,17.11
4738,,6.8
3568,21.35,13.34
4827,21.97,14.68
203,8.2,4.28
1360,19.4,12.61
496,13.19,9.26
1857,23.63,16.42
2824,9.77,8.62
3409,10.28,6.51
1716,29.87,18.85
711,23.77,15.65
2107,26.29,14.54
3916,14.27,8.76
2331,,8.22
1044,20.27,16.59
2073,9.33,8.49
4208,18.08,11.44
187,25.25,15.06
3843,16.37,11.85
4046,15.11,10.18
3884,9.73,9.95
4498,7.46,7.52
4735,15.19,11.23
276,17.04,11.0
974,9.59,8.15
2024,5.36,5.67
2633,4.11,5.05
4101,20.42,11.13
286,4.93,5.97
2776,15.25,10.74
1967,8.8,10.35
3724,8.83,8.51
2997,8.09,6.18
1375,10.43,5.52
4090,5.17,8.05
1875,23.05,13.71
2595,7.71,5.03
274,27.74,18.76
3667,25.82,16.02
1855,27.89,23.42
1934,19.69,11.57
4953,14.45,8.43
3618,25.97,16.4
3570,26.42,
4854,12.91,6.33
349,13.74,10.97
657,11.38,9.52
4437,13.1,11.16
1323,26.67,19.31
1566,15.02,6.2
2262,19.65,16.67
1989,15.36,9.21
4274,16.41,11.96
66,18.11,11.33
2779,15.58,12.09
3042,29.24,17.37
4836,6.27,8.01
2006,23.74,17.66
1738,9.06,6.59
2699,24.12,13.79
3565,15.92,11.63
3777,25.35,15.9
4134,20.48,14.04
4052,21.92,16.19
4628,17.02,8.76
4829,12.07,8.46
1047,10.06,8.38
3397,25.46,16.54
4960,23.48,15.8
4646,23.29,11.46
4901,4.16,4.66
1289,4.86,8.43
429,13.12,6.58
949,26.72,15.72
4245,14.72,11.6
670,11.41,5.14
3223,6.17,4.56
655,15.22,10.37
4469,28.68,18.01
3880,10.02,9.54
4754,17.23,
4194,22.99,14.92
2147,15.94,11.74
4263,14.79,9.91
2955,27.95,16.57
427,15.48,9.8
4449,12.69,10.19
2878,9.32,6.65
4945,24.64,16.66
4938,18.79,11.67
4757,4.26,4.65
3225,8.31,10.49
1986,6.1,6.15
1103,26.98,18.83
3997,12.69,12.17
1854,26.01,16.61
139,13.45,11.04
2094,17.61,12.31
4144,25.62,17.01
4012,14.19,7.8
2296,4.2,4.9
3544,,8.47
3050,10.87,10.21
2285,7.64,4.14
2995,7.42,
117,24.9,17.92
1526,10.68,8.82
4372,14.05,8.7
3536,7.37,6.91
1808,8.82,5.59
2347,21.65,17.01
1558,14.69,13.46
2019,4.57,3.55
3912,11.07,9.56
1252,16.52,10.52
230,20.41,13.44
4404,13.31,10.42
4173,15.55,9.45
3307,13.69,6.58
4669,21.45,13.47
2785,26.2,15.46
4819,27.09,19.15
522,13.9,12.24
2370,,17.31
2735,28.51,18.24
1290,,6.73
184,26.81,15.27
2311,17.19,16.7
417,11.62,9.96
68,24.86,
809,15.72,13.13
14,9.52,6.64
1662,17.41,13.82
1821,9.35,5.87
4228,20.67,13.66
306,29.37,22.61
379,25.18,16.31
3400,18.99,13.69
2127,20.5,15.34
2616,6.65,8.16
3452,21.54,13.73
2650,15.9,9.13
4627,12.62,10.24
1482,7.13,6.26
264,17.48,10.98
3357,22.1,
685,28.16,16.79
4177,19.15,12.61
4941,12.89,11.35
2380,24.76,16.1
4777,4.02,5.65
4919,23.76,16.1
759,27.24,15.7
2117,15.45,15.75
3097,29.4,14.56
4715,17.33,11.39
2062,17.33,11.04
282,12.79,11.65
3098,6.65,4.75
145,11.41,10.32
3551,24.9,15.11
3270,21.9,13.87
4171,8.6,4.07
442,29.65,19.17
2940,5.1,5.23
2889,25.08,17.09
112,8.19,7.36
3868,21.57,10.9
4411,6.0,6.57
1496,21.37,16.39
4626,21.75,15.41
2111,7.66,
4495,23.11,15.49
1409,19.22,14.18
3659,19.99,13.26
3082,26.96,17.39
2225,4.32,6.92
3651,24.01,14.34
1041,18.03,12.93
4323,21.48,10.32
1533,22.62,14.64
4902,16.58,11.1
1435,7.63,11.33
1052,17.75,13.28
1405,21.26,13.7
2991,8.66,7.71
514,26.52,17.6
1125,21.04,14.13
2395,27.14,18.67
1591,22.0,16.97
2302,18.87,14.55
4474,13.24,10.31
458,16.19,13.1
1992,8.13,2.81
6,8.06,
2001,10.8,8.44
769,12.89,8.5
849,17.06,11.4
4276,19.13,9.33
3687,28.16,15.1
2192,27.59,17.74
2118,20.0,14.58
4630,17.27,12.74
1735,7.4,6.89
1135,21.76,14.54
2243,19.15,12.92
3494,26.96,17.85
3495,21.14,12.73
3601,7.67,8.15
2086,16.94,9.11
2990,26.43,18.57
2436,14.13,10.39
3956,26.58,16.9
2934,18.16,10.87
4013,22.13,17.1
3112,10.29,8.75
78,5.93,5.6
1689,19.76,12.04
2598,16.91,9.96
2764,15.64,9.01
1907,28.91,16.74
1274,,6.17
3078,6.75,6.31
62,11.06,9.43
3845,,7.2
4624,21.95,14.6
2612,4.1,3.41
4851,29.51,18.85
3650,29.99,20.09
2037,6.97,6.76
3374,21.21,16.94
1999,5.48,3.14
2985,18.21,12.55
4629,20.79,12.64
4266,15.49,8.21
3322,5.73,8.1
309,24.67,18.01
3238,,17.12
736,26.81,19.23
4943,26.06,19.96
2233,27.48,18.22
2402,5.86,5.43
3180,21.81,12.98
3033,23.52,17.87
1813,10.89,8.14
1865,29.6,14.63
751,7.04,8.08
3987,6.48,6.63
3491,6.2,6.74
4336,5.42,6.89
3214,22.04,10.9
1280,16.97,11.86
4354,28.91,20.25
4304,19.25,
611,5.02,6.83
4367,6.08,4.69
1074,4.46,4.03
1171,20.04,13.45
1028,25.96,19.39
3463,20.53,12.4
4425,12.2,10.23
4518,27.31,20.38
3976,27.51,16.81
3796,21.13,15.06
1572,8.37,7.57
74,25.2,15.32
1797,22.62,13.81
4758,24.23,13.7
1120,7.37,8.44
2486,29.51,21.43
2171,21.84,15.38
4130,4.03,5.93
4928,,5.49
325,28.83,18.88
3005,18.87,
2460,,8.98
4408,7.71,9.05
4621,26.29,18.63
4272,28.82,16.59
2172,5.81,4.12
2235,21.36,13.97
1391,10.14,8.54
1378,17.39,13.03
3709,11.32,10.71
2868,23.73,13.2
939,7.06,8.17
2203,14.99,11.81
1926,6.42,4.77
132,9.77,7.62
3483,11.2,5.43
2462,26.89,18.2
1039,5.7,3.48
3954,7.52,5.65
1427,4.13,3.89
3499,9.11,10.69
4534,11.97,8.04
3837,28.25,17.63
612,24.78,14.39
1683,,16.95
4930,27.9,
2090,13.89,9.38
660,,14.55
4607,26.0,16.02
1273,24.28,16.5
2452,29.13,17.32
703,12.75,10.66
1970,4.68,4.92
2438,12.85,9.7
3595,16.73,10.93
4773,10.1,10.05
2715,4.04,2.43
1734,15.08,10.83
1351,26.54,14.41
2089,25.37,13.52
2056,21.39,12.08
181,12.87,11.3
422,24.53,18.14
291,4.79,4.04
3891,23.56,16.61
4581,28.3,17.17
3931,28.4,23.28
1670,25.25,19.57
795,4.47,3.54
750,20.23,14.06
3302,29.93,17.8
2046,22.79,15.11
2936,8.35,5.77
2011,4.87,3.89
803,18.98,15.83
3016,12.69,12.73
2072,17.5,14.1
102,20.55,14.34
4599,14.54,9.92
3334,9.07,6.22
3303,18.54,13.95
1322,8.15,7.73
529,5.47,6.09
2238,8.82,8.93
1795,5.08,6.34
1175,20.48,16.78
3754,21.97,17.2
4501,19.58,12.84
4739,13.75,8.04
2793,18.81,13.95
1373,26.21,15.74
4399,8.42,7.29
2185,20.98,16.15
4538,20.0,11.07
440,6.12,6.18
2677,13.56,7.37
1122,28.85,15.95
3115,9.18,7.06
528,11.11,9.31
3006,25.65,18.23
2848,10.53,9.53
1218,21.69,12.4
2755,27.85,19.61
250,26.18,17.37
1660,15.63,10.91
2459,16.71,12.29
3742,25.25,19.17
1169,4.17,3.93
1454,18.84,14.31
4877,19.62,14.17
1826,17.79,12.14
1211,15.08,11.73
4750,24.86,16.54
1099,24.27,16.75
733,21.3,15.69
3824,12.53,9.34
16,8.77,6.89
668,8.18,5.49
848,29.92,18.65
1948,7.83,6.18
1000,15.6,
4917,12.52,6.5
2551,13.07,11.41
4812,26.2,16.24
4780,,8.39
159,10.18,5.4
897,11.62,11.32
4613,16.64,
455,6.89,4.67
915,18.35,14.16
4775,12.77,10.68
3886,28.29,17.66
2615,12.22,9.03
2169,21.58,16.24
423,6.37,4.93
2971,13.89,8.91
2803,28.54,16.39
4569,,6.68
1158,26.9,17.42
4936,13.14,7.52
390,24.98,14.16
2338,13.6,10.08
4803,27.65,21.4
3048,13.01,9.55
1584,16.92,10.7
735,13.33,11.08
4409,13.94,7.45
1678,,10.19
2143,22.47,14.69
2146,25.36,13.66
714,14.71,14.47
2849,18.67,12.61
1387,24.11,16.62
4317,22.77,14.44
2588,21.75,13.02
2319,14.97,13.28
3734,17.04,10.54
4371,9.26,8.03
4572,21.55,15.21
1602,12.41,8.97
1327,8.74,4.9
1882,26.71,19.34
2035,,16.38
3305,9.72,7.64
3140,5.78,7.92
3135,9.21,9.01
3102,23.46,12.66
2216,11.92,7.41
3709,11.32,10.71
2636,21.33,12.42
709,10.62,7.89
767,23.82,17.32
2163,13.16,8.13
527,14.79,10.83
983,6.77,7.03
1292,7.45,6.14
1825,20.74,15.04
1643,17.54,14.25
512,14.87,11.21
4879,13.43,
3222,8.2,4.6
3027,28.56,18.1
4217,5.08,
1705,,9.89
2258,15.19,10.21
197,22.87,16.69
4872,7.44,7.83
595,27.32,17.91
2005,11.07,7.51
932,25.71,17.06
2252,27.65,19.43
1374,16.8,11.27
4798,24.36,13.23
4497,16.69,11.64
3780,27.36,20.14
2683,4.38,3.73
741,16.03,13.96
2433,29.58,18.46
4704,19.48,9.67
2689,16.81,8.93
1909,,9.81
854,27.35,15.27
1567,21.36,13.84
4195,20.1,11.92
3034,6.64,6.19
3867,14.74,13.56
4893,19.86,14.69
1253,7.05,3.05
3547,6.15,6.33
1609,10.08,6.29
2021,29.05,18.54
1238,16.3,11.5
2765,7.49,5.88
3405,23.45,13.92
622,9.44,8.09
1812,23.87,13.19
4716,12.34,12.25
3522,16.2,9.34
2153,22.51,15.01
1906,9.26,5.81
3243,18.06,12.51
4554,27.04,18.71
3454,13.7,6.73
1791,7.9,8.69
4361,,4.25
648,21.66,12.47
2108,27.56,16.11
4848,7.67,5.44
3543,7.82,6.19
1955,29.96,16.15
4141,12.91,8.65
3124,15.93,9.57
4679,,12.99
2602,5.41,5.16
3819,25.34,18.8
2114,27.24,
2962,12.98,8.8
607,9.36,8.39
2992,24.8,16.12
3315,9.66,7.66
758,17.87,11.48
994,19.35,14.12
3489,4.83,5.23
4033,6.11,6.01
4473,9.42,6.64
1355,16.65,11.8
4169,12.19,7.47
1510,23.89,15.84
3821,13.12,7.87
4416,16.73,10.1
58,9.1,8.15
2167,20.49,14.73
3321,18.26,13.24
1700,18.29,11.55
1016,28.06,19.84
2440,8.01,4.32
4737,17.32,12.79
2437,14.02,11.84
719,7.23,9.14
2049,18.13,13.44
3525,8.35,6.51
4618,26.76,19.31
2983,22.33,11.12
2355,22.82,13.38
1957,20.71,13.96
1497,20.11,14.17
3800,,12.57
3523,10.98,12.34
37,11.92,10.08
4201,26.1,14.25
2267,,13.05
2212,24.93,14.64
4430,24.74,14.46
1470,24.34,14.95
3211,8.17,5.42
785,8.72,7.68
3350,10.28,7.0
4521,26.4,17.85
2174,26.25,15.08
2957,22.95,15.05
3001,21.49,16.66
829,23.18,15.27
2939,28.76,18.65
1714,15.95,9.82
4782,,7.95
4639,23.55,15.76
1968,13.42,8.26
3275,25.74,15.59
4463,29.91,21.38
3197,28.47,17.21
3274,17.93,13.37
1888,10.41,10.68
2404,12.09,9.29
3010,5.35,7.55
2276,19.62,
4566,27.33,16.02
142,10.55,4.86
345,14.36,9.57
1271,22.07,14.32
4579,29.39,18.24
3118,4.36,6.13
1732,20.22,18.71
1866,28.37,17.45
3432,29.76,15.43
4801,7.22,6.71
477,5.92,5.12
140,29.27,17.34
1451,16.93,11.99
720,23.0,14.64
4333,15.44,8.97
833,7.66,2.54
3044,14.49,9.47
3,23.03,14.43
1198,29.19,17.37
1680,,11.43
1189,11.83,9.79
2579,13.3,9.19
827,13.0,11.51
4839,5.04,3.95
2305,28.23,18.99
1749,23.77,15.7
4834,8.05,4.45
563,7.55,6.26
4741,22.69,11.94
1478,23.82,13.48
1141,25.44,16.64
935,8.46,
1555,9.93,7.73
2131,8.22,7.35
1676,11.92,8.47
4260,14.42,12.66
413,28.72,19.02
222,18.78,9.52
2157,7.69,7.15
3999,17.78,8.73
3878,26.86,17.7
4720,27.94,15.35
340,6.54,3.38
416,15.66,10.53
567,14.2,11.49
3273,22.81,15.07
4996,27.33,21.57
1913,29.9,16.46
1162,7.35,6.68
1506,,13.59
1006,21.13,11.72
3810,5.37,6.03
60,12.46,9.3
4755,26.4,21.24
3779,21.08,13.79
2789,28.74,21.33
4942,15.28,10.21
2532,25.54,12.26
3153,22.34,16.0
210,8.18,9.03
1439,9.25,6.53
3114,6.38,2.9
3121,11.04,7.29
4116,,9.06
3393,27.09,17.84
2294,17.43,13.83
1669,7.03,7.55
4435,5.89,3.28
1473,26.84,15.99
1241,26.58,16.76
359,28.45,17.38
1612,20.92,15.16
1437,12.01,10.2
1078,21.67,15.14
2002,10.42,5.45
3125,23.05,14.49
4896,6.1,3.42
2134,17.71,10.85
4882,16.2,10.24
1637,14.38,7.98
2998,12.05,6.79
2291,19.88,13.1
1476,21.36,10.69
3438,,13.95
4533,10.42,9.09
2969,28.62,14.45
880,9.77,7.54
511,19.95,15.54
3323,23.93,15.4
1090,10.02,10.27
2841,14.2,10.42
4095,12.63,6.65
1663,27.9,18.6
3194,12.5,10.3
2373,22.0,16.59
2251,6.44,4.83
3012,11.48,7.61
1398,10.47,9.64
2343,6.08,4.78
1635,28.11,16.76
4852,13.92,9.66
3653,,19.14
1816,,17.94
310,11.04,8.95
4078,11.17,10.41
3739,,16.44
2662,26.88,18.05
600,5.06,8.79
1859,25.89,17.27
174,9.89,7.27
3186,17.92,13.48
804,19.77,12.86
1131,,16.14
2860,8.56,5.57
3757,8.8,8.14
3455,28.48,20.67
1403,4.95,4.63
680,26.5,20.18
706,29.74,18.79
1181,29.04,18.01
518,25.07,17.48
2594,17.52,13.61
3085,,15.29
4324,16.51,11.23
893,25.59,13.13
2339,7.15,6.63
996,6.38,8.22
4593,17.12,14.19
2228,19.56,14.05
2833,7.08,4.42
3141,13.65,8.6
1392,5.91,7.9
2578,19.69,13.94
1755,29.37,17.94
4442,25.6,18.82
1608,24.81,18.54
995,13.39,9.87
3894,15.14,9.34
2478,24.55,15.59
4492,22.07,15.97
252,14.01,5.84
115,20.47,16.39
4656,8.38,8.99
2794,10.75,9.33
4270,28.45,19.3
4049,26.11,19.04
2414,4.72,4.67
1947,15.45,6.92
168,8.85,7.78
2061,5.62,3.89
3047,14.99,10.7
2112,9.25,9.13
2336,13.98,9.86
1426,29.09,17.95
378,4.61,4.43
3262,17.2,10.44
1848,9.13,7.69
885,24.8,16.29
1048,4.63,9.35
3890,14.48,11.81
4040,,12.06
3895,23.02,16.43
3360,,13.2
4368,15.49,10.54
2622,27.19,20.1
2227,11.83,8.72
3456,,7.35
4795,11.75,9.34
4193,17.0,9.09
641,4.52,4.98
1445,26.57,
1005,24.97,14.9
120,18.02,12.92
929,20.47,19.3
2079,29.61,19.23
2698,12.11,9.09
1166,25.27,16.48
1449,28.56,16.95
3842,4.85,9.86
3174,8.17,6.21
3707,23.22,13.47
361,14.09,8.5
92,22.54,9.79
4807,6.02,2.3
1494,5.9,4.64
1432,17.41,11.95
4648,10.56,7.93
1894,9.3,6.86
1842,15.23,14.66
1254,7.25,5.72
40,15.44,13.95
1645,6.32,4.81
2240,10.23,7.58
1982,24.87,16.33
2538,7.71,7.27
4987,22.93,13.3
1124,,15.91
967,22.7,15.46
3071,22.37,16.38
4340,9.62,10.27
2973,24.44,17.87
242,28.8,17.29
75,22.38,13.94
2892,22.03,14.82
375,5.85,3.69
2029,10.67,10.12
454,27.57,15.22
1781,5.0,3.87
1440,21.51,13.21
3903,,20.65
2044,6.98,5.32
216,10.17,7.23
4695,15.46,13.3
3991,6.17,5.58
601,8.39,3.84
3898,25.66,15.96
2015,17.84,12.09
4609,,15.98
2634,8.34,9.17
4319,14.54,9.56
591,7.61,7.59
3019,5.78,7.69
4553,8.0,
2142,18.06,12.67
1664,16.92,12.2
1046,20.01,13.63
3692,17.64,13.47
4139,21.29,12.96
1553,25.3,17.19
2115,21.01,14.19
4686,14.22,12.05
10,22.41,13.32
4452,19.04,12.35
4100,4.72,4.77
2139,8.87,10.17
2672,14.27,14.3
1615,12.66,9.6
4187,7.34,6.21
2119,6.17,5.98
1804,,9.6
872,11.04,7.12
157,21.48,14.07
755,7.62,7.61
3634,13.13,7.2
3592,8.56,6.42
3011,18.27,9.91
3188,13.2,12.12
1001,8.81,7.5
1859,25.89,17.27
1058,14.45,8.92
1022,11.73,9.51
2653,13.62,6.68
3392,27.35,
1778,15.38,
2834,11.51,10.31
1931,19.08,13.64
3826,6.2,2.81
3176,8.83,6.7
4147,6.69,6.97
123,12.27,7.46
4784,11.58,8.19
1243,24.04,17.6
2663,9.61,7.68
903,8.72,9.39
1785,21.14,10.15
1943,24.41,13.26
4985,18.32,10.14
3747,21.25,13.77
2210,27.68,16.13
3092,28.9,16.63
2126,21.37,16.23
1425,29.65,21.26
797,28.24,15.57
4475,21.4,14.15
2099,24.75,17.83
4860,27.07,15.31
2253,21.4,9.39
856,8.96,3.92
565,13.12,10.96
640,13.81,8.32
2236,19.42,11.0
201,20.69,14.57
4995,5.78,3.9
1273,24.28,16.5
2190,21.29,13.22
4847,28.64,19.48
1042,24.56,15.74
3524,6.63,4.59
2898,11.34,8.27
4007,13.39,11.62
4265,21.15,15.24
1577,4.61,2.81
4992,18.91,11.13
315,25.74,15.15
710,21.72,15.57
909,10.75,3.69
2133,18.55,15.78
1617,29.85,18.86
4652,22.65,15.2
4032,11.04,7.65
2954,16.0,10.33
3698,21.36,10.96
3701,19.9,12.65
238,4.63,4.43
1063,23.98,17.01
4548,20.88,12.68
647,19.43,12.36
3129,28.74,20.48
1354,22.86,14.77
1937,,7.09
3804,29.57,17.31
1377,15.58,10.72
1966,19.28,7.89
1530,18.02,13.1
3787,19.0,13.62
1800,,3.09
3184,10.5,
4275,19.65,15.98
1920,14.73,12.81
2329,20.55,13.15
1745,14.82,12.91
953,8.56,5.29
4282,23.09,16.01
2819,4.24,6.3
502,17.94,13.59
1244,25.96,13.26
3390,21.34,15.54
560,20.13,11.14
3076,,15.55
411,12.3,8.82
399,23.52,17.13
677,6.91,6.27
2625,13.81,12.75
2605,,1.86
342,16.31,13.22
1485,12.44,11.08
4689,,10.09
1475,12.5,8.69
136,12.4,5.71
1287,6.28,7.04
1838,12.79,10.79
2488,26.45,16.21
2684,13.86,6.43
3284,26.95,15.3
2215,22.89,14.81
1710,20.91,14.15
3655,4.79,
1928,16.51,10.88
4234,27.69,19.75
1527,11.41,8.19
4308,20.38,14.93
4009,21.67,11.87
1654,13.36,6.71
172,4.43,2.18
906,27.21,16.51
1350,5.04,6.1
589,7.33,6.83
312,6.04,3.86
1709,20.11,13.24
2908,9.88,6.15
1023,28.03,16.74
4546,25.11,14.54
1414,5.48,7.13
3071,22.37,16.38
1472,23.2,16.84
4759,15.98,14.15
2514,17.27,10.19
4908,9.35,8.85
2173,8.55,6.83
1404,23.15,18.25
2078,,
3623,9.67,8.47
2730,16.59,
2786,10.29,
653,19.26,13.08
3036,11.18,10.46
965,11.51,7.93
4313,7.23,6.69
1340,4.8,6.32
2051,,9.46
206,4.24,4.66
3285,16.12,11.26
2042,18.59,13.43
109,9.95,6.64
4932,12.9,9.05
2531,21.6,14.61
1210,29.93,17.42
1576,6.49,7.2
3549,11.86,8.55
3236,10.09,6.31
2660,21.09,14.21
317,14.63,10.38
1960,24.43,11.39
3216,7.06,4.99
672,,16.6
2867,17.43,11.41
4002,24.94,17.02
4574,23.71,15.96
4097,4.36,4.74
4044,,12.04
3219,22.69,15.47
1925,24.65,14.87
2278,17.16,14.41
692,15.06,12.29
414,18.91,14.19
760,24.5,13.38
4314,,19.78
39,21.79,16.94
609,17.09,14.41
4944,13.44,10.67
4047,,
4483,18.39,13.72
4092,12.87,10.99
1484,4.15,5.96
4567,10.66,7.28
2524,13.33,11.29
3813,9.89,8.04
3765,16.81,14.58
5000,19.53,16.56
3537,10.67,11.82
4793,5.57,
1544,10.67,9.71
1534,11.09,11.54
3068,29.09,21.1
4121,11.63,6.19
912,10.97,8.8
4788,27.54,17.23
3300,24.9,15.4
3809,5.31,5.46
3722,25.7,17.83
1246,20.28,14.04
952,21.29,13.99
4697,17.14,12.85
1379,13.34,10.24
2843,27.88,19.07
146,4.96,5.37
748,18.13,11.6
1775,24.46,16.76
992,22.06,16.65
4826,8.16,7.32
4597,23.38,15.95
265,26.81,18.14
3706,27.01,
3816,19.02,17.13
1279,7.7,9.95
3261,9.31,9.09
1399,20.05,11.63
1188,5.76,5.85
1631,23.66,14.89
1183,20.45,14.99
1306,26.65,14.35
786,27.62,16.81
3168,6.74,6.84
2758,27.14,15.95
4165,19.79,13.31
2482,26.8,17.49
3871,14.28,10.63
926,4.58,4.96
4360,,6.48
2676,11.47,13.07
3542,25.03,15.71
3960,5.02,3.24
1446,8.61,4.51
3766,11.8,8.9
3874,25.51,16.8
50,8.81,6.5
870,28.6,14.78
2569,24.89,18.98
890,10.32,6.04
624,16.6,10.6
853,9.46,
1225,14.91,9.8
4069,21.52,13.82
4961,18.19,10.75
2526,11.25,7.82
4514,20.27,14.97
4603,,17.81
2544,19.95,17.97
2846,13.29,7.77
4075,21.75,13.14
4164,13.88,6.57
3028,20.69,15.36
1116,19.08,13.03
3132,25.4,18.59
1315,15.76,
4480,18.97,14.63
3226,27.16,17.23
2722,24.36,11.03
4168,6.47,6.8
539,15.71,8.99
2966,22.23,14.08
2050,6.12,6.42
338,22.3,
4055,24.27,16.44
2301,24.87,18.58
1411,9.35,7.95
1903,23.79,16.88
4429,8.65,6.57
1471,18.74,11.43
1444,15.54,11.09
863,17.63,11.73
1195,5.19,6.22
761,7.94,8.07
4406,21.79,15.05
3208,23.46,14.07
1176,18.04,11.36
1973,11.1,8.18
4736,7.1,7.21
240,8.6,6.32
487,,5.53
2556,28.83,20.49
2458,20.28,11.07
3658,17.28,12.46
4519,9.1,6.16
3939,8.44,4.77
526,16.19,12.15
3829,25.86,18.33
2770,21.67,16.99
1073,5.09,5.44
3119,10.46,11.02
1160,4.76,6.02
852,23.5,15.9
4303,23.63,14.23
1320,5.57,4.16
1335,29.34,15.99
4413,21.43,18.24
2045,26.36,15.57
1069,13.22,12.65
3870,5.82,5.38
3210,19.87,14.76
3599,13.68,11.12
1093,19.8,14.68
2713,13.05,8.7
126,15.1,11.34
1299,20.55,13.62
3139,17.56,12.77
3375,25.19,14.68
4131,11.07,7.48
2495,17.29,9.59
4573,10.22,7.34
4587,14.23,12.15
582,29.48,22.45
371,6.62,7.03
3146,13.58,6.57
1079,9.67,7.72
1294,21.93,18.28
3840,21.78,16.31
818,14.37,11.71
1184,28.23,16.8
2272,14.0,7.85
3266,5.8,8.37
2977,25.81,19.85
2742,9.86,7.83
4427,10.16,11.02
1276,6.73,5.29
3761,7.12,5.23
4710,20.87,14.99
2857,9.74,7.35
482,22.09,16.35
4029,,18.13
2138,23.02,17.57
4964,23.46,14.03
677,6.91,6.27
2326,28.83,20.1
1674,24.95,11.63
1759,6.85,6.22
4031,21.45,13.12
4059,27.14,17.37
3004,20.25,15.59
367,28.99,18.09
3704,26.05,15.83
2075,26.87,21.2
3297,20.86,12.29
4267,20.85,12.03
3541,9.47,6.7
2656,14.83,9.56
1481,25.26,18.06
918,28.66,18.01
170,19.36,11.75
4667,6.74,1.69
805,15.03,11.01
3656,9.32,5.73
2654,5.36,7.84
1726,5.62,6.88
4508,4.62,5.64
4112,17.01,10.97
2418,5.01,2.56
1221,28.72,18.13
2474,22.78,13.8
1951,6.3,3.45
2827,22.95,18.09
121,24.99,14.53
2667,7.55,5.24
1916,22.77,14.09
2214,29.03,19.28
374,21.76,16.28
1096,8.59,5.99
2306,,11.53
3732,29.17,18.02
2025,14.89,12.22
4916,27.83,
4491,10.79,
4817,27.64,18.0
2150,25.53,16.71
2268,22.27,13.56
266,,10.15
2445,15.45,10.95
3637,27.94,16.86
3676,11.31,11.41
4702,5.91,6.08
3797,17.84,12.69
1190,22.41,16.35
705,5.65,3.1
2710,11.63,8.27
510,22.87,
176,8.53,3.79
1091,28.51,19.5
2359,17.88,11.94
4815,24.01,14.81
2016,14.69,11.66
4468,8.13,6.9
3399,10.47,7.18
4957,13.28,7.9
1447,22.01,12.21
1260,19.13,12.1
4103,18.25,14.25
448,,16.53
1858,15.97,10.12
2800,8.94,6.71
1985,7.47,7.82
927,10.99,8.81
3348,9.26,7.56
590,7.95,8.57
4823,13.8,9.98
3929,,17.29
2810,22.68,13.59
3827,16.13,12.62
3964,19.16,12.91
3863,,9.75
892,26.25,18.05
3475,25.79,18.09
593,8.73,8.64
4952,5.33,3.5
1793,17.32,10.99
1463,6.77,4.69
3470,8.41,7.3
1545,29.04,18.71
862,15.79,9.91
4214,10.08,7.35
4485,9.46,9.2
2480,,14.58
1521,5.57,7.52
2340,14.89,11.03
3127,21.49,17.21
1119,10.91,7.95
4746,5.4,7.95
2074,26.82,15.7
3596,20.76,10.1
3451,15.82,
2550,5.72,4.01
554,18.58,15.74
2643,24.33,18.75
656,7.32,8.85
2067,9.24,9.63
2377,11.96,10.8
4441,26.73,17.37
2283,,12.39
2136,27.15,15.82
1998,5.79,9.7
2456,7.62,4.38
1733,,9.86
3083,9.27,9.64
4748,5.01,5.52
4809,10.42,9.82
2790,29.87,17.33
4846,14.2,9.77
4315,29.24,20.6
671,8.51,9.77
1671,13.9,
3460,20.86,15.01
2408,9.67,6.52
4472,29.78,19.35
2871,27.25,15.98
1787,20.55,14.05
930,10.71,10.84
1237,26.47,16.84
4536,19.29,10.32
3383,4.81,6.0
1267,14.2,8.47
2009,5.7,5.88
3029,21.46,12.38
2156,10.24,8.29
4509,19.21,9.9
1226,20.6,13.56
1723,11.89,8.16
3063,19.58,14.54
3945,6.61,8.24
4920,12.81,9.79
1138,16.87,14.44
597,21.36,13.85
370,5.8,2.55
3164,17.07,11.19
4111,18.66,12.0
329,14.91,10.46
3465,8.66,6.59
1881,21.91,12.54
2385,12.29,8.33
4640,25.11,15.2
4229,16.12,10.39
4880,25.42,18.9
4151,7.07,6.2
4345,19.29,13.38
2183,4.86,7.93
1843,15.42,10.73
2801,24.61,13.21
9,19.63,14.22
636,15.63,14.37
4763,23.62,18.63
789,16.01,9.17
156,10.29,7.1
1863,8.61,9.36
4837,13.81,12.18
1168,17.19,12.1
456,16.81,10.01
3975,11.06,8.09
2308,20.04,15.34
4421,6.56,3.72
4181,14.47,11.21
920,7.64,5.22
4740,20.15,13.77
2352,27.75,18.55
3876,14.9,9.08
1695,13.56,13.71
3101,6.41,6.85
599,9.0,5.58
3408,29.94,21.52
2295,4.14,3.64
350,20.27,12.88
2911,9.99,8.05
3100,15.27,10.16
4079,23.98,11.4
4769,22.37,14.6
1121,27.11,16.81
3143,19.2,12.5
2568,11.31,11.28
3242,15.15,9.16
3608,11.43,11.81
813,7.24,5.52
1084,26.86,15.05
3280,24.58,11.92
778,22.78,15.23
1900,24.38,13.75
4617,25.03,16.1
4140,18.47,14.71
3784,25.49,13.94
1402,8.36,6.09
3557,11.11,3.62
4493,18.75,12.3
1565,25.39,14.57
1413,11.01,7.59
1324,9.7,6.36
4107,29.1,16.18
93,23.78,14.12
2084,27.64,17.91
3316,21.2,15.33
2721,27.36,19.11
3575,27.13,20.63
2485,16.03,9.85
3554,17.14,11.03
3190,24.52,15.65
4479,19.44,13.71
718,29.09,17.06
1750,7.56,3.52
2265,19.78,12.66
3805,10.75,10.97
4312,28.46,16.31
2989,22.68,13.57
4537,,14.78
4039,21.14,12.46
3782,12.5,9.4
4061,,8.59
1458,21.59,14.93
2635,22.54,13.8
3416,18.72,12.38
15,8.73,7.13
4670,22.12,15.71
3014,13.18,6.59
3695,12.97,7.66
3697,29.0,21.03
90,16.28,8.9
562,,8.49
1208,15.59,11.66
2591,25.39,19.24
1424,7.86,4.13
2503,18.91,14.31
420,23.56,13.97
3335,27.15,15.53
373,6.46,5.31
4488,13.23,8.81
3244,22.11,15.9
2054,28.59,18.53
3181,,5.42
1385,21.08,13.16
54,27.27,17.55
1113,9.82,5.71
577,7.82,7.43
1110,,7.53
1389,29.22,17.6
298,9.61,7.65
1199,23.49,14.39
964,14.12,11.94
1570,15.75,12.47
2446,11.86,6.46
4622,23.88,16.01
3737,21.21,12.9
746,27.39,15.85
4770,12.99,8.83
3417,12.13,7.03
521,19.45,14.71
4545,14.41,11.18
494,8.89,
968,,7.47
4477,14.88,9.69
2284,5.19,4.76
1248,4.85,8.28
1593,7.34,6.25
35,29.11,19.42
2944,22.58,13.45
2076,26.64,17.5
336,5.06,
3859,14.48,8.97
684,21.38,16.53
662,29.65,21.17
1815,6.14,6.9
2868,23.73,13.2
1415,17.81,9.36
4330,25.17,18.25
3516,28.39,19.48
3944,14.22,11.18
1038,22.84,11.07
4890,21.94,13.48
4363,23.86,17.12
839,19.1,13.5
1996,21.08,11.25
2468,5.03,5.59
1127,6.26,5.91
478,18.4,8.63
3768,15.28,9.32
2815,18.69,13.4
1490,15.67,10.01
801,22.39,14.82
843,8.63,12.21
3202,17.08,8.87
3149,24.47,15.1
2744,7.66,6.97
693,17.2,10.74
642,12.37,10.72
434,6.63,7.31
1930,5.69,6.0
479,29.2,21.03
2345,28.48,16.29
3195,13.22,8.59
3948,19.66,12.83
3607,25.47,17.84
2755,27.85,19.61
2320,14.69,11.97
3699,28.26,14.32
2065,5.35,4.86
4306,6.08,5.13
3312,21.07,15.83
56,27.97,17.31
1370,10.18,10.32
2798,,11.75
2873,27.21,14.9
2862,11.34,11.75
45,10.73,9.4
4057,25.28,19.38
296,,11.54
2159,15.71,10.08
3339,19.53,11.84
4215,20.58,14.15
4699,7.6,9.59
1613,17.86,12.21
2435,28.99,19.09
1551,28.74,17.62
4390,5.15,7.39
1625,8.56,9.16
3962,14.22,8.21
3760,25.6,14.58
3972,18.15,13.46
2830,4.76,5.18
4327,4.57,
1792,23.17,14.9
343,8.5,5.77
4440,10.26,8.69
3808,13.04,12.17
541,28.81,16.82
3056,29.18,17.6
3646,8.02,8.38
1964,13.98,9.49
2836,27.91,18.43
3712,22.62,15.81
942,18.41,13.48
859,18.69,13.69
1877,19.35,10.89
4203,7.26,8.45
4024,25.48,15.68
4419,12.72,10.68
944,25.57,15.71
387,11.33,11.79
2501,25.52,14.04
1369,8.67,6.78
2312,26.73,17.74
620,23.45,18.49
104,17.22,11.23
2572,27.56,17.11
581,15.94,12.16
1736,,19.8
3692,17.64,13.47
3934,9.79,7.25
3817,13.34,7.3
1507,19.08,13.57
828,13.02,11.1
500,29.64,19.2
4230,8.94,9.69
1944,22.4,17.83
4163,18.27,10.47
4751,12.87,10.53
2518,16.4,11.74
1258,16.78,13.4
1639,,22.31
4693,12.95,7.62
2593,18.37,11.37
4994,20.86,13.89
2837,29.82,20.39
3425,25.77,19.78
3877,8.37,6.3
2148,13.3,9.74
95,24.05,16.66
469,9.81,6.69
3776,28.22,20.14
1132,16.89,8.99
1376,26.64,16.75
1021,22.13,14.45
4294,27.61,19.1
2623,15.28,10.86
3791,9.58,7.04
4633,24.86,15.91
2286,11.2,9.37
641,4.52,4.98
3530,15.43,10.44
743,23.44,13.52
2761,7.83,2.81
4451,14.92,13.54
498,6.02,6.71
4455,26.53,18.76
587,5.97,5.69
2747,19.04,9.81
2511,5.62,3.62
513,28.25,20.32
2351,20.54,14.71
87,22.97,18.01
4006,10.97,9.98
4604,13.63,13.46
3041,8.66,6.77
925,,
4843,13.16,7.57
594,12.99,8.5
753,20.32,13.33
874,14.63,10.1
864,15.46,8.13
4911,27.0,14.35
335,5.2,4.28
4874,10.17,8.21
3590,9.11,8.62
1895,18.43,9.21
4678,29.0,21.3
1030,25.55,16.41
3911,5.02,5.91
3445,29.51,18.16
4397,11.71,9.21
2487,16.57,14.05
4805,25.35,16.27
307,17.42,12.97
1095,10.0,11.93
308,12.4,9.21
3389,5.01,10.55
4459,14.81,11.07
1817,11.68,7.99
3873,8.08,7.15
3074,11.05,9.31
1646,23.64,10.57
219,20.89,
2104,22.09,13.9
547,6.95,7.91
2239,6.05,7.56
4606,27.32,19.65
4595,15.11,11.96
3806,29.21,19.1
3177,21.27,12.69
2952,22.13,15.48
2600,,1.8
3914,29.44,
875,4.66,7.44
4339,13.96,9.61
2371,20.96,11.8
3172,10.77,6.71
4828,8.36,8.5
3288,24.89,17.38
4841,28.85,20.5
3507,29.31,20.85
2008,24.19,13.12
1092,20.89,14.96
4086,5.56,5.67
740,13.8,9.05
2673,22.54,16.28
4923,19.53,14.09
1318,23.02,18.8
749,27.57,17.51
4443,9.84,8.13
3733,15.61,9.58
4392,18.07,13.72
4859,27.86,16.35
3998,14.26,9.83
1288,13.12,11.44
3111,,15.71
1301,4.82,6.5
3573,25.84,14.59
3513,29.36,16.75
3448,22.59,16.43
2975,13.99,8.24
2682,25.72,16.58
3485,19.16,12.45
3639,11.58,11.01
1655,6.28,6.69
4420,8.6,7.69
1100,13.1,6.66
2782,25.93,12.28
3854,28.4,20.27
297,24.02,18.33
652,17.96,8.47
2497,19.01,13.86
4725,9.71,6.07
1514,4.47,7.48
2132,4.33,5.7
4068,29.46,20.56
4662,19.71,14.1
1803,13.18,6.57
902,4.69,4.82
654,23.38,15.64
3443,9.5,7.28
4332,7.44,5.89
1493,,9.19
1641,18.04,15.38
698,19.11,7.91
2773,24.98,12.71
80,7.01,3.79
446,28.63,15.67
1604,13.23,6.77
2669,23.2,16.49
2629,16.84,11.52
884,,6.62
2542,23.92,15.06
489,28.71,15.08
4602,24.37,15.89
4167,10.25,10.13
195,12.81,9.45
4150,24.28,17.37
2652,13.59,8.85
124,6.86,5.13
2937,24.3,15.32
302,,13.56
1880,18.69,13.26
2950,28.26,24.39
1946,17.45,10.6
3421,23.87,17.54
3509,26.03,15.99
3206,25.79,11.91
295,7.3,9.1
3328,17.47,10.61
2219,26.69,17.44
163,20.47,13.65
1014,5.03,2.76
2823,20.49,9.95
2565,14.47,12.74
1011,9.75,9.29
1875,23.05,13.71
465,29.02,18.25
1953,19.55,14.07
605,,6.24
4478,13.3,8.9
1862,21.06,17.36
3301,15.27,9.36
113,28.17,16.16
4794,11.74,7.81
4456,5.55,5.86
2972,8.24,9.13
3060,28.74,
2152,8.52,5.62
573,14.31,10.05
2292,11.3,4.24
122,27.3,18.09
3795,4.84,10.04
2564,5.9,5.28
4535,18.43,12.91
1152,25.76,19.74
2194,18.57,10.65
1197,29.31,17.37
1317,17.69,9.3
31,19.8,
3367,12.44,7.45
3527,29.3,
1486,13.53,9.9
507,27.68,18.59
2913,22.96,15.17
1086,16.15,10.59
4619,11.86,8.3
185,10.71,6.8
1382,14.17,10.67
82,20.21,15.02
782,18.11,11.91
4124,27.41,17.74
471,4.32,2.97
2510,27.22,19.22
4830,17.09,14.72
4035,8.06,5.16
376,12.29,11.29
3396,29.9,15.82
4153,22.52,14.96
1207,21.77,15.82
1770,14.26,8.48
815,26.62,14.44
3566,22.85,13.67
3144,18.0,8.61
450,6.17,7.37
2224,10.29,7.06
2870,13.18,7.17
386,24.89,17.81
1764,,7.93
598,8.48,8.54
1223,15.24,12.31
3686,18.71,13.68
2093,9.3,5.05
3385,4.88,7.3
392,14.73,10.96
4402,17.48,9.72
4776,25.52,16.8
1559,25.84,17.98
135,28.52,17.53
1896,23.06,17.78
2489,19.31,11.99
3504,4.78,7.83
2255,26.85,14.69
1479,24.74,16.17
4867,13.25,10.67
1681,13.0,7.96
3970,14.34,11.4
1310,,15.38
3090,10.58,7.36
3669,4.65,5.48
2895,7.94,8.54
480,17.6,10.23
568,15.37,10.83
358,19.23,11.65
3468,21.36,16.37
263,7.64,6.9
4412,4.11,6.15
1106,8.52,
2244,29.88,17.59
3059,5.97,7.19
4356,19.73,14.03
3694,10.1,7.3
4903,,7.25
777,9.96,9.28
4898,11.75,10.03
1151,22.42,12.32
1155,20.08,15.15
23,11.6,7.78
2463,20.21,14.55
393,13.67,10.87
4005,7.88,8.85
3331,20.13,15.2
2840,13.66,10.03
1140,19.4,13.42
696,19.88,11.24
4503,11.49,9.16
2664,21.62,11.33
1827,5.09,5.67
2778,8.31,8.62
1071,11.7,8.95
1245,23.79,14.92
836,14.89,12.86
1769,13.77,10.23
2349,19.44,12.75
3700,10.9,8.66
3482,18.89,14.74
628,23.43,15.41
3418,21.01,17.56
3636,16.64,11.6
485,19.19,13.69
2382,26.3,19.31
2036,13.09,10.82
371,6.62,7.03
499,29.33,16.19
1836,21.07,
4517,17.56,10.6
1174,10.75,9.35
1588,14.51,10.28
517,13.79,7.29
486,27.43,16.07
94,18.59,14.45
2059,20.93,12.0
42,16.87,9.76
4515,18.31,14.39
3353,27.6,17.9
1575,9.64,8.71
3213,8.66,6.57
3030,20.44,13.65
960,23.19,13.42
2828,6.48,4.93
4191,23.59,15.98
3279,12.67,11.46
1537,8.71,6.42
3191,12.0,10.17
3720,,8.69
557,7.48,2.71
3359,25.37,15.26
3719,15.51,13.5
3341,27.12,
1765,7.9,8.6
3767,19.5,11.92
3282,8.77,12.94
3606,8.75,5.55
3249,26.63,17.43
1265,4.3,6.95
4608,8.75,6.75
4322,28.33,17.93
2613,10.42,7.72
2906,,6.34
966,13.25,7.71
3480,14.45,10.43
237,11.3,11.98
931,7.62,4.45
3679,24.84,14.72
276,17.04,11.0
1753,4.32,7.95
2334,21.85,14.67
5,8.06,7.9
1658,11.94,9.9
1257,9.21,6.04
3721,12.93,8.4
2063,24.97,15.85
800,27.98,18.78
1811,21.17,16.65
383,20.35,12.32
978,5.34,7.76
1697,4.67,4.46
2540,23.99,12.05
3550,18.65,11.36
1956,28.26,19.99
4025,21.5,16.18
148,17.07,11.19
1231,27.25,16.74
4724,14.89,12.23
3823,24.95,18.86
2400,20.56,13.6
2038,7.93,7.74
2896,26.77,14.04
4810,26.35,
1419,15.76,11.08
681,25.24,14.79
4792,28.79,14.95
3346,22.63,16.83
2901,7.32,9.9
234,16.81,12.63
4663,15.98,12.39
4389,6.55,5.71
4283,9.43,9.34
3714,20.19,13.0
352,26.27,16.57
2170,12.45,7.07
4838,14.75,10.3
4038,24.64,12.96
3663,5.31,5.97
2071,23.68,15.88
328,19.9,15.12
644,12.51,11.53
3120,9.57,8.84
592,20.66,12.28
3662,17.03,10.34
1452,20.06,13.8
2358,5.73,4.6
2609,22.38,14.78
4734,28.15,19.61
4641,28.59,15.31
3969,19.3,13.72
1167,25.64,14.67
2811,10.43,7.76
1762,25.95,15.69
1434,21.34,15.57
131,,
4785,14.85,16.35
2807,23.69,14.62
3402,6.47,4.42
2324,12.04,9.38
3430,19.26,13.2
3502,24.87,17.6
4370,8.8,12.19
1757,28.95,18.23
683,8.44,7.78
3340,21.01,16.52
3002,24.71,
4816,28.3,18.6
3598,18.37,12.04
4248,7.13,8.13
729,9.24,8.76
4494,24.7,16.36
4989,23.01,14.5
3577,,3.21
3203,9.04,8.03
548,21.46,14.31
799,22.11,15.6
2549,14.58,
1305,22.44,13.76
3233,10.38,10.68
2175,9.91,9.43
2470,18.12,12.29
537,26.09,14.34
981,12.69,10.54
617,5.59,4.61
3528,23.74,16.68
2587,5.87,5.76
3900,25.96,15.97
4128,28.59,17.57
2925,,11.98
403,17.14,10.75
1032,19.5,9.47
4136,,6.98
3801,11.71,7.8
3260,,17.63
2256,18.87,12.02
616,27.94,18.52
4980,5.02,5.97
2877,16.94,11.81
830,15.76,9.41
1988,16.91,12.53
2920,11.88,
1824,24.14,15.2
4082,10.07,6.33
4598,10.04,9.18
1065,14.96,12.61
2453,18.5,11.05
3467,15.83,7.83
4174,17.83,12.02
1619,18.5,10.79
1642,25.89,17.45
3240,18.48,12.02
3306,13.11,9.74
3540,5.63,6.13
267,22.12,13.12
3338,23.73,16.94
3594,19.06,11.05
1941,5.52,6.75
2783,29.51,17.83
3073,12.14,8.62
226,10.34,7.75
2792,29.51,17.51
780,20.67,14.8
3062,6.39,5.6
4279,7.3,3.54
791,7.99,5.01
4087,7.41,3.65
2160,,15.82
1905,23.39,20.63
81,26.44,13.71
1443,21.49,15.83
4043,16.16,11.82
2346,21.38,15.52
4540,6.28,5.9
2753,10.76,9.35
3224,4.5,4.76
1623,18.62,12.8
3170,14.65,10.85
2106,12.24,11.99
4752,15.55,10.84
3166,16.77,11.45
4552,4.52,3.99
4634,26.4,17.75
1622,5.56,6.9
1338,21.69,14.57
4295,14.3,12.01
1898,8.89,6.32
4094,28.15,21.56
3081,23.15,14.23
1487,14.3,8.98
4959,8.85,7.16
3444,29.89,19.5
812,25.81,15.96
1885,8.16,6.79
4365,9.9,5.38
4691,13.6,12.71
4200,20.04,12.2
1743,24.0,14.69
1390,15.8,10.73
1917,27.04,16.83
1325,29.37,20.62
1977,10.74,9.57
1361,27.72,19.29
742,11.84,7.75
3841,17.82,12.5
3122,10.44,8.45
1146,26.84,
12,29.22,19.6
1461,14.24,11.29
4730,8.36,9.93
4909,23.28,18.67
891,22.78,16.09
4166,14.11,11.73
215,22.52,15.83
4129,11.69,10.64
2384,15.21,8.32
3156,20.88,13.87
2356,7.13,4.38
2381,25.38,15.76
1247,7.41,4.92
3446,20.89,14.55
3723,28.32,19.69
1465,,16.23
362,20.73,15.17
1313,18.24,11.06
3610,29.22,22.02
1431,15.82,9.23
1562,10.16,5.6
2748,7.82,5.55
3532,24.76,18.41
1112,9.84,7.42
2230,11.8,9.23
256,18.48,9.84
3077,28.62,20.56
3716,12.11,5.32
4080,9.88,6.92
1954,23.13,17.03
2854,27.87,20.35
1596,19.04,12.33
3476,24.87,14.54
2566,,9.81
2723,24.29,14.56
404,25.49,16.57
2657,,13.28
4594,12.12,10.44
2424,15.92,14.47
3365,28.42,19.97
1142,13.04,7.75
4264,14.07,9.43
3394,12.46,9.89
2068,10.72,6.89
3477,28.98,18.41
1017,8.69,7.19
564,4.38,5.59
2905,17.59,12.34
3556,20.22,17.45
2604,12.26,8.58
3096,21.48,12.64
1822,7.16,3.91
724,23.27,15.01
4109,27.15,15.49
3977,13.74,8.82
3018,14.52,10.66
4224,25.06,21.67
3472,24.26,16.56
3602,18.84,15.29
483,15.82,9.58
2874,14.91,11.02
3668,8.18,6.91
4436,11.3,7.04
2245,26.25,17.69
4939,23.82,11.72
504,25.16,14.97
3158,5.66,3.08
4557,21.24,10.98
2883,9.38,9.01
2247,5.65,5.57
2397,8.02,7.16
3055,21.08,15.48
1026,16.33,13.5
971,21.26,15.68
2350,,7.49
558,4.75,2.96
3437,9.95,9.0
2599,11.39,9.27
2314,22.26,10.77
86,12.45,8.88
28,17.37,14.38
776,7.9,8.98
2341,23.53,17.1
3253,19.75,14.71
3252,7.0,8.13
1253,7.05,3.05
1450,21.76,14.76
4580,20.79,14.3
3398,25.97,18.96
704,7.49,9.53
658,13.44,12.25
1842,15.23,14.66
333,4.37,1.27
3054,11.47,8.27
580,10.71,10.33
4388,5.27,5.17
2916,21.24,13.65
337,26.24,16.81
4899,6.33,4.71
4559,,22.53
4132,9.67,6.39
2999,11.54,8.08
1564,11.14,10.14
2707,7.13,8.41
179,28.35,17.0
4125,24.6,18.12
4806,18.16,12.0
4638,21.22,14.95
2902,23.9,14.12
3343,20.44,15.99
4341,15.51,12.48
578,28.09,16.33
3614,24.74,16.58
1901,18.41,9.94
453,15.03,12.28
2651,9.43,10.33
1364,20.42,15.68
3605,9.69,7.85
3212,21.51,15.52
4520,4.59,1.13
1230,14.64,8.26
2449,5.5,2.03
4745,10.05,6.01
2237,27.2,20.32
3785,24.83,13.84
959,8.32,6.37
4186,20.44,12.04
1477,25.0,15.23
3666,15.39,9.82
4072,21.59,14.27
574,20.17,11.95
2930,14.22,11.52
632,27.28,16.45
394,24.19,14.64
3981,25.64,14.34
3520,9.48,7.66
2795,15.36,12.41
3332,23.3,14.91
419,21.49,14.87
3794,23.21,12.26
3038,29.49,15.21
2967,22.9,13.55
4657,25.75,14.74
1097,9.73,10.78
2422,4.61,6.26
1134,9.72,8.03
4299,15.25,11.27
2953,22.57,13.64
1111,25.21,16.98
1531,12.09,8.48
4347,24.79,15.0
1598,6.06,7.55
2855,6.65,8.93
2620,12.15,11.6
4244,15.81,8.81
2575,9.88,10.98
232,17.07,10.15
4446,29.43,19.36
4962,9.31,7.91
3440,28.16,18.7
4988,19.61,13.51
1263,12.07,13.43
1083,14.86,14.77
2129,26.93,18.35
4243,23.66,15.61
3569,24.2,18.95
4268,,6.2
2226,16.19,11.13
2737,29.77,17.7
4337,19.59,11.72
4643,26.32,16.5
2606,,10.54
4563,26.87,14.81
4705,14.79,6.67
1921,22.09,
3798,6.68,7.28
4027,14.32,9.65
1698,7.51,7.05
2432,25.49,18.82
449,,11.01
4869,19.51,13.49
2327,25.35,18.18
792,19.24,13.94
4544,11.37,10.11
4700,29.55,17.37
474,27.17,18.54
3762,23.11,17.0
299,20.2,10.29
4063,23.9,17.94
2098,20.5,15.25
2122,17.14,16.22
3387,10.33,5.7
4312,28.46,16.31
2186,28.4,20.81
4108,5.31,
957,17.49,13.33
1633,21.29,12.44
2515,20.29,11.53
4729,23.3,17.33
3865,6.75,6.98
758,17.87,11.48
4076,18.96,11.6
1339,5.88,4.58
3084,,13.82
4146,20.89,13.51
294,13.36,7.73
3526,7.83,6.15
1194,20.14,13.67
4423,19.58,14.85
2618,11.03,11.09
2513,15.66,8.4
199,27.06,18.5
2812,20.66,14.52
3688,14.07,10.95
1846,10.26,11.64
1442,6.44,9.07
2083,16.06,10.76
1043,12.29,10.27
2476,26.62,19.8
1873,17.15,7.55
1049,26.62,13.36
36,25.02,18.87
3293,14.12,9.14
2289,16.53,12.12
4461,14.47,11.58
4857,7.8,9.05
2835,14.34,11.96
3774,23.06,16.38
525,25.8,18.22
3157,28.34,16.51
1638,7.96,6.91
3793,19.47,13.42
825,,10.26
2754,12.97,7.69
1147,24.73,16.26
2367,7.2,6.34
2246,17.56,14.26
183,28.04,18.48
3245,22.26,11.02
2745,20.18,12.67
348,,6.44
4779,10.27,7.59
1441,29.22,16.93
667,10.39,9.45
1163,12.71,10.21
2041,26.12,20.45
3434,15.5,14.58
2661,16.28,13.1
435,6.19,1.63
4956,23.47,15.96
4551,28.25,17.83
666,7.97,7.77
2853,8.98,7.08
4541,8.47,10.6
2533,11.66,5.62
3283,26.23,16.9
1312,27.27,14.83
209,4.13,4.66
961,6.15,4.03
2434,11.5,10.8
1976,28.46,14.78
747,13.98,7.59
4592,9.38,
3401,5.75,7.19
2022,18.56,10.23
2729,10.41,8.66
3103,27.78,19.21
3752,,17.41
2026,10.76,10.62
615,26.71,15.38
1137,26.13,17.47
3953,29.34,15.15
3250,20.42,13.79
1396,25.55,15.11
4083,20.26,7.99
610,21.95,16.08
2248,25.62,18.89
2942,19.64,12.96
3833,25.41,17.95
2374,15.18,12.14
3072,19.86,14.74
4056,4.42,3.43
3587,,8.52
4831,24.71,14.67
3901,15.21,12.05
4310,24.37,14.0
2741,13.51,11.22
1763,6.55,5.48
3648,15.18,11.15
4918,13.67,6.75
2935,22.44,15.84
787,19.17,15.91
1362,9.48,8.71
3763,17.82,10.93
2555,5.88,7.53
4157,18.05,13.21
1963,25.83,15.1
4114,6.34,6.82
2158,13.05,8.38
1336,,11.73
826,,17.4
3508,16.09,10.89
1779,10.62,7.56
452,18.52,11.73
72,9.17,7.9
1105,29.87,15.19
3920,24.94,16.48
1783,16.0,10.49
4104,8.54,8.62
4984,25.82,17.86
1719,29.58,18.67
2164,25.88,18.65
2706,,14.56
2398,4.66,4.98
1644,20.21,12.31
4915,8.32,7.45
4701,10.5,10.33
1297,8.35,7.42
2441,18.4,11.69
3361,24.7,15.26
4178,25.12,16.34
865,14.42,9.1
1679,8.51,6.6
3094,25.83,18.91
2289,16.53,12.12
1546,16.57,12.39
998,7.56,4.14
464,19.17,14.57
4378,25.82,15.81
460,7.09,8.33
2369,12.92,9.27
4143,6.45,3.42
659,20.79,13.55
1739,13.56,8.25
79,13.32,13.73
810,6.94,5.86
586,10.24,9.51
2154,,17.84
4160,18.71,11.57
301,5.34,4.38
3075,19.54,13.18
1867,5.12,10.18
69,,5.81
954,27.77,17.76
1994,7.52,7.43
1501,17.5,10.59
3318,4.14,9.19
1319,6.12,8.12
533,29.91,20.47
4655,13.97,9.4
2639,28.72,17.78
2232,5.25,3.01
4454,24.91,17.81
4066,6.67,8.87
43,4.89,
1372,8.71,7.63
4900,27.68,19.02
3617,18.48,11.1
289,11.45,5.97
1386,12.45,
1356,26.71,18.56
4161,17.38,11.19
793,17.15,12.46
2993,18.37,14.19
3313,22.43,16.13
4464,7.52,2.38
108,23.64,16.21
1935,21.59,11.46
817,19.37,11.96
1051,26.74,
4511,8.53,5.6
934,17.67,10.39
2066,24.44,
3485,19.16,12.45
545,20.07,14.3
4316,8.61,7.65
975,4.81,7.06
1727,17.24,8.87
1228,11.13,6.59
33,5.69,6.27
3579,23.28,17.08
1045,27.04,16.97
4490,18.66,12.62
3449,19.42,15.49
4539,6.12,5.29
2644,20.75,14.1
4410,18.42,11.63
2736,24.41,14.31
4717,19.5,13.35
3644,16.12,9.89
1751,17.92,12.95
3231,17.5,11.82
4205,6.81,7.37
1592,29.77,19.25
1401,8.34,4.03
908,12.89,10.45
3362,11.07,9.2
331,13.26,7.34
2979,22.3,15.23
3927,19.69,11.25
1144,18.71,16.97
4348,18.42,9.2
2321,27.6,17.39
1650,22.43,14.38
3899,18.05,12.31
4088,19.76,13.51
2330,5.33,6.77
1523,13.14,6.19
147,19.85,15.47
2481,11.17,10.99
211,18.27,12.7
770,25.35,17.51
3815,,6.59
1177,24.28,13.0
4864,12.7,5.86
2088,21.08,13.04
896,9.33,6.27
3354,,11.2
4551,28.25,17.83
937,4.48,3.74
549,17.53,12.85
674,,11.64
200,,18.8
1899,13.24,10.43
1831,,19.97
3227,10.28,10.11
3642,27.62,20.15
1579,19.78,12.04
633,17.3,10.67
4637,12.55,5.34
736,26.81,19.23
4271,20.87,12.56
2933,6.04,3.4
1990,22.97,13.7
437,5.89,6.27
4179,12.5,11.43
2077,,7.85
1548,18.31,11.88
860,5.71,5.54
2910,11.9,7.69
64,13.28,10.87
2903,4.0,9.09
1275,16.49,12.09
4907,29.11,17.61
2095,11.47,10.36
3652,14.34,10.21
251,11.66,11.22
3736,16.24,4.95
4252,5.61,5.75
1522,28.3,16.72
4089,26.09,16.1
105,27.6,18.94
3110,19.95,14.19
1582,14.16,
3442,17.72,10.81
3941,23.69,17.84
2960,24.98,16.34
2543,25.99,18.06
2539,23.59,16.72
2388,19.63,13.5
4507,23.1,13.79
4296,11.7,7.16
3410,5.05,5.5
4965,16.55,12.92
3492,19.78,11.71
2484,7.87,7.75
4771,4.18,2.7
4288,19.0,14.27
4364,17.61,13.62
3017,23.05,19.98
300,6.22,7.53
988,15.31,10.66
285,19.04,16.33
4897,7.83,9.36
1853,26.4,16.5
3613,13.74,11.6
1333,9.94,7.23
1980,25.89,17.03
1495,19.69,13.23
3574,29.73,19.69
4571,17.0,12.28
1718,22.07,13.43
3066,10.95,10.96
1807,21.2,14.13
177,21.96,13.76
4744,29.85,19.51
2509,26.02,16.32
834,8.59,8.63
4424,22.95,15.75
1236,13.58,6.63
84,5.65,5.04
3207,26.33,19.44
3758,12.89,11.12
754,12.71,9.13
212,21.99,13.25
1829,24.77,19.52
989,10.41,10.2
1847,7.16,3.29
1235,20.94,11.68
716,28.17,16.3
1773,27.19,18.17
1502,16.46,10.58
697,11.5,5.2
463,23.4,15.14
524,25.9,14.66
2103,8.11,7.16
4927,16.09,11.43
2085,18.01,14.33
4238,23.93,15.21
4661,17.29,16.66
1332,22.7,16.24
1780,25.86,19.82
2888,,9.77
739,15.42,10.56
432,23.8,15.83
3106,,10.74
4352,19.56,17.2
4106,21.26,12.92
889,6.59,7.69
4246,28.3,19.2
3424,5.01,6.63
1436,4.78,1.08
1912,,15.47
4824,14.23,9.51
2179,22.05,14.42
2658,26.11,
4482,16.27,9.88
1942,12.69,6.78
1033,9.98,5.34
492,20.12,12.56
4979,4.02,7.74
4756,26.52,14.56
1570,15.75,12.47
3660,27.68,16.81
1520,28.1,
4561,22.72,18.41
151,27.61,17.48
3021,11.43,9.68
3415,24.38,16.46
2013,27.57,18.62
2364,16.64,13.41
2891,12.64,7.38
4084,23.42,15.14
2420,14.09,12.27
3678,13.87,10.84
2416,29.06,15.7
4690,29.37,18.13
4233,13.32,8.98
3089,19.16,10.58
3856,6.0,
2149,16.85,13.11
1883,20.54,12.72
4858,28.39,20.25
3946,4.43,1.96
1668,,18.08
164,17.93,12.8
756,24.64,18.35
1983,15.91,8.1
3673,22.84,17.77
4355,18.07,15.99
4631,7.12,7.15
3828,16.54,13.69
1282,22.26,13.07
3407,26.31,15.35
1538,21.71,16.42
2831,16.5,7.59
3221,17.39,13.05
1062,29.59,18.18
1343,26.58,20.03
824,14.35,10.84
4172,29.67,16.53
3241,14.81,11.96
4287,26.67,16.72
4969,28.89,16.8
4967,,19.55
4159,28.9,14.08
1535,14.75,10.28
2193,,12.85
428,27.08,17.8
166,25.72,19.09
4022,,9.46
1621,,10.23
7,5.51,5.03
4914,9.08,6.3
24,13.53,10.59
4718,29.89,19.17
3853,19.93,13.6
2348,13.41,9.31
2838,,5.05
723,5.73,6.94
1115,19.42,14.46
1627,9.22,8.06
1504,12.87,9.18
1840,9.84,6.68
2590,22.56,15.74
4974,22.39,15.59
3439,28.13,19.65
4351,24.39,17.37
3558,,11.35
3830,9.75,7.5
4584,23.91,13.75
4653,16.36,11.33
4269,25.16,17.46
2899,15.06,9.64
3872,8.73,6.58
4391,8.82,7.62
4019,11.73,7.82
4523,,19.22
4545,14.41,11.18
364,18.19,9.63
415,20.43,14.14
4925,5.29,5.91
784,12.99,3.94
2570,28.16,19.58
19,15.23,
2703,7.26,4.73
2522,7.5,7.7
888,10.19,6.21
2120,26.94,18.62
466,13.75,9.37
3404,12.49,7.54
2113,8.79,7.95
2554,28.64,18.94
3802,28.4,19.2
991,24.78,18.89
3355,8.89,5.9
1581,,9.37
2655,23.96,14.77
2649,15.25,10.5
1659,14.32,10.04
2241,24.66,12.95
2367,7.2,6.34
4856,8.99,9.06
1256,15.19,10.25
381,7.07,8.59
1543,18.75,8.52
4453,25.65,15.1
1109,22.1,15.97
1540,17.65,13.02
472,29.22,14.07
3894,15.14,9.34
956,13.96,8.16
3675,19.82,13.69
2217,25.56,16.73
182,6.95,6.7
3681,23.52,13.99
1467,29.41,18.3
1513,28.84,20.12
1682,29.37,19.51
1844,19.94,14.53
1242,24.19,16.47
260,6.53,4.13
3368,11.01,6.8
4971,16.35,11.09
4505,16.9,12.99
1850,20.79,9.42
1796,6.2,8.45
2027,23.0,15.76
3064,20.21,15.02
283,13.77,7.6
2062,17.33,11.04
3386,26.86,18.01
2411,21.9,12.11
4808,28.84,17.8
569,27.51,15.49
2946,6.67,9.42
79,13.32,13.73
4760,29.71,17.78
3095,8.9,4.57
3736,16.24,4.95
4335,13.9,14.58
1652,11.88,9.72
137,17.49,11.42
1939,16.95,7.5
3237,9.71,7.09
845,7.87,8.14
861,24.16,13.28
1666,,16.19
4863,5.79,6.41
3971,29.32,18.24
141,29.02,21.48
4647,21.62,13.13
1264,15.84,12.7
2275,28.71,18.31
588,,5.55
2166,29.46,17.15
4467,7.46,5.47
431,7.72,4.78
1331,18.44,10.48
1321,10.42,8.72
2994,14.31,11.24
1249,27.94,16.72
4512,16.26,10.32
950,19.53,11.05
752,28.44,19.09
3730,19.48,9.58
1421,12.22,9.33
948,27.4,18.72
1036,22.1,14.87
3251,17.85,12.17
202,6.19,6.46
4374,14.34,11.77
4818,25.31,
2921,12.46,12.83
162,20.44,15.34
4924,26.9,19.59
1213,8.25,5.48
1802,23.18,12.61
523,29.22,17.53
608,13.47,9.49
819,5.42,3.2
4946,28.47,17.93
4636,28.76,16.54
2631,20.45,17.61
4814,17.31,14.3
2490,,5.35
516,4.69,2.68
1480,15.33,8.79
2959,11.13,10.32
1349,29.68,
4825,18.16,14.32
3161,,11.23
2694,16.07,10.63
2751,14.09,9.82
4768,6.53,4.52
4975,10.56,11.48
76,22.95,16.38
313,4.66,5.48
4714,23.55,13.34
2709,4.46,5.41
734,17.6,10.45
2229,11.73,7.36
365,28.48,17.03
1453,26.59,14.59
1634,24.68,12.55
1704,,8.8
2030,21.01,14.06
4258,15.75,11.3
2363,11.67,5.41
2031,9.15,8.77
4242,14.29,10.61
1491,10.18,8.29
3220,23.04,15.07
2914,29.14,21.57
395,12.86,6.58
38,6.54,4.21
3123,5.63,6.02
3067,4.39,7.34
1971,4.63,7.31
3159,25.44,16.1
2759,22.4,16.96
3844,14.6,10.64
2552,6.89,7.48
175,20.77,13.49
125,9.93,8.3
1589,15.13,13.15
794,19.9,15.17
850,19.48,12.49
171,21.62,17.19
1013,28.55,18.79
4605,23.53,15.59
3113,22.57,15.17
1547,24.96,14.95
1448,25.79,12.76
553,18.35,14.13
802,7.97,7.63
2032,18.7,8.91
3818,25.41,14.14
4204,29.05,18.43
1400,22.38,15.58
1034,7.13,3.95
3506,20.19,12.73
3228,13.21,9.84
194,20.46,13.05
559,23.63,13.77
867,8.04,
3382,15.24,11.32
3564,14.88,6.65
1607,5.76,4.78
1699,29.04,19.89
2069,8.28,6.95
3258,9.36,4.99
4576,12.13,11.49
4008,14.62,10.56
2700,24.1,18.99
2442,18.08,12.22
701,17.85,11.91
4148,14.45,9.51
2297,,6.47
2929,23.61,16.22
3105,10.73,
2444,25.67,18.9
2287,29.26,20.09
2207,11.28,6.04
921,26.58,15.88
2372,25.99,17.89
4375,17.3,11.68
3726,28.14,17.11
1330,16.95,16.48
1830,,8.59
229,27.19,14.68
1517,20.83,12.09
1428,28.75,21.17
4813,4.34,3.71
4198,11.4,9.39
3910,12.46,8.8
3025,5.47,4.47
284,6.44,6.98
3958,14.91,
2357,27.46,16.98
4433,16.35,11.16
3150,15.81,14.22
3567,18.93,11.47
4156,4.34,6.98
2772,11.14,9.14
556,14.49,12.41
1972,,17.32
2630,14.08,7.87
4278,12.79,7.14
3515,26.17,15.25
4338,27.46,19.65
128,26.38,18.91
257,28.34,12.67
1394,17.51,11.24
4301,6.1,5.54
2145,16.25,10.88
979,16.91,14.79
1573,23.16,17.39
2562,22.38,12.35
822,4.12,5.46
3447,24.91,16.99
4499,10.79,7.0
3882,23.02,15.67
2619,25.91,16.21
1464,21.1,14.12
254,12.24,8.34
4733,22.82,14.44
1805,13.09,9.01
4742,6.88,7.78
3040,17.49,14.47
3812,,9.94
846,14.78,9.46
3426,20.11,12.71
821,24.87,17.39
2679,6.9,2.01
3980,15.08,12.9
4470,26.87,19.09
4011,4.9,4.71
555,26.79,15.79
4550,,14.37
4529,18.88,12.75
470,,18.36
4937,,18.73
3117,23.21,18.78
3510,5.62,6.45
1556,9.51,6.56
2322,22.56,15.47
857,4.95,1.53
4991,,18.69
311,15.41,11.35
2852,10.25,7.04
2685,12.77,10.2
713,16.26,12.71
1303,5.35,7.19
3718,6.05,4.32
2749,25.09,17.15
4158,26.13,17.17
4342,5.26,0.09
44,27.64,13.96
4726,4.01,3.47
190,10.29,8.16
4986,7.98,6.35
1307,22.57,16.39
3039,5.76,3.3
3019,5.78,7.69
3847,29.25,18.48
923,27.26,17.36
4970,15.1,9.33
2724,15.91,9.59
1915,15.66,7.11
3558,,11.35
396,28.2,18.92
3053,10.98,7.4
4761,16.56,9.01
651,6.26,6.93
4713,10.67,9.77
1222,7.93,6.89
258,22.1,15.68
943,20.94,15.15
2443,23.81,16.39
4802,5.83,7.3
2584,15.68,11.64
951,19.61,12.26
3379,6.3,7.11
3134,18.15,14.74
3292,26.81,18.55
193,27.41,17.38
3337,27.61,17.54
2064,15.94,12.77
3851,14.86,9.01
2304,11.63,9.79
4481,8.2,
2198,26.48,18.78
1890,29.79,18.67
3680,14.19,9.4
4955,15.71,12.09
2678,5.51,5.13
1130,10.75,8.02
368,27.54,16.81
118,8.85,6.94
3271,10.59,6.0
566,19.34,13.61
4853,24.16,13.7
4889,4.66,4.37
4407,28.67,19.32
3770,7.03,3.97
1456,28.2,
1203,,6.65
3582,25.79,17.5
2915,9.83,8.18
3320,24.09,15.77
2884,5.85,4.64
4050,9.24,7.54
4300,19.49,13.2
3178,26.92,18.55
3858,18.32,9.27
4761,16.56,9.01
2638,23.79,12.36
1549,5.13,4.58
2448,9.06,8.84
1552,19.64,17.05
2767,,14.91
366,14.04,11.54
4926,10.68,6.85
196,13.08,10.3
217,12.46,8.18
2523,11.78,6.81
4192,26.69,20.48
1889,22.89,14.66
473,5.12,5.68
2017,13.03,8.86
4036,29.7,20.14
225,10.9,7.96
3756,8.96,4.89
127,,14.26
4020,9.98,10.94
2360,7.7,4.14
1661,19.62,12.9
645,7.11,8.25
2890,25.73,15.3
3616,6.26,5.92
1202,4.64,4.32
2483,28.55,17.21
4220,10.56,9.89
766,18.82,11.98
1949,12.53,8.98
213,20.95,15.81
2536,25.69,14.99
2725,14.35,8.14
2475,17.87,10.02
4209,6.24,6.77
165,6.35,5.46
2808,8.2,6.69
1259,5.67,5.02
2407,13.48,7.81
1179,23.79,13.1
2711,24.1,14.41
2180,17.33,12.3
3304,12.35,8.16
783,10.55,8.16
3024,,10.42
707,12.38,6.4
1341,10.7,10.23
3281,15.73,10.79
4790,12.58,
3923,24.37,15.08
2876,16.38,8.85
409,27.54,13.98
1040,12.2,10.81
4692,13.29,11.87
4137,22.95,15.77
32,8.43,7.29
1438,22.32,13.77
699,8.01,8.37
3562,25.38,16.64
2922,22.53,15.35
4645,22.33,18.14
2581,7.2,5.79
561,22.31,11.92
3327,24.88,16.51
4017,27.04,17.54
255,8.41,9.1
3612,7.72,4.67
3581,16.56,11.93
2732,16.32,11.7
3583,13.4,9.74
4977,7.21,3.38
17,11.91,11.06
1107,14.3,12.39
3779,21.08,13.79
4811,8.39,8.23
1713,,14.29
4728,25.94,
3588,23.82,11.91
1872,9.55,6.24
1754,10.27,9.09
3750,27.0,16.28
1919,14.18,12.54
4835,18.22,11.9
2110,29.57,20.6
2692,19.47,11.84
2058,14.71,8.48
149,5.34,3.46
4290,24.88,12.86
1098,8.85,8.06
2020,,17.98
2589,10.29,9.2
2319,14.97,13.28
3994,5.33,
1462,20.93,
154,16.73,9.84
70,29.66,16.28
1600,27.25,20.49
4845,8.66,8.39
3099,4.22,6.2
3259,14.19,10.55
3086,21.68,12.4
3624,26.73,14.1
2996,,16.25
2012,5.63,7.05
3966,24.47,15.46
635,6.79,4.11
1794,21.69,13.92
3345,16.32,13.41
1568,6.48,5.81
1302,28.34,19.27
4873,9.11,8.08
192,27.33,19.82
1605,5.81,9.36
106,10.48,13.33
649,24.52,14.88
3128,6.11,2.12
973,23.05,12.89
1724,6.63,3.56
2303,17.33,10.94
1532,19.87,12.53
613,20.33,13.54
4588,7.4,5.77
191,6.42,7.96
1255,,
4940,25.11,15.64
236,22.78,15.58
3741,27.51,17.25
4489,24.29,14.48
2821,28.08,18.48
532,29.99,19.98
4950,25.97,17.74
823,12.67,7.68
3789,7.09,9.17
3908,12.02,8.52
278,20.9,10.75
4320,17.42,15.18
1148,21.12,12.83
1353,15.4,13.35
4791,6.78,6.75
1958,14.95,12.69
4422,28.87,17.6
3500,,20.27
2924,8.72,9.15
2961,9.08,8.25
1410,26.58,17.79
4292,6.06,4.79
2168,7.28,5.2
4071,12.43,9.13
887,20.97,15.7
173,17.31,14.96
503,12.05,5.64
1384,10.71,8.37
3486,19.41,
2938,19.18,10.12
1632,13.04,9.0
3450,5.39,5.6
2893,24.05,16.42
4042,11.53,12.24
790,28.63,18.16
4711,14.89,11.7
3464,19.58,16.27
1902,4.14,0.95
3310,16.07,10.01
3234,5.5,6.17
1314,25.25,14.35
4466,14.3,7.29
3308,5.79,3.03
910,13.87,14.72
2208,26.32,17.44
4331,11.29,7.75
3664,4.91,3.88
1053,28.42,16.95
4800,20.51,16.52
4708,9.09,5.47
2525,24.92,14.67
3031,9.17,10.99
1380,19.42,11.02
3217,8.3,5.53
2102,17.86,11.68
292,4.97,6.14
924,24.8,13.11
2762,4.2,2.29
4747,8.94,11.08
2680,17.41,12.42
4358,20.27,15.51
984,5.95,4.87
1206,,15.34
2763,20.4,13.27
4797,8.27,9.71
1616,21.41,16.16
4990,24.01,16.03
2361,4.3,6.59
2628,21.86,16.84
3635,6.44,2.17
247,15.13,10.07
2124,14.86,10.18
1746,16.51,10.69
4687,7.62,7.86
2606,,10.54
2491,11.43,6.12
911,19.35,14.1
744,17.07,13.09
3045,23.19,12.73
4417,14.8,9.63
905,14.96,6.81
2464,18.8,15.25
2624,27.66,18.99
990,25.3,12.47
2281,10.61,8.18
2394,7.71,6.89
2391,13.74,9.26
1790,17.48,12.19
3789,7.09,9.17
3377,23.78,16.22
272,25.06,12.94
4023,21.48,13.31
4600,11.0,6.1
3560,15.95,11.49
1707,20.66,16.47
1537,8.71,6.42
314,29.03,20.33
1741,25.52,14.72
3993,23.56,15.12
3069,,8.81
3236,10.09,6.31
3855,21.21,11.75
2328,4.04,5.61
1266,5.88,4.83
895,21.37,13.41
2727,5.71,6.33
2809,,13.13
2904,14.83,11.44
4281,8.23,8.01
1541,22.44,14.99
4547,4.36,5.93
1128,14.62,11.06
3693,24.16,19.12
4384,18.72,15.79
1648,25.48,19.29
1088,8.34,7.11
4366,21.33,17.67
1371,29.26,17.14
2958,26.4,14.37
4727,27.79,18.48
133,7.12,5.61
3052,16.56,13.54
4577,,9.43
4543,9.56,11.33
1832,19.65,11.8
2726,11.88,8.64
4135,19.43,13.04
1703,12.11,10.53
4590,22.96,12.53
1603,9.89,7.28
1216,9.74,13.11
1730,20.0,13.58
347,20.51,16.5
3462,8.06,
1205,,11.46
4434,27.98,17.52
3046,22.32,18.54
34,28.67,18.61
530,26.48,
1782,27.45,16.51
1952,9.74,5.12
2980,29.23,17.44
4635,7.57,6.69
738,25.23,16.83
2211,23.6,14.09
1283,18.55,
2559,6.0,
1748,10.76,8.11
1232,9.98,6.2
4280,14.19,12.04
4972,27.35,18.05
4820,9.18,5.22
1776,12.2,8.74
2353,19.93,11.32
1715,5.51,7.35
2752,21.53,15.18
3632,7.95,9.55
2691,17.8,11.58
1908,13.57,8.94
1224,28.53,19.95
3126,19.78,13.01
3291,5.74,
626,13.59,7.76
1610,18.04,13.15
385,23.11,14.14
2366,5.14,6.87
4329,,3.27
901,9.41,8.91
2941,10.9,7.18
2858,5.01,7.47
269,13.35,9.38
3834,14.0,11.28
4891,12.22,8.34
2528,28.89,17.2
4014,9.03,11.25
2223,6.51,8.92
1075,29.68,15.04
2455,19.09,13.21
1433,16.71,12.47
3336,23.5,15.3
4142,7.5,8.02
3457,17.01,12.54
1799,5.85,6.33
3633,15.92,9.93
49,18.21,9.48
765,4.87,7.71
4154,13.27,14.55
1165,8.18,5.14
4531,10.99,7.36
3887,27.83,18.15
1722,7.16,3.77
2375,21.5,18.51
11,4.54,8.93
3296,5.73,6.15
3759,15.18,12.45
2647,28.88,16.8
3336,23.5,15.3
3009,21.52,11.94
3708,11.21,6.76
3171,21.03,16.43
2666,11.68,9.26
2187,26.65,15.69
1752,9.6,5.89
2023,28.36,20.56
4085,9.69,5.77
3289,27.45,15.72
2508,15.42,11.58
3586,12.53,8.67
3545,26.48,19.28
1085,,16.35
2504,28.86,16.76
3435,22.39,15.65
3263,14.9,7.56
2014,7.62,8.24
2912,4.04,1.61
3683,24.09,20.65
134,12.78,9.73
3661,17.26,12.86
1529,24.88,18.91
1368,27.63,15.94
2195,6.89,8.25
708,25.06,15.87
3955,10.02,10.4
4184,12.2,10.8
3458,21.96,17.04
2828,6.48,4.93
1871,25.26,16.79
2266,20.41,13.96
1457,21.93,11.15
1347,12.99,8.56
3677,8.51,4.82
4293,18.71,14.69
2923,25.24,16.36
3484,27.95,18.85
2270,17.32,12.25
4783,18.44,12.4
275,17.29,15.35
1164,23.33,15.7
546,,8.78
3860,25.67,15.4
4176,,
3441,,9.03
3838,7.08,4.7
1037,12.84,10.26
3572,17.99,11.56
1101,5.5,5.22
3183,,11.55
369,9.09,7.58
3514,25.24,14.49
4291,18.05,8.75
4256,21.11,17.85
1768,16.38,14.92
3988,15.7,8.46
1157,8.12,5.59
1114,17.96,10.36
4277,14.44,10.04
3622,9.73,9.42
2717,20.81,13.74
26,24.41,
3604,11.24,9.53
603,8.6,7.9
1240,8.82,6.55
1089,29.77,16.65
4119,7.73,6.94
1647,7.32,8.66
1187,21.89,14.81
1677,6.1,6.56
3378,8.88,4.13
4180,11.95,6.95
1423,5.08,4.95
3615,13.55,12.32
1594,6.71,10.69
3381,13.58,9.15
1950,15.28,12.19
1876,18.1,12.77
2379,15.61,13.3
3950,10.08,9.95
3192,27.76,17.95
4382,,8.67
3175,5.83,8.86
2173,8.55,6.83
1397,15.2,10.24
4743,4.93,6.78
2260,15.3,8.94
2082,5.7,5.14
4379,7.78,3.16
3836,11.89,7.2
491,15.85,11.62
111,11.53,9.67
4152,4.0,3.82
2627,6.32,6.37
1359,11.2,8.28
1987,22.93,17.24
1250,20.03,13.44
3951,4.62,2.89
2109,11.2,11.14
1852,25.21,16.62
421,24.58,16.52
1055,29.95,20.25
3591,28.74,18.46
1747,4.5,2.69
2300,12.81,7.86
3160,11.6,8.65
779,22.72,16.81
4832,23.23,16.46
1229,29.58,19.33
2043,17.61,15.05
444,13.64,9.27
3983,9.83,7.34
1108,23.71,15.21
3772,27.46,18.2
4311,11.2,5.28
1685,7.45,7.19
3745,,3.9
3109,19.33,14.87
881,10.01,6.48
3427,18.65,10.44
460,7.09,8.33
3364,10.87,3.0
4709,25.33,14.47
2176,25.76,15.16
1381,8.25,8.99
806,23.15,13.28
1228,11.13,6.59
20,11.57,12.27
3326,23.55,15.59
2493,23.81,15.84
773,7.31,6.67
4196,8.85,8.46
1027,26.41,16.5
858,16.27,12.78
2659,9.51,5.41
1766,12.44,9.88
4133,21.21,10.43
2982,10.11,6.77
25,15.86,11.78
3272,4.26,4.11
2162,20.14,14.21
2415,17.14,15.79
2263,27.21,15.37
4623,7.81,2.56
2421,8.16,6.07
1344,22.91,15.85
1772,24.41,16.64
4654,26.08,16.49
1180,,11.66
221,21.1,13.62
4614,,6.59
3831,13.91,9.63
3049,14.34,11.44
4721,,11.07
4664,25.55,18.6
1311,6.08,5.01
1833,19.14,13.58
3786,6.72,3.29
807,28.29,16.5
3937,14.85,9.62
3539,21.52,13.93
2987,5.34,5.32
630,10.56,7.77
3325,24.33,17.46
4212,19.23,10.34
873,20.74,14.46
388,8.61,6.51
495,16.06,13.44
2541,21.12,12.52
2642,,3.43
2970,,14.21
3419,10.03,6.65
4026,25.43,15.8
928,18.08,11.51
2010,16.68,11.72
475,17.72,12.72
1358,14.96,11.23
2430,27.1,17.07
4115,19.62,13.44
626,13.59,7.76
2964,29.44,19.21
4883,24.82,17.74
1760,18.25,12.14
2189,24.5,16.52
2323,19.81,12.31
1569,20.22,13.87
2135,,12.69
2560,17.02,9.68
1837,7.33,6.58
1586,7.55,6.67
3864,10.64,7.35
3849,22.58,15.13
322,22.58,14.39
4334,20.74,14.59
4247,10.52,9.52
220,26.08,17.71
4395,,16.48
155,29.63,19.87
2968,18.61,11.13
4564,5.28,4.85
2206,27.87,17.16
2184,11.9,7.65
4218,16.95,10.45
88,20.58,15.26
288,18.11,12.48
4583,24.33,12.74
3453,21.62,14.47
186,21.16,17.38
3846,21.07,12.94
218,23.41,15.53
3799,8.49,8.44
602,11.24,7.61
4502,17.36,9.69
402,27.47,19.45
2956,22.06,12.61
1673,26.57,16.19
1692,17.07,12.42
2313,16.83,11.06
2547,6.02,6.53
3909,18.9,16.5
2368,18.52,12.74
403,17.14,10.75
2861,26.54,12.86
958,5.22,6.46
1879,,9.02
2567,10.04,5.82
3748,14.69,10.23
2702,29.38,17.45
107,,10.38
4418,4.62,3.98
4665,25.57,14.0
3711,,4.73
4642,12.14,10.31
3431,19.1,12.3
319,8.07,8.73
4225,19.16,16.18
4041,26.52,16.95
1938,25.45,17.08
1388,7.4,3.43
4865,12.16,7.63
4134,20.48,14.04
1975,11.77,10.41
982,24.04,18.27
2548,14.6,12.91
1731,11.96,7.93
4216,25.32,14.56
246,28.14,16.69
4001,18.87,10.28
4958,20.5,14.9
4906,8.2,7.23
1468,14.58,12.53
4976,15.61,10.17
441,6.21,4.71
2875,24.29,12.32
2274,20.96,11.07
584,12.55,11.46
3665,18.33,10.97
4703,21.24,14.64
550,24.08,14.02
245,,9.15
583,16.81,13.87
4064,10.58,9.35
1309,12.83,7.82
2697,21.62,13.67
351,17.08,9.22
1363,20.2,13.15
451,24.21,16.4
3286,5.97,5.69
3466,22.33,16.04
665,6.65,5.53
51,29.21,15.01
233,19.0,12.63
4766,29.8,19.62
1557,19.89,9.49
4297,7.73,9.66
1077,13.99,10.48
3309,13.61,10.59
2943,11.71,9.27
847,6.22,2.16
346,20.01,13.84
46,21.23,13.19
4298,7.94,5.13
2325,25.42,16.61
3897,7.81,6.3
4888,21.78,
688,11.28,9.47
2932,21.19,13.33
162,20.44,15.34
3187,13.28,10.15
3215,9.97,10.09
3351,9.59,6.65
96,16.84,11.36
977,19.47,15.64
4206,16.44,14.54
552,26.16,16.06
2121,24.89,15.53
1143,21.63,16.12
2743,9.09,7.53
4549,21.39,16.54
1064,14.86,8.38
3907,17.37,10.88
4565,10.01,9.89
2826,26.05,17.33
2052,16.6,12.56
4513,6.38,4.03
3630,20.31,13.72
303,18.06,12.48
1571,19.25,14.24
3254,7.05,6.91
4530,8.7,10.05
4398,6.01,5.5
727,7.63,5.16
570,13.05,11.58
3702,21.64,14.42
99,4.66,5.43
2978,4.3,4.81
4037,29.41,18.83
4235,4.54,7.88
4764,10.46,9.45
3593,18.76,11.87
391,29.75,20.22
1542,6.78,6.29
3032,14.88,12.78
3989,12.77,10.62
1204,12.41,9.55
1217,6.14,5.55
1721,7.7,6.75
3391,12.4,13.58
1525,16.63,12.18
1756,24.84,14.82
2081,4.71,9.57
938,27.77,19.52
4257,29.94,22.94
732,25.18,14.45
2897,18.02,11.37
2196,15.62,10.06
2354,26.72,18.42
1864,18.17,12.74
625,20.07,15.08
2473,27.65,18.36
2392,8.34,6.57
3883,28.91,20.13
4285,18.36,
3576,13.66,9.57
3979,5.31,7.78
1887,4.24,5.12
2531,21.6,14.61
4123,22.14,13.09
2880,8.84,10.66
3690,4.5,3.44
2750,20.53,12.53
4559,,22.53
4684,11.76,9.35
3487,13.23,10.14
3869,21.11,15.15
2423,23.66,
3893,21.61,14.78
832,15.76,11.2
4933,29.0,19.28
4232,18.47,11.25
2057,16.02,12.15
4999,25.21,18.91
2670,12.21,
1365,23.06,14.95
1352,19.05,11.32
4524,19.52,12.55
4357,9.73,7.52
418,12.55,10.62
4241,21.57,14.36
1691,8.55,7.47
1696,5.77,3.86
3469,25.77,18.57
1139,16.5,9.78
3268,18.58,14.8
831,9.84,9.07
281,27.14,17.42
4504,4.17,3.26
1693,14.37,8.99
1334,29.9,20.36
235,9.08,7.48
4506,11.43,12.76
4203,7.26,8.45
1927,19.29,11.94
774,14.33,10.31
114,25.01,16.63
3491,6.2,6.74
2529,4.23,4.89
2439,,
4676,27.05,18.68
377,25.97,17.06
1474,14.51,
436,22.23,18.4
596,16.32,10.93
757,,13.79
3749,14.46,11.19
339,16.33,15.25
2917,23.29,14.2
4611,12.82,10.5
3423,23.82,17.47
389,23.52,16.66
771,6.88,7.02
59,5.18,3.79
2760,5.62,5.33
4910,,11.16
3555,,5.83
4010,5.47,7.27
811,29.61,18.36
1094,17.33,16.34
1869,7.42,8.57
355,5.83,3.81
4855,20.32,12.75
4350,20.42,17.71
1345,23.31,13.13
725,18.94,11.76
3930,7.13,9.85
1219,21.02,14.55
1422,17.19,10.28
2412,7.65,8.03
48,17.52,10.74
2390,21.9,12.1
2863,28.71,16.74
3185,17.39,12.11
4457,,15.81
3198,26.78,19.67
3329,7.65,3.61
796,26.68,17.23
1539,8.72,10.82
1057,23.95,17.13
2887,17.18,11.64
1170,11.46,
2218,11.32,5.91
2646,13.36,9.38
4787,,17.97
4905,28.08,17.32
3643,16.17,12.59
4387,28.95,18.53
1278,29.65,16.65
3147,27.28,17.6
4021,14.69,9.18
3023,21.82,14.85
2191,10.77,11.79
47,12.1,12.62
2387,13.65,12.51
1845,28.52,17.99
3169,23.88,13.87
1997,28.87,20.62
2259,12.24,8.24
4099,10.72,8.03
676,29.54,13.64
4904,12.0,7.77
3932,8.71,5.67
2200,13.89,10.06
1035,6.0,8.28
604,6.31,7.02
3406,24.97,13.92
3007,27.56,17.0
1298,6.72,7.7
1277,10.29,7.24
1269,19.6,13.47
1200,7.38,7.53
1066,23.18,16.13
2665,,11.93
3414,,11.41
4458,7.64,6.63
1961,7.08,6.12
4671,13.44,10.28
4527,23.5,13.25
223,6.44,5.26
1304,18.07,12.42
1296,9.2,9.73
438,25.37,15.05
1945,,14.65
2756,11.55,10.88
1809,8.53,7.11
4866,20.53,
2829,15.15,10.77
3474,22.19,11.53
1801,28.87,18.41
3915,29.11,16.34
3862,19.91,13.79
398,15.15,10.26
3058,,6.52
2739,29.03,17.9
21,19.91,13.54
2130,15.11,8.1
406,27.28,14.66
2222,18.06,9.67
4249,19.2,14.15
4796,12.33,8.85
3498,27.04,18.51
4448,24.78,13.87
4983,21.25,12.17
2425,11.52,
4018,27.29,16.82
2431,19.68,15.34
4576,12.13,11.49
77,24.05,14.8
4065,26.5,17.26
2640,22.27,15.19
4731,7.13,6.3
4309,25.54,15.81
2746,24.31,14.21
534,18.44,13.57
3267,16.33,9.2
4105,11.69,7.8
3641,10.19,8.05
1212,15.74,10.2
726,25.89,19.74
2047,5.76,6.45
476,29.82,15.39
91,7.11,4.34
3682,7.26,5.18
1878,17.22,11.49
3790,29.49,19.16
2781,5.3,6.01
2592,24.9,18.46
2728,,9.23
3978,18.3,13.4
2712,17.47,12.71
4381,5.61,8.84
2427,7.02,4.88
4118,,8.73
2796,19.43,13.79
3926,4.67,6.53
3925,29.75,20.41
4254,17.15,13.73
3366,20.55,16.39
3597,9.98,6.66
3691,25.5,18.26
4954,21.52,
3317,16.58,10.57
4396,25.9,14.31
2457,15.55,12.63
627,16.03,13.93
3952,25.71,14.82
3771,18.21,12.07
459,5.46,6.38
4102,15.09,12.5
2231,23.32,14.64
2804,28.96,16.77
4767,26.3,19.51
2141,25.3,18.61
4673,22.86,15.05
2182,9.53,8.12
3620,8.55,5.17
3580,16.81,8.89
4460,18.26,14.64
1708,9.62,9.48
4231,22.25,15.21
2879,19.37,
1694,7.81,8.07
1215,22.04,14.87
722,8.71,6.44
3403,29.97,18.17
999,28.71,19.35
3917,22.94,9.99
2221,22.3,12.51
2805,17.56,10.44
4286,19.48,17.15
1940,6.0,8.31
3647,16.67,12.38
2155,6.62,4.08
2151,12.72,9.2
1761,15.81,11.3
4753,21.57,14.3
189,,11.84
840,20.44,14.27
3717,12.84,10.93
3209,15.42,12.22
2869,11.34,9.53
2671,20.77,11.71
2161,20.93,11.97
1712,5.6,7.61
3152,10.46,10.4
2881,12.62,7.88
410,6.37,6.09
1979,26.69,19.43
1959,20.54,13.67
2687,7.23,5.41
4431,21.62,14.84
3070,21.58,14.43
3892,17.81,11.81
1606,17.5,12.97
3839,28.28,17.36
579,16.8,10.86
1702,15.24,13.33
2675,27.15,19.39
3022,15.25,10.27
3696,4.78,4.48
2309,6.96,5.3
1393,8.41,5.74
1554,26.99,15.05
3896,25.44,16.35
1015,22.34,
67,7.66,5.84
4522,19.01,10.96
3411,14.69,9.67
3091,15.71,12.04
3504,4.78,7.83
4325,25.05,17.78
1291,14.32,8.48
1849,27.06,14.46
4051,28.3,21.01
4380,17.15,9.55
3603,8.82,9.25
1060,20.32,12.86
4048,18.67,13.81
372,4.47,5.65
4213,18.15,14.15
2637,29.12,18.97
4850,6.83,5.49
1050,4.55,6.23
2988,17.12,9.98
4895,14.06,9.25
3412,7.38,8.68
430,7.04,5.39
2558,11.79,8.34
2851,21.07,15.69
3957,28.09,15.54
384,26.81,19.11
4067,7.27,5.94
1185,6.67,5.67
1891,6.58,4.13
2918,26.06,18.45
2467,14.27,9.56
585,20.47,11.26
1774,28.84,17.59
4822,11.51,9.87
3672,5.29,4.7
4450,23.0,14.94
1884,23.79,12.57
4672,26.86,16.97
1737,15.69,11.78
4575,23.76,13.9
4432,18.22,8.13
1193,12.99,6.8
2777,5.14,8.47
2125,29.59,17.27
1070,11.47,10.13
2668,20.94,14.38
3373,10.88,6.47
1018,18.77,
2648,17.01,12.34
4096,16.1,8.83
3179,25.17,15.56
4338,27.46,19.65
4674,,4.55
3538,13.24,9.15
3832,25.02,17.06
1599,6.23,8.97
3380,,14.48
3505,27.33,18.93
3792,,5.66
4774,25.29,
1081,24.44,15.61
3913,4.17,2.99
1087,19.95,15.79
1233,9.54,8.74
2714,13.67,13.29
30,,3.38
3755,,10.44
781,22.04,14.67
198,27.32,17.54
4126,21.59,16.04
239,20.78,
4723,9.31,7.04
4680,,14.98
837,27.79,15.81
702,5.35,
497,19.18,12.43
2512,26.97,16.22
4586,29.11,18.89
1597,11.13,6.4
3746,9.52,8.72
4438,,16.3
4636,28.76,16.54
357,4.69,
5,8.06,7.9
2872,28.61,14.44
2733,5.5,7.21
2137,6.06,3.43
2976,,9.67
2181,11.94,7.69
1717,5.5,8.01
3905,25.95,15.17
3645,23.77,13.71
3395,27.42,
273,26.54,17.18
2144,12.17,8.6
2317,11.14,6.82
3947,21.2,15.21
814,27.94,18.4
3807,15.21,12.18
1012,29.68,20.57
2100,14.3,12.56
4465,21.56,18.05
4062,9.47,8.99
2926,27.45,16.15
841,4.34,1.84
1150,26.55,15.83
1082,6.32,3.1
4596,20.78,16.98
1810,6.56,3.89
919,23.85,14.76
4912,18.4,9.02
3922,14.41,9.27
4997,7.1,7.26
1488,22.08,11.45
1441,29.22,16.93
468,26.58,18.7
3065,20.86,16.87
1489,14.1,9.02
2401,12.86,9.31
868,8.73,6.55
1784,20.57,11.63
143,16.93,14.17
4145,27.88,14.26
4093,16.44,10.96
3781,14.39,10.71
3342,19.05,12.91
3879,18.48,13.74
3534,11.78,12.1
439,22.36,15.08
2611,25.82,17.42
4612,,5.61
2607,5.22,
1455,4.79,5.57
4558,21.66,16.33
690,8.86,6.4
4981,29.41,16.72
1300,22.37,13.29
2406,19.75,15.65
638,10.3,9.66
2365,19.01,11.5
2479,7.25,4.44
4172,29.67,16.53
293,,13.65
1690,23.89,17.19
4840,11.12,10.34
354,8.24,4.28
695,6.99,7.28
4385,26.83,16.97
425,,4.58
1841,13.68,10.85
2822,9.95,10.97
1687,27.99,16.44
243,27.79,16.92
52,24.15,17.14
1029,12.3,12.01
484,20.32,11.64
3200,14.21,11.03
4054,18.46,16.63
3885,27.04,17.27
540,,7.06
1981,8.84,8.52
2686,4.5,7.6
2825,12.36,13.14
538,10.43,10.13
3814,19.96,13.71
4993,12.88,10.71
4542,17.47,9.72
3299,13.76,11.31
1007,22.0,13.91
3230,9.78,
721,28.4,17.1
4484,18.83,12.8
1145,10.94,8.49
249,29.05,19.19
4658,18.27,13.17
4610,13.79,8.75
715,13.07,9.12
13,25.64,15.56
152,10.23,8.52
1024,29.25,18.16
2720,4.61,3.9
3277,25.93,14.75
3600,21.2,14.09
1511,25.14,
3093,14.37,13.3
922,16.67,9.24
2070,12.59,10.23
2586,,13.56
180,7.58,6.42
4732,5.76,7.82
1505,13.89,7.71
1344,22.91,15.85
3778,,10.58
4349,25.47,16.35
1499,13.87,9.05
2701,17.55,10.62
467,11.43,9.76
3459,22.13,13.53
933,29.59,17.68
27,9.19,11.18
1868,8.29,6.64
1653,10.84,10.49
3959,5.32,2.75
1308,24.84,16.93
3358,13.95,12.19
227,29.3,20.39
4383,18.92,13.02
4227,,8.56
3769,8.27,7.65
85,12.09,7.74
631,,16.36
717,25.6,17.02
2500,14.6,10.3
1828,29.18,15.63
2693,4.26,
1922,4.08,1.52
4934,15.57,10.46
1191,5.75,6.37
1675,24.54,15.69
3965,4.29,5.02
2856,17.15,14.77
2007,15.69,8.13
506,8.23,7.21
2864,19.12,12.79
3347,11.04,10.13
3182,11.52,8.76
1914,13.58,6.73
1528,11.99,9.32
2004,10.49,9.77
3611,18.85,10.12
3982,24.95,18.54
1161,25.47,16.96
3384,10.75,9.69
3013,11.98,7.29
110,6.0,6.13
898,27.3,16.34
689,24.01,12.92
614,6.13,5.33
3372,19.48,9.71
3330,21.45,14.72
3729,8.23,8.38
4343,25.33,14.63
2220,6.93,7.88
2520,22.79,12.75
2037,6.97,6.76
3276,25.36,19.25
3685,21.61,16.37
4240,12.62,9.97
2765,7.49,5.88
2033,,12.14
3000,,18.9
4401,7.21,11.11
798,18.69,14.04
3257,21.99,17.79
1182,12.89,9.46
3627,4.02,6.83
3503,29.93,15.76
3051,9.34,9.34
4426,14.22,11.01
2205,23.24,15.4
4500,14.9,13.21
445,25.13,15.09
3571,12.16,9.58
228,14.22,9.04
3631,23.51,14.28
1366,7.42,5.05
4876,20.71,14.04
1072,10.07,7.61
970,16.38,13.89
103,12.17,10.87
4677,5.23,6.62
1933,18.58,15.01
1995,23.54,17.65
2907,,23.17
4666,22.44,18.0
985,22.93,14.31
842,21.25,12.43
55,19.55,9.51
3850,5.78,4.25
2410,15.8,9.32
1587,22.07,14.32
3919,21.45,17.99
643,9.5,7.38
2917,23.29,14.2
4221,,10.52
2546,16.68,9.14
1483,18.16,12.17
3857,13.22,10.03
3625,,7.63
3422,20.22,12.62
1932,18.6,11.09
3731,7.91,7.45
2951,25.52,14.29
3061,11.73,10.24
2984,25.25,14.01
380,11.33,8.54
2502,23.88,17.26
3629,24.61,14.08
2757,16.22,9.39
3553,19.1,11.1
462,20.88,14.61
980,19.52,13.78
2250,,4.41
89,27.07,18.94
4386,,12.24
4913,17.9,12.07
2582,27.11,18.86
3015,20.15,13.75
443,13.73,8.96
4947,20.2,13.49
763,10.46,9.29
3433,23.67,16.37
1820,13.93,11.09
4284,5.52,4.67
3820,16.41,12.81
424,16.85,15.55
4471,27.58,15.77
2105,24.62,16.05
2293,9.38,7.26
4759,15.98,14.15
119,27.21,18.81
2974,23.1,12.89
4399,8.42,7.29
1281,20.07,13.13
447,,19.06
1978,15.17,8.87
3142,,16.69
3985,25.25,14.76
2865,15.35,9.3
571,17.36,
1285,12.49,8.6
3888,20.52,11.72
4000,8.2,7.53
3628,26.64,16.1
4570,26.34,18.04
4073,19.45,12.52
1172,29.51,16.2
2307,6.26,2.9
1342,16.03,12.39
3278,16.61,8.51
871,13.71,11.23
1839,28.13,15.75
1519,10.33,8.12
2342,5.85,7.55
1159,26.67,19.02
1649,24.33,14.89
279,22.25,10.43
682,10.71,9.78
2928,29.61,16.4
2962,12.98,8.8
2965,26.27,14.85
2201,29.4,18.64
4973,17.65,11.93
3552,7.57,6.66
4462,17.51,11.83
4650,,4.17
2471,9.92,4.71
3173,8.15,8.89
1492,13.7,9.42
1500,26.45,15.91
1459,9.61,5.65
575,26.42,16.28
1429,,11.6
1019,27.8,17.22
3866,13.23,12.88
3517,6.21,4.81
543,9.94,7.91
3902,13.86,9.41
4070,26.02,
4578,9.45,9.73
1962,14.66,12.47
1466,5.25,7.46
3670,15.68,4.48
3239,20.02,14.08
146,4.96,5.37
2282,13.41,13.26
3235,14.17,12.43
1629,6.51,6.08
1067,10.21,6.79
4197,4.67,2.16
4251,13.82,
1004,23.04,17.04
3875,5.09,4.26
2316,7.42,4.16
501,22.15,15.68
457,4.3,6.81
318,8.51,5.58
2506,6.84,5.43
618,11.2,9.84
1818,24.0,17.24
2413,16.63,7.91
3003,10.51,5.05
2264,,13.89
2681,10.96,9.18
1209,11.11,12.71
433,20.07,15.33
2332,5.55,3.6
4694,17.53,10.04
883,4.51,4.87
3501,11.45,8.96
3783,4.28,7.8
231,24.67,15.19
1346,15.06,13.24
1460,21.13,13.41
4403,10.39,4.63
2097,19.02,14.44
1806,24.14,16.14
986,16.88,12.21
3521,9.96,5.85
400,23.62,15.84
3942,27.35,17.44
2718,29.33,
305,22.88,15.38
2886,28.46,18.13
3043,6.95,4.06
205,19.77,14.07
344,15.28,11.27
160,22.93,13.71
4328,29.55,20.18
1814,4.54,3.12
2674,9.18,7.55
1742,23.07,15.28
2708,10.91,
1892,14.44,11.92
2128,8.31,6.18
4253,12.82,9.75
4015,,13.8
2573,12.36,9.56
1861,24.19,15.06
188,18.44,15.62
1214,24.67,16.05
4516,14.59,10.57
4307,16.4,17.6
2053,8.31,8.62
3535,10.05,
207,6.64,5.22
4589,21.46,12.72
3388,18.49,11.82
4185,7.46,8.19
3751,27.28,20.19
835,,11.78
4696,26.88,15.24
4302,28.43,20.55
2530,29.94,18.4
4202,9.1,6.67
3963,4.74,7.11
945,,6.26
2080,24.07,16.46
4556,,14.95
3136,20.04,
2477,7.4,7.45
1133,6.11,6.22
382,22.12,12.73
1061,26.72,13.96
3625,,7.63
3201,18.39,12.67
2315,29.81,21.4
3744,5.45,7.12
855,,8.51
621,8.8,5.73
3987,6.48,6.63
196,13.08,10.3
241,28.45,16.63
3473,19.85,17.54
356,20.7,14.11
2704,4.44,8.18
1420,28.28,
914,14.64,14.77
3512,5.74,7.5
4344,25.48,18.22
4560,29.92,18.14
4058,5.04,9.01
3559,6.14,8.98
3369,8.96,6.62
2039,9.86,
2492,9.28,5.2
3218,4.05,4.0
204,27.36,12.81
2165,16.25,15.65
4444,14.38,7.79
788,14.42,10.47
688,11.28,9.47
1059,16.48,10.8
2645,5.25,
2791,22.5,15.14
899,4.34,3.43
1117,6.38,5.76
1201,23.71,17.4
3104,15.28,9.91
4786,13.8,11.72
907,25.25,15.38
1284,4.25,2.91
679,29.21,17.75
3727,5.61,5.58
2689,16.81,8.93
4405,29.73,18.17
3822,13.43,10.98
509,28.69,17.39
259,18.82,13.29
4053,,15.2
1740,14.77,10.01
2516,28.09,19.74
408,4.28,3.85
2817,16.97,15.55
3533,12.48,9.19
4712,15.91,
2738,18.16,11.5
1550,20.46,15.59
3640,9.4,8.87
882,21.47,14.28
4616,12.24,13.1
3352,15.05,9.01
1515,9.09,6.37
3861,25.18,14.92
2048,22.4,14.11
3035,11.22,9.25
963,10.38,9.37
2734,28.9,19.79
1536,7.17,6.41
2641,11.75,8.48
816,17.49,14.43
1156,23.57,13.44
1819,20.24,13.69
3344,8.07,5.04
606,,11.19
576,28.69,18.9
4190,22.22,15.77
4236,12.21,11.97
4931,15.02,7.58
2527,9.48,8.67
3037,15.23,13.69
493,11.21,7.67
1126,18.32,15.47
1516,4.2,4.31
4189,22.03,14.12
2517,4.5,3.72
976,10.82,7.77
1897,20.02,11.3
4842,28.79,16.24
1620,23.0,15.1
4682,,10.4
4476,16.58,11.79
1031,4.96,3.41
2771,5.98,8.37
3710,29.05,17.78
2317,11.14,6.82
694,10.3,2.92
3657,12.85,11.36
100,6.81,7.62
3324,19.18,11.87
2337,15.86,9.05
3511,12.72,7.58
3671,10.17,6.64
1261,10.99,8.82
4060,29.79,17.98
29,19.4,12.46
3904,,10.93
2494,14.05,9.64
2814,8.23,2.73
3033,23.52,17.87
4226,22.99,16.44
4922,23.19,12.27
1104,28.12,
3992,,10.17
3138,23.19,14.97
1628,17.93,10.57
1611,26.88,16.97
2213,4.47,6.26
3773,12.94,11.96
1002,18.09,
2279,20.49,15.93
940,18.99,15.42
3788,16.06,11.63
4074,19.68,15.75
2199,18.21,11.65
1251,24.71,17.09
917,11.66,9.15
3967,11.97,10.47
4400,7.3,6.49
129,4.18,5.83
4799,7.18,5.1
4632,12.11,11.35
2963,12.73,8.84
962,19.68,12.65
2866,19.08,14.25
1430,26.57,15.09
2261,24.12,19.89
4532,9.16,6.47
639,11.0,8.93
1328,24.53,17.3
2945,23.73,12.9
542,19.76,14.36
3713,22.36,16.75
1686,26.41,18.74
4804,8.94,6.17
2839,23.79,17.75
324,11.28,9.59
4651,5.39,8.95
1636,10.1,8.4
1227,14.34,9.01
1009,10.49,8.7
675,14.67,12.63
2948,17.23,11.8
4886,26.98,17.94
3928,21.15,15.44
3974,22.45,14.85
1020,4.88,3.33
764,23.34,15.11
4562,11.47,8.33
1129,13.69,7.91
1725,22.0,15.85
3020,24.38,16.33
629,4.95,4.15
4871,13.94,10.32
1153,22.13,14.47
3852,7.03,5.55
3743,23.68,17.32
4688,4.28,3.62
3148,21.33,15.79
4359,18.86,15.49
1136,5.98,7.66
3137,23.31,16.33
4685,24.16,15.18
650,16.96,12.18
363,15.91,8.9
2519,21.88,13.85
4393,,15.79
2705,24.02,16.71
4239,22.25,8.91
4878,22.1,15.14
4415,14.68,10.47
2386,19.14,14.14
2521,22.01,14.3
2949,13.6,11.8
1651,4.94,3.86
1777,21.89,15.54
2900,4.98,4.22
3079,,10.6
3715,29.74,21.59
2818,4.31,5.16
838,13.42,4.16
2178,20.71,13.27
4004,8.0,5.21
3561,11.97,10.44
2561,24.66,16.85
4789,16.82,10.94
4681,11.03,8.06
1509,19.81,12.6
4182,21.49,14.29
3151,20.39,11.08
2894,21.02,11.94
712,19.49,14.34
1786,27.27,17.09
244,13.62,10.64
728,24.68,16.14
1068,6.87,6.03
1767,23.17,13.85
4445,14.65,13.49
4223,27.35,14.36
4921,28.75,
1860,,14.69
2403,14.65,
531,25.14,18.66
1102,29.2,17.1
3990,26.64,19.57
568,15.37,10.83
4772,14.49,9.88
2028,29.51,17.67
2696,,9.76
3689,5.72,7.58
1869,7.42,8.57
2469,16.36,12.29
1561,13.19,10.05
3973,11.16,8.03
4862,25.01,17.4
1367,22.61,13.57
2499,29.5,15.31
2909,11.91,7.03
3295,29.17,18.08
4127,21.67,14.48
4030,13.37,11.02
3589,7.28,8.77
3497,,14.32
2450,12.9,9.59
1416,28.35,16.46
4525,25.06,17.37
2396,12.99,
808,28.06,18.11
4715,17.33,11.39
3428,20.24,12.72
4377,13.95,8.69
1578,,11.18
3584,26.35,15.57
1407,25.95,13.17
1874,25.86,17.95
3638,5.04,2.7
2820,13.28,9.45
3626,10.84,6.26
4894,10.26,8.11
405,12.32,9.19
508,,19.16
2832,21.22,12.07
1196,26.66,18.48
4749,14.19,11.22
2537,23.25,14.85
1126,18.32,15.47
1178,6.78,7.7
4321,19.1,12.66
4510,28.48,18.98
1293,18.76,13.37
3735,10.41,7.84
2756,11.55,10.88
4414,20.69,15.6
3725,13.69,8.17
2429,12.16,8.72
1983,15.91,8.1
2273,16.68,10.07
2844,28.72,17.54
1008,26.08,17.63
63,25.55,14.09
271,25.04,17.71
4210,5.48,4.54
700,16.51,11.81
1123,26.42,18.37
2257,17.45,11.56
144,,8.6
4929,23.34,17.24
876,8.06,5.36
4706,14.98,10.34
1585,29.68,20.84
993,11.08,7.76
2802,27.61,15.0
2091,,16.7
2774,15.95,12.1
1924,13.24,8.7
3319,24.92,19.77
4963,11.59,8.11
3585,14.58,12.35
2451,11.03,5.7
616,27.94,18.52
1936,24.93,16.9
3294,18.09,14.76
4615,10.46,7.62
4110,19.0,10.83
2577,29.45,13.83
1904,4.92,4.22
2626,29.07,18.14
3216,7.06,4.99
4098,6.12,9.92
869,26.41,18.39
3918,,10.63
101,4.82,2.24
2101,27.79,21.75
4326,28.71,16.37
637,17.85,11.3
1080,28.7,16.96
4122,17.66,14.01
646,27.15,19.09
4978,9.36,9.13
2034,29.27,17.45
3738,23.53,13.87
969,18.73,11.87
1580,18.21,11.33
4781,5.77,6.17
686,18.48,11.34
2262,19.65,16.67
3269,20.34,17.95
1574,26.43,14.3
2333,19.7,12.61
4003,23.76,16.31
4170,6.51,2.6
3968,5.05,6.69
730,8.26,4.1
3087,14.61,8.45
3107,22.81,12.76
3961,18.92,13.61
3609,28.11,18.57
4948,23.28,14.83
1326,12.76,8.53
972,28.36,18.38
2740,5.97,6.26
2376,11.16,7.69
4199,,9.9
3518,14.03,7.79
1583,19.46,11.66
3740,19.03,11.51
2447,10.74,9.93
461,7.06,4.8
1969,12.7,10.39
2597,11.06,7.65
2362,14.97,12.76
3481,8.0,4.86
277,24.76,16.7
4935,16.72,11.2
3479,16.7,10.91
407,14.12,8.57
1337,9.19,6.16
2428,28.85,17.6
4966,9.62,5.02
1154,21.68,
4582,11.89,7.21
3290,9.29,10.65
2202,6.88,7.51
4885,6.86,4.32
505,21.8,12.91
3162,4.57,4.48
2123,29.15,18.85
4362,19.71,13.59
2690,14.51,11.3
4155,10.62,10.42
4435,5.89,3.28
4870,,16.94
1656,,17.6
1856,10.56,7.84
270,11.63,7.93
4496,19.86,13.78
946,4.29,7.75
772,26.01,17.45
2000,11.34,10.12
178,14.06,8.36
3889,20.38,13.36
2454,13.03,11.12
2922,22.53,15.35
73,4.14,4.64
2060,18.18,11.36
268,22.26,12.72
4211,6.74,5.3
332,23.7,13.59
1798,5.87,5.91
936,11.08,9.37
261,19.99,11.72
4028,8.06,8.97
1640,,
4034,29.81,19.47
98,15.12,9.57
2472,29.06,19.08
3256,7.71,6.55
572,24.37,14.22
3229,6.74,5.34
1316,20.73,12.57
3189,25.54,16.41
3935,11.99,8.03
913,20.23,15.75
3811,21.99,16.05
1870,22.88,17.68
4434,27.98,17.52
519,,20.96
3199,6.67,0.37
4305,25.54,16.58
2695,29.05,
3496,9.49,7.62
1993,19.87,16.44
3995,,7.75
2947,17.36,10.91
664,10.17,
304,20.57,11.04
1076,15.12,14.49
4394,5.19,6.05
2784,24.62,18.2
3825,9.44,12.37
623,13.63,11.42
2813,21.33,10.74
2535,23.18,17.12
997,,19.59
3924,10.91,6.67
1469,26.64,16.2
2018,27.4,21.26
687,18.86,14.85
2288,12.62,8.3
4601,9.16,6.31
2087,6.74,2.67
1512,22.67,12.97
323,21.17,14.03
4393,,15.79
1412,6.91,8.39
3775,21.13,12.83
224,13.56,11.39
2610,5.63,7.68
3356,6.0,3.89
3691,25.5,18.26
4844,5.12,5.72
851,,
2209,11.6,12.28
2204,5.09,4.9
1688,16.66,12.33
1851,11.43,9.32
2234,26.16,16.41
208,21.25,14.63
2140,26.31,17.55
1834,23.45,13.05
4183,21.74,13.86
3921,28.62,15.69
2931,19.36,10.72
2799,29.51,15.65
138,22.28,14.2
2299,6.81,5.86
2571,14.53,9.12
1234,4.81,8.39
1701,29.11,13.41
3488,5.35,2.64
2389,22.35,17.16
341,16.78,13.82
3528,23.74,16.68
4428,,6.51
4439,29.81,19.08
3835,15.94,13.14
3193,28.77,17.62
3703,12.26,10.94
4138,12.41,11.73
3753,12.16,10.3
1923,20.11,12.54
2986,29.14,16.49
1003,26.7,20.33
2191,10.77,11.79
1929,20.7,12.74
737,14.2,11.86
1560,27.4,18.53
2769,17.02,13.79
253,26.13,12.57
1720,10.22,6.46
1272,26.36,17.72
1823,19.99,13.69
3705,28.63,14.87
3563,5.48,4.31
2405,21.61,13.6
2842,23.61,15.01
1948,7.83,6.18
1192,19.14,13.84
4644,7.42,7.59
1965,18.87,12.56
1758,16.68,12.78
2092,29.08,16.89
1010,16.73,13.95
1295,24.82,13.63
4707,24.41,16.37
1270,11.58,6.93
3986,28.19,18.26
4222,19.95,
3163,11.83,10.14
3145,10.99,8.79
661,13.26,12.74
2298,,5.87
2596,24.16,17.04
3008,4.32,6.14
4951,14.27,8.66
4273,7.94,5.95
879,4.7,4.8
4982,10.3,7.94
4117,27.85,18.15
1744,4.29,2.17
3764,11.49,8.28
1418,7.17,5.95
1498,16.05,11.22
731,8.27,7.91
334,7.02,6.18
3155,15.51,15.91
3938,8.17,7.71
2040,10.53,11.21
360,18.96,10.47
3133,28.25,19.36
1220,11.1,4.87
2188,23.92,13.04
3578,16.72,12.9
3413,4.58,7.38
3264,4.47,5.24
4302,28.43,20.55
900,6.22,6.06
4369,8.25,5.41
1886,16.0,11.36
3255,12.77,10.33
167,12.34,8.93
1,13.74,8.98
3154,15.12,7.73
2393,15.19,10.65
4045,14.69,10.98
1329,21.13,16.44
2766,28.91,18.46
4149,22.95,13.23
2580,20.84,13.83
1056,13.12,15.32
3471,4.5,4.57
4081,22.0,11.34
2806,29.41,19.61
3803,25.29,17.1
2882,26.23,17.93
2797,5.9,11.03
1630,15.71,10.18
153,7.77,8.99
2383,27.83,16.92
3490,15.01,8.19
2885,5.79,2.99
1601,8.99,9.65
158,23.8,15.72
1357,27.42,18.83
1918,19.42,12.04
3728,6.4,5.95
4346,,7.91
412,28.7,15.27
4,19.57,14.91
2603,23.46,15.55
4219,21.92,14.3
3248,14.71,6.95
287,,11.86
1395,12.76,8.6
3984,9.88,9.01
4162,6.21,2.54
2557,17.59,12.05
1518,27.35,17.18
3732,29.17,18.02
2583,17.08,
745,10.04,6.59
4237,5.48,6.88
4207,19.22,13.55
4884,8.68,4.82
2310,12.98,8.99
3546,8.03,7.75
2417,13.99,6.63
768,26.8,17.17
2335,6.98,7.98
1239,29.17,18.94
3949,,7.33
1974,17.47,10.5
4861,20.26,14.54
2409,29.69,23.83
3529,29.16,20.25
3108,4.24,2.75
2601,20.37,10.55
4998,12.52,9.11
2545,6.3,5.56
4486,23.3,13.68
878,21.13,13.62
4289,12.98,9.65
4120,22.58,15.19
955,14.89,7.65
4259,13.22,2.87
3493,26.91,16.49
877,22.62,16.07
2177,11.26,9.69
2269,10.17,9.87
2632,22.3,13.92
2461,29.84,18.25
4318,5.05,5.76
1991,23.9,15.83
1219,21.02,14.55
4585,21.98,14.01
4675,14.6,7.84
2816,24.06,16.62
1893,,16.47
2055,26.1,18.93
4881,9.31,8.1
1173,20.43,13.49
1262,24.74,17.49
3314,4.22,8.1
22,7.63,8.08
2249,19.57,15.21
2787,28.98,16.56
3906,16.58,11.75
4077,15.16,14.65
4255,8.21,8.17
894,14.33,10.55
4765,18.0,12.77
1667,9.42,9.3
214,9.83,7.52
820,12.72,10.7
551,17.52,
678,14.34,10.2
4175,26.71,15.37
3940,14.87,10.25
1406,16.34,7.52
1118,26.81,16.48
353,,16.29
2505,9.21,6.19
3205,21.6,15.44
691,12.42,10.02
2378,24.51,15.79
2617,13.37,11.08
4526,15.17,13.37
3436,14.12,11.36
515,5.18,3.26
169,5.06,7.35
4649,26.7,19.8
2585,19.23,12.47
1788,19.96,13.38
426,,12.62
2426,27.4,13.43
1684,25.38,16.29
1618,21.21,15.56
916,15.34,12.64
1911,11.95,10.17
1186,28.37,18.08
4376,16.57,13.12
1383,29.2,18.92
4698,17.2,10.85
2621,24.51,15.63
3333,8.42,9.71
2608,11.18,9.7
3232,19.8,14.48
471,4.32,2.97
3548,16.6,13.08
2280,5.84,5.66
673,6.09,5.95
4821,11.39,6.63
1706,6.75,9.03
634,17.83,11.91
2716,11.79,11.75
4528,27.74,16.74
320,10.51,7.76
2212,24.93,14.64
4833,20.78,16.51
316,22.1,17.22
1054,24.77,16.03
2919,14.99,9.26
2318,14.26,9.75
4968,,16.16
2576,20.65,14.12
4447,8.7,6.23
2534,4.37,6.01
18,17.64,12.54
4820,9.18,5.22
3246,8.46,10.97
2399,20.79,12.27
161,13.56,12.39
3621,21.49,16.07
1286,17.46,12.85
3165,,2.02
669,8.85,7.49
4762,29.66,19.96
3088,4.4,5.5
3684,10.16,9.61
8,,14.78
663,19.75,11.4
3936,18.21,13.1
2719,,18.31
4949,24.93,15.67
4591,18.95,13.79
4887,12.92,10.53
2845,19.01,
2688,14.75,11.41
2277,23.33,14.86
53,28.43,14.42
