Asset_Size_Cr,NPA_Ratio_Percent,Capital_Adequacy_Ratio,Entity_Type
998.0877450245803,11.931365953914531,6.631684961167189,NBFC
10003.093787378864,3.398700628618591,11.036329185009137,Small Finance Bank
48556.706805399306,1615.5928016904475,0.0,Public Sector Bank
10000.33667772784,6.570647453918232,13.525891537186803,NBFC
47552.80278740889,5222.80438534536,3424.457448131557,NBFC
9998.61898961038,5.254041236054117,8.87942825464253,Small Finance Bank
51536.49760438305,4066.3105941948006,3163.1442096180613,Public Sector Bank
1000.085318142565,11.191734278359073,7.169555593443435,Public Sector Bank
54127.08174494015,4069.5481800031926,6542.394035771646,NBFC
9999.994938313883,4.744723066212607,10.320157926009088,Private Bank
999.8232258368843,10.451381701136253,7.508846252857896,NBFC
999.5757636666019,11.430167071761241,8.32950873557301,NBFC
999.5299578522405,12.26587822965205,7.563280263959404,NBFC
1000.6157711497711,13.203884437168817,7.860553724319001,NBFC
1000.7324921027798,12.288723662825022,6.345112563771703,Small Finance Bank
51760.276982571486,0.0,7233.823020366297,Public Sector Bank
48773.05941998565,0.0,0.0,Small Finance Bank
57206.366445330576,0.0,5830.818760774798,Small Finance Bank
1000.4977430890914,12.665924252054461,8.421586610614456,Small Finance Bank
46163.26218555975,4363.603183603391,931.7100286917587,NBFC
998.0298961822882,12.892597338299309,6.788828070719219,Private Bank
999.3032281815704,12.582026567084727,8.260442263333555,Public Sector Bank
999.6402313542109,10.673952313917962,7.586534838876724,Private Bank
999.7559195263258,11.960692712372369,7.865503215598268,Small Finance Bank
45175.38269709948,3432.2572999921967,5307.122434247939,Small Finance Bank
9999.494371043324,4.079896004688591,10.546295470267808,Private Bank
999.2658262012216,12.08199555641356,8.457280404615242,Private Bank
54386.811452878355,0.0,149.4291949726539,Private Bank
1000.784604287898,11.980739620265606,7.737109170791732,Small Finance Bank
998.3695267562848,13.205994516546816,8.777407352764511,Small Finance Bank
10002.314865292408,4.266725867320589,9.320573850066483,Public Sector Bank
49464.848200227214,0.0,0.0,Public Sector Bank
1001.6172125749687,12.104355937523213,7.101215951676872,Small Finance Bank
999.6801524767452,12.15175799224874,7.164857098369977,Private Bank
52412.362076215926,0.0,3585.00247046046,Private Bank
9999.906110308151,3.8690531166999858,10.57898738469984,Public Sector Bank
1001.2230830670953,11.741145599630169,8.352504968356879,Small Finance Bank
1000.5844129804725,13.976440584515485,6.435758388288948,Public Sector Bank
49686.60451363414,4777.711602506191,0.0,Public Sector Bank
53128.33673882503,0.0,0.0,NBFC
51843.36654436451,0.0,158.72411467408745,NBFC
9999.729280129613,9.789661351767291,11.44812936254853,NBFC
53955.15973521523,0.0,7028.9715546804955,Private Bank
55265.76426666452,0.0,3422.503486863122,Small Finance Bank
999.2820811092524,11.769475374819748,9.17972520836071,Small Finance Bank
46037.3963078365,0.0,2539.936394902286,Small Finance Bank
1001.4196030045136,11.399576434261295,6.1334600486393835,Small Finance Bank
1000.2653623493997,11.417241342388419,5.561182841723571,NBFC
10001.494071528708,3.8648073671458087,8.867283999887235,Private Bank
10000.873146555203,4.660273851725252,9.56084114491478,Private Bank
1001.2637066776547,11.153684022534264,8.543479378670092,NBFC
9998.94701246829,4.0056486236735775,8.89609209230046,Private Bank
10001.605225357474,4.96021811112641,9.677188023158424,NBFC
1000.0002070649182,11.990699678861386,7.672105283487082,Small Finance Bank
998.3934228992613,13.749583904205421,9.381454078690487,NBFC
50982.77388255787,5161.222697343174,0.0,Small Finance Bank
9999.476024805823,4.970870591168401,10.545230325748587,Small Finance Bank
9998.570007087612,5.184005473992193,13.43701768770434,Public Sector Bank
1001.135620147183,10.893706487588366,7.175485838472326,NBFC
51661.57005989796,0.0,7770.759877612614,Public Sector Bank
999.5929636870732,12.6863184569567,8.105894453115233,NBFC
999.6921915288611,11.16141420155277,7.113319077716543,NBFC
53756.935616858944,0.0,2731.8009618996753,Public Sector Bank
10003.115121975341,5.57290317834733,11.645062470786604,Public Sector Bank
44156.60981190234,5716.114072575103,3774.6651634338705,NBFC
9999.44407850187,6.157548065972517,6.727186069054887,Private Bank
51287.75195361382,0.0,0.0,Small Finance Bank
51299.41397124212,3911.1143588865516,0.0,Public Sector Bank
10001.377474909004,2.6442490945652346,9.515557795144494,Small Finance Bank
999.8554813292844,11.207580079000039,7.69203847036096,Private Bank
10000.391010648736,4.174542269231869,9.992564948092923,Private Bank
50888.50500466627,0.0,1915.989255029816,Private Bank
52885.3606359027,0.0,1870.7293668565442,Public Sector Bank
999.8035334165719,11.79414056911966,7.253421653459761,Private Bank
55327.40187532676,0.0,7061.7372009279,Public Sector Bank
9999.633765047063,6.446130752432536,12.784205733386962,Private Bank
54115.85291980957,368.5898359420194,0.0,Small Finance Bank
1000.9653974845912,13.236130721806218,8.088657590961438,Small Finance Bank
1000.4200944904518,12.606850593215672,10.056543564829541,NBFC
999.7704513446397,10.360515837474566,7.6075288939391275,Small Finance Bank
999.407644044348,12.123547695955581,9.954157433750286,NBFC
49065.6417791932,0.0,7249.889421768665,Small Finance Bank
51399.843131599104,0.0,12243.759898084132,Public Sector Bank
50984.306179345615,3694.332899977052,871.8414059498525,Small Finance Bank
47181.37723598013,0.0,1233.4360574595614,NBFC
48904.49735595568,4149.027905917445,0.0,NBFC
39005.97021689959,2202.072250266662,0.0,Private Bank
10001.13839288468,5.421787135954064,11.156301655927814,Public Sector Bank
10000.44033689825,2.965127293064892,11.69964497365029,Small Finance Bank
998.6877808065686,12.622069990306048,9.328933319535409,Private Bank
999.8256457420972,12.225307922040942,7.630473071166642,Small Finance Bank
55268.2089830392,0.0,13176.910324186954,Small Finance Bank
9999.835585294111,4.867455561191997,10.444983455176809,Private Bank
999.7354851586894,9.996137635593247,8.635418030209227,Private Bank
9999.74105905009,6.3254899062300085,11.97848431762013,Private Bank
52953.27415346155,5545.517902914538,4117.410905986821,Private Bank
10001.16754161425,4.1732214255072,9.77270167486654,Private Bank
9999.452570905685,3.7411854989914906,9.43278620896845,Small Finance Bank
54328.775970850606,0.0,0.0,Private Bank
10000.350678867686,2.666156530694559,11.496320348321685,Public Sector Bank
10000.550930970103,7.757275515192684,10.664801026442221,NBFC
999.2415046652999,11.769599285794232,7.075766855731696,Private Bank
999.1201856464979,13.987061111699441,7.469029102188036,Private Bank
1000.2522403964267,11.883770956878042,8.214713183170526,Small Finance Bank
48073.4320156912,569.5867262562402,3325.6533726052335,Private Bank
1000.1941076309533,11.468785705392401,8.483876651188039,Private Bank
1001.192507512478,10.221412415993484,8.319651825918978,Private Bank
46774.401226974376,1808.9780275420696,7705.182832329846,Small Finance Bank
50932.27157384714,0.0,4277.16667398112,Private Bank
55187.69972128949,0.0,0.0,NBFC
59547.08320235065,0.0,2829.8461834528543,Small Finance Bank
9999.298448198033,5.519755822596074,10.929619131681225,NBFC
998.8774551937556,11.082497178985736,9.017661466843503,Small Finance Bank
9999.778596120552,4.300945247197637,8.607945399099806,Private Bank
10000.400689976517,5.7630875348449,8.6282139469518,NBFC
9998.961368530188,2.890523804492249,10.875341641056957,Small Finance Bank
999.4910363742925,11.974425687808006,6.230924095110882,Public Sector Bank
51404.959338675166,0.0,0.0,Private Bank
10000.277020458798,2.9793105657054553,9.542578942234023,Small Finance Bank
999.6079873600809,13.059936384046622,8.617005949576697,Public Sector Bank
10000.361129769233,8.902524671270593,11.848264468447317,Small Finance Bank
1000.2394045005353,12.499685110302934,8.472002270919274,Public Sector Bank
999.7211166058493,12.845157971184321,7.951102816525895,Private Bank
1000.0409191753957,10.997812544218528,8.740824345420126,NBFC
9997.474842711668,3.791194900255717,12.447277449646187,Public Sector Bank
999.1807421402785,11.523779126455342,8.874389180712727,Small Finance Bank
52063.90463468249,4112.30079997245,9498.964913269736,Private Bank
10002.252000477933,4.515980241736797,10.62375047531743,Public Sector Bank
9998.590996909272,4.783868666417577,9.185457885738339,Small Finance Bank
1000.5918141337414,11.645959289058975,7.426398227103099,Small Finance Bank
51383.453996650096,4137.916245180119,80.0094593895351,Small Finance Bank
9999.357827258551,7.2511396859514665,12.275332613170239,Public Sector Bank
40975.58949667741,0.0,255.42473330690999,Public Sector Bank
10000.761986990368,3.3449500907391894,7.770664110571276,Public Sector Bank
10000.598834683908,5.970793909554112,10.275220306550938,NBFC
51912.04873092025,834.2610410652804,2477.2563200407453,Public Sector Bank
10001.424331203161,2.7726530473251447,7.169118297647068,Public Sector Bank
49639.94939209833,5019.66448946012,1823.1801252381708,Public Sector Bank
999.8187758267819,11.350626961678573,9.321304032273012,NBFC
998.7038833357501,11.543879172525811,8.181426620113971,Public Sector Bank
1000.5555126463422,11.081313488513906,7.582633186394916,Small Finance Bank
999.0188344688603,11.535595737690612,8.462060893251897,Public Sector Bank
53109.049811085984,0.0,0.0,Small Finance Bank
9999.971936865331,4.417222320366672,12.68616907997902,Small Finance Bank
47899.06591452072,0.0,0.0,Small Finance Bank
9999.798536887794,6.216212409739673,12.19023308082832,NBFC
1000.7307641190665,12.014273067836434,7.046060580603355,NBFC
10000.86944975982,5.48869447487325,11.291576452366003,NBFC
10000.928731391508,8.086243204567548,11.031190561513112,Public Sector Bank
10001.342557471115,4.2754084224748405,11.220189517978325,Small Finance Bank
9997.031050284437,6.121865384176301,9.39088546139029,NBFC
10001.472648230487,4.512752924737066,7.25089142768964,NBFC
1001.2958717818631,11.28116761239127,8.74500531287728,Public Sector Bank
10000.486538922582,3.231440313260296,12.781519082692345,NBFC
10002.937521181331,3.1556756083213746,11.745048834854783,Public Sector Bank
10000.605595135505,4.963706590413626,9.644447208904808,Private Bank
10002.908393498587,3.499503013091638,9.983382544212724,NBFC
47611.712766174416,2396.8991287319595,1683.3105264347414,Private Bank
999.0600968988912,12.829474841931749,7.8061738612271965,Public Sector Bank
997.7881380886705,13.533433701296325,6.576042847549855,Small Finance Bank
998.669686374261,11.810879609222967,8.921650111924459,NBFC
10001.500873477064,3.994069686385033,13.088697950096494,Public Sector Bank
1000.2096594152746,11.508363814367952,8.80712259663731,Small Finance Bank
999.4646649129837,12.35845361820962,7.2690437242845265,Small Finance Bank
51672.283949935125,3294.7213633641522,10066.022693831748,Private Bank
52024.90855480478,0.0,4604.3097352738805,Public Sector Bank
49589.24410803716,5588.479157940638,1728.6267318885207,Small Finance Bank
9998.158588277294,5.896100104774787,12.051759113466348,NBFC
1000.3721054726069,12.38915919566793,7.946879346982454,NBFC
50291.04359223,0.0,1803.9368017414165,Private Bank
10001.628679487409,5.1469747302063436,11.462075809256154,Small Finance Bank
1000.4631847952676,12.197292265631207,8.311308673442884,Public Sector Bank
9999.394527305138,3.5673161309759704,11.635398598390191,NBFC
49867.43062275391,303.1510497051322,12331.210562426431,Small Finance Bank
46980.0740664209,434.94893736449956,0.0,Small Finance Bank
9996.20456871588,4.570993667179834,12.651439452497856,Private Bank
999.7151245066303,11.74382024750462,7.758502554129221,NBFC
1001.4436320034688,10.743493105720743,8.813205186747977,NBFC
46223.08533823339,0.0,0.0,Public Sector Bank
50051.16530509794,0.0,2325.5173713163535,NBFC
51878.49009172836,0.0,0.0,Public Sector Bank
9995.691606680077,4.958727642424045,13.658377395004617,NBFC
10000.179370552622,3.540396588677667,12.794857252496737,Private Bank
10001.378614724481,4.564588183717023,11.401088471107855,NBFC
48725.11391289572,7521.964942913443,0.0,Public Sector Bank
47347.494261947366,0.0,0.0,Public Sector Bank
9999.694489374735,3.6830261198651586,9.75967946894021,Private Bank
46110.916562045626,0.0,8776.352217118114,NBFC
1000.9242701395378,10.986104047707462,8.085687161403358,NBFC
50409.37069693161,11575.292833367543,0.0,Private Bank
1000.7579218499236,12.685507738790204,9.848608833296412,NBFC
59328.872555723785,2371.1646045589378,0.0,NBFC
10002.313164928852,8.009139332238684,14.092255364954596,Public Sector Bank
1001.007513689837,11.315370174239996,8.79062559916277,NBFC
9998.406409707779,5.6424606458114726,10.719283602493176,NBFC
9997.358855861266,6.130012431656799,11.571737577324166,Private Bank
53716.32047011358,856.3271906397093,0.0,Private Bank
10001.293590208574,6.42968756806413,11.76962813014594,Small Finance Bank
51298.61250860741,0.0,3207.9622938868697,Public Sector Bank
49904.91896048655,0.0,0.0,NBFC
46740.8194609892,238.99335658207008,0.0,NBFC
10000.334858371194,4.91765899907557,11.428331112286486,Small Finance Bank
1000.6955377575658,12.849102110743145,7.706033052335818,NBFC
9999.449763382278,4.412362776434267,9.616384723252246,Public Sector Bank
54678.391965737304,6359.775474970794,3623.3603202161758,Small Finance Bank
9999.960391364562,5.42024173822941,9.785594720117532,Public Sector Bank
55792.977895037024,0.0,4831.880646221609,Small Finance Bank
60610.78098506317,5164.326302755734,0.0,Small Finance Bank
1000.389614177371,11.131707268123634,8.534629086122436,Private Bank
998.8512059648414,12.666312500909212,8.46259129285395,Public Sector Bank
45680.04615160092,244.60813972413496,0.0,NBFC
56189.08155986731,0.0,0.0,NBFC
60949.01466608836,0.0,0.0,Public Sector Bank
999.8053027038833,11.935811822891502,8.091752484448373,NBFC
9998.86987319448,5.689958214408675,9.983426945371841,NBFC
9999.034675251523,6.544941226371742,10.497837001840189,Public Sector Bank
48636.38215126165,0.0,0.0,Small Finance Bank
10000.994321903001,6.760210786227987,11.271532338055561,Public Sector Bank
10001.871613109011,3.989764063634197,11.418491243335703,Small Finance Bank
1000.2612505312338,11.630722860753798,8.143388467342252,NBFC
51241.10293150168,0.0,0.0,NBFC
49075.48931778505,0.0,5260.046129184447,NBFC
998.6807528054012,11.797019362604344,7.199961435602353,Private Bank
52803.922631841175,5417.256215876385,5284.010260174515,Small Finance Bank
10003.247503517352,4.034722654429785,12.391760192121856,Private Bank
1000.3161559571828,12.469267589808526,6.464427876792894,Private Bank
51357.89418597687,0.0,0.0,Public Sector Bank
1000.3687331473175,12.393797298216251,6.07232742065439,Private Bank
1000.6197114459661,11.36463761117437,6.810333340909638,Public Sector Bank
1000.4878722848711,13.804348109786742,7.809096208272702,Public Sector Bank
47940.61516938766,0.0,0.0,Private Bank
997.761768766675,9.879299847364933,7.393134822142825,Small Finance Bank
998.8977078501636,12.681359510442949,8.408607307701768,Small Finance Bank
999.9689410671291,11.090316583018167,7.063493625210404,Small Finance Bank
999.8094968940022,12.32405702822156,6.852308610184332,Small Finance Bank
9999.019350492026,4.106508058934762,13.061657139756226,Small Finance Bank
57896.064077536954,3839.173645764544,0.0,Private Bank
1000.1523548720337,11.1775800676178,9.121030667324472,Private Bank
10000.172539118721,4.7598008066500395,12.007010114675698,NBFC
45462.18168979201,0.0,3791.95612912878,Small Finance Bank
41695.195332420044,2150.091095662929,1053.4384358155557,Private Bank
48195.1691709046,5798.64901682124,0.0,NBFC
1001.0391117874203,11.92423571346454,8.670480617241212,Small Finance Bank
57615.149282040125,0.0,0.0,Public Sector Bank
49421.758588058794,0.0,0.0,NBFC
999.5569559788715,11.520507032600756,8.296575545140762,Private Bank
10000.211329370366,2.3473409516557227,11.484751571277172,Public Sector Bank
10002.62436511478,3.1342051469130725,9.96064220330614,Public Sector Bank
9999.346770444145,5.769658697264124,10.610679983624124,Public Sector Bank
1000.9413105807674,10.96747609647246,8.397927049946809,NBFC
998.292642042407,10.883475560051341,9.235811620006938,Private Bank
1000.6031874310823,11.455885997885808,7.837207093927706,Public Sector Bank
43477.652497475734,3350.362744150192,1847.9912304842414,Small Finance Bank
10001.783370057212,6.062455770801596,11.527172311312373,Public Sector Bank
10001.250293442414,2.009396536142817,11.561084854771359,Public Sector Bank
999.6334929796319,10.296128413173282,7.075534011870445,NBFC
46501.37246003707,1071.89955367111,0.0,NBFC
999.4352259958291,13.021383295429398,10.088442772869925,Private Bank
10000.497970495853,5.2857495196686,12.064177725708559,Small Finance Bank
43889.36095554027,3566.9921508619404,0.0,NBFC
51480.60138532288,1307.2763608994467,40.567283212304446,Public Sector Bank
1000.0435146686434,12.558139514518507,5.470439922305697,Private Bank
46936.05654757807,0.0,1444.3269536245248,Public Sector Bank
53501.54939704496,0.0,625.0490732268072,Public Sector Bank
10003.837298928502,4.153628602013917,11.276826954795556,NBFC
45855.02494538964,0.0,3751.468025616309,Private Bank
997.8999734923484,12.625508016831036,8.88523148298899,Small Finance Bank
1000.6820520657126,13.487246155335928,7.419946758629957,Small Finance Bank
52520.232577589224,0.0,0.0,NBFC
999.0745753739404,12.255383755674318,7.104653677636976,NBFC
999.6705522136529,12.731870704288296,8.335058029084118,Private Bank
52568.929754561046,2577.2384315302397,19278.657453273605,Small Finance Bank
9999.018886475309,2.2540506547153147,11.76680389928747,Small Finance Bank
10001.199912852913,2.575534087345118,9.419476371280469,Small Finance Bank
998.1063853330462,12.213293707372939,8.001205475362225,Public Sector Bank
46865.16471106117,9064.242789984644,3553.7596772773772,Small Finance Bank
46618.03848970365,9006.702164554079,0.0,Public Sector Bank
62800.42269134397,0.0,5761.366631428379,Private Bank
999.3684222708347,12.253165238037981,8.820344012612455,Public Sector Bank
997.4376663412047,11.80897223739983,10.412615421612916,Private Bank
48074.58859791842,0.0,3073.3814442043395,Small Finance Bank
47282.876144331174,0.0,547.1511384594842,Small Finance Bank
1001.6999573745763,13.071543152234886,8.190635591265025,Private Bank
10000.25298200795,5.662910974354114,9.36440138383573,NBFC
51926.586898644186,0.0,783.6255297276396,Private Bank
46131.05400448213,0.0,0.0,NBFC
49981.98730454716,0.0,7531.991508835753,Public Sector Bank
38490.39417632208,0.0,6849.371337222623,Public Sector Bank
9997.813672750803,4.536186384425205,9.871765391614126,Public Sector Bank
10001.533855648015,8.659628609508909,13.076409227765778,Small Finance Bank
47767.83192724736,972.4499644915379,5383.15874929886,Public Sector Bank
10002.442594934693,4.43130838851877,10.694629459846457,NBFC
1000.101856295262,13.549020151495187,6.760892924346099,Public Sector Bank
53251.005889793305,0.0,9248.18498023833,Private Bank
50485.387746740205,4845.224952664446,0.0,Private Bank
999.9861622539057,11.310272225935826,7.506877177600228,Small Finance Bank
9999.817378737425,7.270174614863197,11.946217526832166,Private Bank
10000.296399407038,8.112891308937899,9.966218272865648,NBFC
1000.2602805065828,11.03624107378939,7.042849085104957,Public Sector Bank
1001.9625871905308,12.003695671847847,9.011463035408356,Small Finance Bank
1001.0602099074989,14.759660038911077,8.392415967178767,Public Sector Bank
48361.689267011156,0.0,0.0,Public Sector Bank
9999.412527148867,5.403690411867661,10.485211586753884,NBFC
1000.1998104337188,12.26402008133367,9.272353500106767,Private Bank
10001.50156913885,0.9451515605011442,12.016812979296361,Private Bank
9999.061655947735,5.593705300156113,11.741045279424108,Public Sector Bank
46345.3498002904,0.0,8987.789317588939,Small Finance Bank
1000.4384757388098,12.01961665769399,8.67286123596682,Private Bank
10001.559857031094,4.091576690394704,13.739014570320403,Small Finance Bank
998.7004187630724,12.829732417879175,8.811396554491592,Private Bank
9999.068728602624,4.747784272122816,10.29186413345431,Small Finance Bank
41692.399688655205,0.0,0.0,NBFC
998.8517367112473,12.81877764375486,9.537931918412554,Small Finance Bank
10001.306945946186,2.981030479629877,11.189569369319617,NBFC
9998.41987665524,4.064346558956292,13.87104703080018,NBFC
9999.668119564622,4.584780050166619,11.461110046713651,Small Finance Bank
59157.293829271766,5899.200603606435,0.0,NBFC
999.4504428640914,12.859587886979803,7.612869350210485,Public Sector Bank
1000.1973157074056,11.38234810456565,7.683927143972951,NBFC
53030.0497567282,0.0,8788.970909921823,Private Bank
52483.57076505617,0.0,3253.4426905034625,Small Finance Bank
9999.76220564046,4.959043190735102,9.600098061390206,Public Sector Bank
44867.4235029447,666.84837073438,0.0,Small Finance Bank
10000.814947043555,5.073290105488557,11.060887536805824,Private Bank
10001.45418580079,5.640791542807527,10.030659035234295,Private Bank
9999.611805905999,7.3979707557570755,11.841379171911859,Private Bank
46746.78715439086,0.0,0.0,NBFC
49371.06539950176,280.624561443473,5485.957592354743,NBFC
9997.711515528144,6.893876155140774,10.17221278116133,Small Finance Bank
999.1829113689319,12.659245668432405,8.937570137626558,Small Finance Bank
9997.655213786955,6.324664665720738,10.883244204480796,Public Sector Bank
52219.097140731144,3875.1702671466837,0.0,Public Sector Bank
52283.76609576892,2850.8364011610197,2253.542800086575,Small Finance Bank
46108.476372988436,981.2262754884077,0.0,NBFC
999.0019393726856,11.616028728047649,8.250200206251694,Private Bank
999.8626282116006,12.39046484992889,7.896778247067504,Small Finance Bank
1000.7682072166317,12.215396505456289,8.50826863967459,Public Sector Bank
999.9284007481419,10.48212625331919,7.642970799193391,NBFC
1000.5646059258936,10.980335661307885,7.976447849125762,Small Finance Bank
999.3502347731518,10.796799144610855,6.9579555877568975,Small Finance Bank
10000.770400159854,4.200948740507133,9.245124746434568,NBFC
60719.72044662663,3171.595111590056,0.0,Small Finance Bank
9998.997783871691,7.8099466643263185,12.620072098571972,NBFC
998.6613942002767,12.692918623031611,7.394139179241106,Private Bank
49516.43444064804,0.0,2010.6805717603543,NBFC
10000.632881131352,7.420566903587971,11.68030145227097,NBFC
51335.25132934629,4450.153978117185,426.41994637712094,NBFC
9999.843326172193,4.746767415214984,11.105078244669771,Small Finance Bank
47146.268531252616,0.0,2372.0777819320206,Small Finance Bank
48286.427417366154,0.0,0.0,NBFC
1000.8901984111247,13.035249334723753,6.153812137761906,Small Finance Bank
999.3707366063072,13.5337277099165,7.464198536947702,Public Sector Bank
9998.872313424858,4.360463605691685,12.722668563795132,Public Sector Bank
9999.961668893513,6.759093528889047,11.815400231891648,Small Finance Bank
9999.031053731313,3.8012119900246195,10.275884716726951,Small Finance Bank
10003.605123377858,4.913571804449622,11.301648570072452,NBFC
999.6869419694768,11.999291405423355,6.749592266030282,Private Bank
998.7542826235536,12.054934110999849,7.2904201452508275,Small Finance Bank
46478.281547286206,0.0,0.0,Public Sector Bank
51785.56285755873,7391.470223707581,0.0,NBFC
49826.57556306609,1173.0736626826038,7767.502464070384,Small Finance Bank
48702.04324318198,0.0,0.0,Public Sector Bank
9999.68782471409,4.807193732841604,8.177226431753542,Public Sector Bank
9999.303074054053,5.301739483809259,11.424931807319213,Private Bank
1000.0852094496339,9.008864029099277,7.813103841838015,NBFC
1001.5781180575622,12.985449685615219,8.869154592496896,NBFC
45459.87962239394,0.0,7343.24384460777,Private Bank
51246.918418553774,7889.266398817372,0.0,Private Bank
10000.031907365104,5.463249518898445,13.553322416952856,NBFC
9999.082346363643,4.944444804427382,10.35604666322411,NBFC
9998.344616024177,5.269841226730218,13.088003429516899,Small Finance Bank
9999.755399554084,3.8826460327903263,9.987232587538427,Small Finance Bank
9999.30203431483,4.841077468543796,14.966515020525552,Private Bank
57376.78108474776,4290.298116010097,0.0,Small Finance Bank
10000.022032292094,3.82265253037664,11.97242065076579,Public Sector Bank
1001.8325570434793,12.814151762118266,8.482066727335386,Small Finance Bank
9999.90379248011,5.493143615455221,11.48203582317541,Small Finance Bank
1000.3829889847409,12.141257140087463,5.8694335201928,Public Sector Bank
10001.548819306512,6.690057705241375,9.363550354677203,Private Bank
55975.23314462421,0.0,0.0,Public Sector Bank
10000.085519687345,5.402888418294886,13.292702639618797,Small Finance Bank
46407.77889373782,0.0,1569.5378279900228,Private Bank
51252.46425172938,1734.2410474848784,0.0,Small Finance Bank
50578.37317146429,5898.485920319132,352.59240705054475,Public Sector Bank
998.4833574505792,13.476934426118275,6.832220448732065,Public Sector Bank
10000.715561240835,5.115232836590383,9.075511663717146,Small Finance Bank
9998.458487288612,6.898561761297051,9.700737727678248,NBFC
42846.12448940976,642.5220745539464,0.0,NBFC
1000.8539759765522,12.41486550036191,8.463288530118106,Public Sector Bank
10001.49440022917,4.259365125258031,8.665127152010374,Public Sector Bank
9999.163762322489,2.945295530631383,10.867576927473118,NBFC
998.7398352348274,11.383638591960523,7.624803619676063,NBFC
999.0733016911527,11.968560829625224,7.151571365809185,Small Finance Bank
1000.2205414270138,13.217959152305559,7.486803635486604,Small Finance Bank
10000.482546709294,3.997864319535427,12.488063524304785,NBFC
52127.287808924826,0.0,0.0,Small Finance Bank
53079.67803472132,2967.5062898419187,0.0,Small Finance Bank
10000.703161384112,3.5024218412175627,11.452687849729198,Private Bank
999.4942532957381,10.9410924129434,9.4816634024626,Small Finance Bank
49879.37456444999,992.4238038392747,0.0,Public Sector Bank
10001.662274225106,3.440141109311704,11.919160857593855,Small Finance Bank
998.8691115646741,12.473632076811455,7.0736188700184615,Small Finance Bank
9999.967949058477,3.879182481278265,7.363639609590588,NBFC
999.9663874352963,12.454740912141135,7.483570356112429,Public Sector Bank
10000.729752465739,5.096711622215181,8.036800150469194,Small Finance Bank
47534.99532670584,0.0,4263.010485105123,Small Finance Bank
10000.484618909673,4.621469746810568,10.562283096626684,Private Bank
46991.46693885302,9263.39092254469,0.0,Small Finance Bank
42990.7446860386,2936.2854690013514,10967.278129049893,Small Finance Bank
44010.610537055756,9825.625664581947,191.31775985864306,Private Bank
50141.591880652304,150.78069747872595,4706.419029879989,NBFC
52405.046158683566,1121.420121395657,0.0,Small Finance Bank
47419.77635891313,482.6038847049168,0.0,Private Bank
10000.770861774488,5.269372672909397,11.525945148910338,Public Sector Bank
9998.361530852992,4.525387325457797,12.819646549968775,NBFC
999.9879110521539,10.74760655558688,8.363631882624968,Public Sector Bank
999.8967452398509,10.356811188845832,7.824145595567929,Public Sector Bank
50601.4781585595,2574.194170293745,3573.074390444449,Private Bank
10003.869564006482,3.794488148045404,13.4586752081661,Small Finance Bank
46423.48145370016,3399.988744673379,0.0,Private Bank
56910.79495518764,3245.5494379482134,0.0,Private Bank
999.5127970788051,11.64807868218349,7.230003933802543,Private Bank
999.9382358001399,12.479441518086064,8.874517074132523,Private Bank
51224.83285554362,0.0,0.0,NBFC
50751.50880730939,0.0,0.0,Small Finance Bank
10002.360980144935,3.161351505496488,8.80343767968527,Public Sector Bank
10000.291911182856,3.8862941214529276,9.01996623316894,Public Sector Bank
45106.18142108846,0.0,1901.502465224261,Small Finance Bank
41537.6768514259,7649.751597303069,0.0,Public Sector Bank
9999.660281662147,5.551048260224267,12.370376939349875,Small Finance Bank
10003.213405537917,7.591314755151068,11.654485504511047,Public Sector Bank
10001.091444315456,5.077918828710949,12.098960115823369,Private Bank
10001.800620861917,4.014658581542906,9.42963352597709,Public Sector Bank
51161.26848580502,1467.3623664934062,0.0,Small Finance Bank
47578.82963566874,6336.555745933114,0.0,Small Finance Bank
10002.118330833124,4.880537913131428,11.6785576943746,Small Finance Bank
9998.463719763506,7.781138849501282,12.83155054328803,Small Finance Bank
1000.1733416643704,12.2439531979085,7.776797745365195,Small Finance Bank
10002.418330942382,6.345258973798298,10.59720402814125,NBFC
999.6686916168167,11.38776326549225,6.914849473442202,NBFC
53051.85132716732,0.0,601.6369165439099,Public Sector Bank
61494.49061809625,0.0,0.0,Small Finance Bank
50092.16966532697,1739.9085268083552,0.0,Public Sector Bank
48762.406822242476,0.0,3118.36048775339,Small Finance Bank
45621.90873307621,0.0,4645.887737658207,Small Finance Bank
1000.6295295842218,11.195684240340007,8.8953554307626,NBFC
57266.92238558851,7899.860728653562,0.0,NBFC
10000.614727985392,4.638113518072187,12.008860551804098,Private Bank
9998.163552645567,4.686465114070963,9.72421931868605,NBFC
57480.22155744591,3273.828281770289,0.0,Private Bank
1000.1752114189085,14.98525900260341,8.367481665474305,Private Bank
999.6864703138276,12.921801501977253,8.482687887209213,Private Bank
1000.4663583744464,12.987334516589101,7.9240489763574775,Private Bank
60377.00399322719,4357.623517158462,0.0,Private Bank
45507.92664325821,2461.5958575325285,0.0,Public Sector Bank
49360.41204259617,0.0,0.0,NBFC
1001.7473631979155,12.932191564260386,7.7634447127810535,Private Bank
46614.19144243944,4877.598667088756,0.0,Small Finance Bank
45957.531985534064,0.0,4592.01058851037,NBFC
999.4737521434826,13.388337778208449,7.614978188287136,NBFC
10001.81254934589,6.536093788717194,11.888790423801774,Private Bank
998.5948101531965,11.94759554942253,9.704105516255492,Public Sector Bank
9999.74931742932,5.42386992573245,10.62696331072468,Private Bank
10002.281974077883,6.49746634722194,10.352569530922928,Public Sector Bank
10001.722956024143,3.4762672715324046,11.092519774771958,Small Finance Bank
9999.129214825292,5.8828676066309145,13.50485675652711,NBFC
999.5444604739761,11.110759171771676,8.955300558237752,Small Finance Bank
10001.628843348748,5.7120473493199295,10.962459561882284,Public Sector Bank
45920.948575172806,0.0,1720.7598740832195,Public Sector Bank
9998.355587369657,2.8399236761085582,13.391757594837458,Small Finance Bank
999.9165620302097,10.55035478030147,7.078140186874687,Public Sector Bank
9998.244830460912,2.2970293436299705,11.812194092307182,Small Finance Bank
57749.6720250877,0.0,0.0,NBFC
48453.93812074393,1658.3171570178197,4892.725635611796,Small Finance Bank
999.9260524343916,11.548340523840377,8.195024984028127,NBFC
10002.423374235323,3.148476692180117,10.111303611270658,Small Finance Bank
55632.82514773879,0.0,0.0,Public Sector Bank
9998.054752078066,5.599531927628963,10.022964659312256,Small Finance Bank
10002.516551221115,4.169617637438008,11.853474618777913,Public Sector Bank
999.3644421585956,13.73885135185333,7.678757233882088,Small Finance Bank
9998.465811152202,4.613935193864982,8.497123889183616,Small Finance Bank
999.1681777917696,11.932821709950645,7.284240010889248,Private Bank
10002.093525716185,4.156747960132547,10.686167189383209,Public Sector Bank
53431.30095187257,0.0,0.0,Private Bank
10000.169905615807,2.84258303252395,12.378843401862806,Public Sector Bank
10000.057005217252,5.1800469900773916,11.920276959095625,Private Bank
9999.77129524543,6.062163015032885,12.435053475191875,NBFC
10000.733780695222,5.9520822028426545,12.664549762934335,Small Finance Bank
9997.377202040143,6.956510364317229,8.506262017946488,Public Sector Bank
999.3914102767603,11.471022291935984,6.943442357239747,Public Sector Bank
1001.4558223221468,12.704506539824724,8.789056687375519,Small Finance Bank
48737.1592430342,0.0,8177.0565196581765,Public Sector Bank
62866.7990162493,298.09217007244126,84.64645956473102,Public Sector Bank
54203.21774494362,0.0,0.0,Private Bank
997.7944339429009,12.897066196887133,9.274875041278722,Public Sector Bank
10001.40147986686,2.9496819523768685,10.662851897160975,NBFC
1001.2468917155347,11.937995990633969,8.951449277058087,NBFC
57930.08408072676,0.0,10680.166873281332,Small Finance Bank
9999.722068511683,4.805268950399861,11.065717207968664,Public Sector Bank
40552.29634527235,0.0,0.0,Small Finance Bank
1000.3338599665685,13.431366781831183,9.081766727672829,NBFC
1000.5950294658355,11.442576946891679,7.587002177856566,Public Sector Bank
41434.32735454561,6771.361870827064,0.0,Public Sector Bank
999.2782624466628,12.176820872139398,7.4533199154127345,Small Finance Bank
1000.2634872153311,12.294224129013493,7.765592199683678,NBFC
999.7033925409302,12.241321934916781,6.848985916380493,Public Sector Bank
10000.825078148537,3.547483317704547,11.15806325921894,Small Finance Bank
999.8745457399971,12.327879524159357,8.08589300629333,NBFC
10001.75968695638,5.554463288297141,10.839046783993657,Small Finance Bank
1000.1838495447537,13.800511181510853,9.238946352939438,Private Bank
999.7365517839178,12.679142775438196,7.697954500510136,Public Sector Bank
998.7582394245184,12.334176417244898,7.844740951175251,Private Bank
53958.31346981468,3122.5990852607756,3156.7275463213996,NBFC
999.4739651573324,9.846657080128756,9.097152711753695,Private Bank
9997.050465115935,8.084310694910483,9.345187451417475,Private Bank
1001.2235688824186,13.096469233810884,7.374322712503788,NBFC
1001.2000789564269,11.508097552493794,6.123447293958126,Small Finance Bank
9999.537948573721,6.169490798404009,12.965463119179413,Private Bank
45047.318374346556,0.0,513.2568254382061,Small Finance Bank
10001.279160512684,5.727099225941712,9.73046501751369,Private Bank
10000.74352283196,5.225628357715364,11.547441503699337,Small Finance Bank
44969.91309250149,0.0,5805.554367500339,NBFC
999.8168033812796,12.53450564848055,8.887655425873836,Private Bank
51886.059375322606,7829.620146171702,0.0,NBFC
998.4688924974442,12.514254756017834,8.572057441714144,Private Bank
1000.3496500472997,10.435197228637945,8.095344199441309,NBFC
54857.854754771775,3228.879747925738,6858.157787661743,NBFC
1000.3868085206892,13.090980425185966,10.012270445700764,Private Bank
10001.411156781982,3.5262689096925355,10.663050275004464,Private Bank
999.6648622188286,12.342337834489621,9.554160420714775,Private Bank
48989.03673783053,0.0,5508.8842599359505,Public Sector Bank
1000.2714953108257,12.551476275239523,8.340589216400497,Small Finance Bank
1000.3764095260975,11.097948445642489,7.130336918725305,Public Sector Bank
51120.46240905208,64.9620039089743,503.3804927441586,Public Sector Bank
10002.41101836403,5.7364624274573774,12.102316679074725,NBFC
9998.805961214795,6.614010707897897,11.031967473007914,Private Bank
55941.96636724042,12636.66212936811,0.0,Small Finance Bank
1001.2357821918222,10.928946320350951,8.68021610545045,NBFC
1000.4576865860536,9.252495157274765,7.500269823848369,Public Sector Bank
999.3052868689109,11.590717561886896,7.475911602065407,Private Bank
9997.742919438953,6.140083945534403,11.123659629401756,NBFC
9999.542162943468,4.0857316967610755,10.719543045521831,Private Bank
9998.320495158061,3.0579777864186415,12.741240181067779,NBFC
50646.10590987614,548.9739730244645,3643.83311949346,Private Bank
999.7125524805997,12.28732890440301,7.954487754698758,Public Sector Bank
10000.62852851405,3.9424822163623867,10.91634638351344,Small Finance Bank
52020.25428407269,9432.929506052651,887.8890641591948,Public Sector Bank
999.728344889674,13.673452090298538,9.340461051790347,Small Finance Bank
999.7049100857621,12.975816719344708,8.918454443942414,Private Bank
46590.078760011005,0.0,0.0,NBFC
1001.4223698616985,13.738899663797579,8.978858050781795,Public Sector Bank
1001.8093063497331,11.781954104607626,7.152366071380915,Small Finance Bank
45008.22979630605,4923.611992382919,0.0,Public Sector Bank
1000.6988284202025,12.42097294438939,8.4920188479928,Small Finance Bank
9999.274171248919,4.519479037708519,11.636248919602874,Public Sector Bank
48895.15200233388,3072.833500217126,3802.5385502365257,Small Finance Bank
9999.206420983981,6.19139701943274,9.118565865246126,Small Finance Bank
9998.898112634803,3.7846213444784285,11.300853795846415,Private Bank
1000.155190683859,12.825098264667634,7.1328697842891,Small Finance Bank
10000.819426372005,5.009633404716407,10.345421164210148,Private Bank
51082.292947909875,229.8591995190689,0.0,Small Finance Bank
1000.5472647973779,12.548883835317364,7.745044206446302,NBFC
10000.46473106534,5.950665321398148,11.620698646177248,NBFC
9999.737560364956,3.8663822607607328,11.804764765355605,NBFC
1000.6504500925362,10.496919698240182,9.051947617722918,Small Finance Bank
1000.3011073391917,12.183834516322504,10.693033663980497,Private Bank
49038.195176094385,1509.7367116680623,0.0,Private Bank
9998.924766519096,2.20019507439041,10.87597897123595,Small Finance Bank
10001.326068094542,6.10526584563865,10.57800866432268,NBFC
999.5918991608398,11.00418460520977,8.651136241823657,NBFC
46135.87392731214,0.0,0.0,Private Bank
1000.0759552679161,12.742682418359722,8.482248952680656,NBFC
10002.85178602863,4.909008779278069,9.937389849634306,Public Sector Bank
53545.018787942565,0.0,7215.586077247364,Private Bank
999.1891424887897,10.742422141085385,7.765980140893019,NBFC
51556.25077271768,15396.404042276188,5612.874557172884,Private Bank
51017.318179336115,0.0,0.0,Public Sector Bank
10000.590228078132,6.342789830041598,11.952757702522954,Private Bank
10000.252691464404,6.976396303411939,9.490186152080538,Private Bank
1001.1401490385213,13.580540686568373,6.984905808172131,Private Bank
1000.4632062920991,10.632862193539754,8.848174212666668,Private Bank
10000.80497912879,6.778556231994496,12.0784299659976,Public Sector Bank
55838.91030829903,1274.1042165060655,1703.0133103760108,Small Finance Bank
998.392440135631,11.237275221433785,7.230857650212702,Private Bank
1000.8389405004696,11.382746813453076,7.44169824605397,Private Bank
52362.98741206522,1282.1486715693784,4928.454919727569,NBFC
10000.837490368782,5.114008087118617,11.808133988669553,Private Bank
43200.7192951004,3733.2678301361034,3242.420905705377,NBFC
10001.709817841693,6.975672601009798,10.822897209513382,Small Finance Bank
10001.575981594011,6.658288899436975,12.78054545834057,Public Sector Bank
9999.477021798388,4.476113443522356,10.517547423173927,Public Sector Bank
999.6425545771896,11.819608318237592,9.37284847467653,Small Finance Bank
10000.899893094995,7.296126248515546,12.828142777545974,Public Sector Bank
999.546751590977,13.452467534470745,8.32674476460232,Small Finance Bank
999.1389120898265,13.40336997012519,8.697903272539028,Small Finance Bank
1003.9262377064364,9.915887060501412,9.724696649761109,Small Finance Bank
999.4867864335284,11.771400084659982,7.005650625391488,Public Sector Bank
57207.8431032895,0.0,0.0,NBFC
9997.745544507407,5.38060949224186,11.701539757648149,Small Finance Bank
1000.4583867035515,9.912972981397932,7.415382269342801,Private Bank
1001.4898634386021,10.399096021523484,7.171502975219754,Public Sector Bank
998.5561451838664,9.703819046862762,7.449463150508416,Small Finance Bank
9999.818577777089,5.629298665860541,9.66876173329685,Small Finance Bank
999.9338673853741,14.099721789166516,7.752974299254003,Private Bank
998.648925633792,10.67754204325643,8.481866061718492,NBFC
59233.536628680165,2921.6409266298197,0.0,NBFC
999.9378089830007,13.124353359870502,7.665922769020059,NBFC
9998.391791482021,0.6179742747580885,11.654839706236501,Small Finance Bank
52975.785127184565,0.0,10476.936378427301,Small Finance Bank
10001.514725634013,3.9677744822334144,14.378653708016463,Small Finance Bank
10000.671575388715,2.643685771897251,9.309848796635292,Public Sector Bank
10002.423063534205,4.51651929618299,12.825737781238244,Private Bank
53213.61379933772,6647.762650662157,997.6058485073506,Small Finance Bank
9999.311673605696,6.618021250146944,10.942237295748939,Private Bank
998.6473297141565,10.47764081378211,9.112688374989926,Private Bank
9998.209112490402,5.21441464214556,13.598772499227637,NBFC
51395.10762885169,3041.482548582696,948.0456157817905,Public Sector Bank
9999.779496997557,6.445818675192364,14.315784502387027,Small Finance Bank
1000.6021183203925,12.072036861283745,7.787791030098848,NBFC
1001.7193779062073,13.992515353168118,7.2333434122166524,NBFC
10000.784253232054,4.139449994092131,10.963468111608526,Small Finance Bank
46204.33669223151,753.9689323810381,1723.7798788857972,Private Bank
49702.373219691,0.0,0.0,NBFC
51620.83176244221,0.0,499.97982496359094,Private Bank
998.2237536665335,11.919400250703239,7.166943942999241,Public Sector Bank
997.7806996272525,11.770200369424806,7.148593565739686,Private Bank
56392.25931303649,957.4953400995167,247.18274078074404,Public Sector Bank
46400.77895802646,0.0,5300.611131094579,Private Bank
41206.30256788443,0.0,0.0,NBFC
1000.9968587734658,12.280636404490137,9.758620484195134,NBFC
999.9571766186884,12.058022734808395,8.848430882205285,Public Sector Bank
59380.85419607943,4754.1191909302515,0.0,Small Finance Bank
44376.789540810656,0.0,6403.384109492546,Public Sector Bank
1000.4724062778804,13.484116028535965,8.35561334878566,Public Sector Bank
9998.542514898189,2.9305727528166043,10.059924163115053,Private Bank
54178.46056032571,0.0,2664.020889576414,Private Bank
9999.956105779473,6.689075376158252,10.922909414617271,Public Sector Bank
10002.603945704748,5.296866175193972,10.022872994578327,NBFC
1000.9153902755602,11.450459725404466,7.883234084204753,Private Bank
56006.06961081972,0.0,0.0,Small Finance Bank
10000.647883817011,6.200614287841523,12.131436994720362,Private Bank
1000.2167755637627,10.902697472367155,7.4111331732613035,Private Bank
1001.3414759155309,11.257515767461616,7.5146941646321315,Small Finance Bank
1000.4666709819661,13.52100622715938,7.051083479175163,Public Sector Bank
10001.223605818808,6.2907102325396185,10.125383842146592,Small Finance Bank
1000.5225141052657,12.418398220888683,9.40159859294643,Public Sector Bank
41483.087803224225,0.0,1935.3272446965364,Public Sector Bank
9998.398295617631,6.425461387960364,13.565920058872887,Public Sector Bank
50026.21849859092,236.90296882371027,0.0,Small Finance Bank
9999.683304641758,3.519230709273224,10.803114549361544,Public Sector Bank
999.8657208378137,13.42274813609994,8.926215402241592,NBFC
10000.932357834785,4.445584495934549,11.565650590853279,Small Finance Bank
9999.630906267805,3.7351301070257126,14.25641407624672,NBFC
50733.56843216661,6034.544832541784,0.0,Public Sector Bank
1001.9872759992309,12.911362722174722,8.10575379127148,Private Bank
10002.418417386983,6.972371680376071,13.459946794057089,Public Sector Bank
10003.34695021929,5.957076652161136,11.751266712416685,NBFC
10001.149120417576,6.840399835826462,10.84976888528007,NBFC
999.1049301577234,12.597228218253385,7.051651995775799,Small Finance Bank
1000.3906959209281,10.673527871688917,9.047317706621449,Private Bank
999.214013967365,10.618955396846225,8.303818595604875,Small Finance Bank
47278.086377374086,556.6129485493304,0.0,NBFC
49836.526259529535,0.0,0.0,Public Sector Bank
10000.084974887346,5.794539131535096,10.894251832911364,Private Bank
998.4828263033284,12.750579167521765,7.583805595114746,Public Sector Bank
999.7333476707656,11.570755579701338,8.58855326977072,Public Sector Bank
999.4958201689923,11.918477326898355,8.347676483538336,Private Bank
10001.742817453913,3.608970298714139,11.357553474102177,Small Finance Bank
10001.47859499352,6.781079077347127,14.88434546302792,Public Sector Bank
10001.374491512053,5.519732713846989,12.497015164789477,NBFC
1000.5107920885276,13.030580585624058,7.342165446147863,Public Sector Bank
47131.689965598816,0.0,0.0,Private Bank
10000.288073674736,4.536325303696248,11.200311357173424,Private Bank
1000.5348173363459,13.228980502489062,7.362692252971205,Private Bank
48827.06433312427,0.0,0.0,Small Finance Bank
10001.992291212773,5.83434501410099,11.683831658122411,Public Sector Bank
44688.48143136947,2369.962153175908,0.0,Small Finance Bank
1000.4577728661519,13.674492433347538,7.9944039811709535,Small Finance Bank
999.2367138958214,12.037937835447602,8.68332899281107,Private Bank
55457.53425961231,6232.425962488145,0.0,Private Bank
1000.9022771737866,11.09224381985308,9.519283923641769,Small Finance Bank
999.1627375689503,11.392124739324181,7.460877296851021,Public Sector Bank
10001.421289693184,3.8406834982645863,11.610578430686802,NBFC
46813.06436346741,5947.082655537759,7117.521239949274,Small Finance Bank
47224.002366534005,9407.785347202951,0.0,Public Sector Bank
50458.80388267751,0.0,0.0,Private Bank
50386.84153823809,0.0,7630.620386348286,Private Bank
42425.76387657068,0.0,4296.993971617361,Public Sector Bank
47604.12881077355,0.0,0.0,NBFC
999.7906861804206,13.072978047766012,10.363872494619361,Private Bank
10001.01688880701,4.268132887781446,14.235962319898256,Private Bank
9998.652298027313,5.042271736053692,10.986321505033695,Private Bank
998.4018756481163,12.462172666081942,10.024309623286852,Public Sector Bank
44354.74114391385,0.0,2461.8728061395905,Small Finance Bank
53163.90933053142,11355.46428902198,924.3312752924758,Private Bank
47411.943504819144,1120.9397581944925,0.0,Small Finance Bank
999.4611581438072,10.991445315923793,6.037374308327421,NBFC
46134.95108072267,124.55087129471357,2504.991456227249,Private Bank
48077.22227885087,5033.464046072203,0.0,Private Bank
52854.45255346583,5679.8282009029945,4785.008817466011,NBFC
10000.828734931625,5.335871201096992,13.046210644960766,Private Bank
1000.3400512945689,12.57061299721953,8.968184660532861,Small Finance Bank
1000.8760467925298,13.472670675750981,7.396019374030771,Public Sector Bank
997.3642522609831,12.00337550659716,8.327821172843086,Small Finance Bank
1000.049773687181,12.007063158628176,7.339678860526553,Public Sector Bank
10000.636091566696,4.289240979393626,10.978321593682582,Public Sector Bank
42849.293110196835,0.0,668.7028864304567,Small Finance Bank
9998.79523157398,7.239032853439283,10.593314598436146,Small Finance Bank
999.8685274043283,12.826047171441505,7.563235762761782,Small Finance Bank
10003.02008087129,5.204802996624106,10.452017673031836,Small Finance Bank
52466.589504404445,926.1806184743695,0.0,NBFC
52366.18812286772,0.0,0.0,Private Bank
51718.09144784231,0.0,1635.419846973975,Public Sector Bank
9996.817217651487,4.0882670193583515,12.945491819841664,Small Finance Bank
999.62949190141,10.594432980821358,8.015618333949604,Small Finance Bank
44711.4453552205,4114.724560515945,0.0,Small Finance Bank
1000.4998641237404,10.600693825198059,8.367649292991421,NBFC
999.0993792653521,12.638391925608383,7.671381524251015,Small Finance Bank
54169.61077274452,2297.9003961421836,0.0,Small Finance Bank
1001.5628887685082,11.726006918170695,7.756616020624982,Small Finance Bank
10000.065403669558,7.542576560646129,10.066025957398322,Private Bank
51445.84321953909,12278.500699554472,0.0,NBFC
10000.761753634435,5.807444118574449,12.608761005964704,Small Finance Bank
10000.358870296166,8.11112400462496,9.620923112620364,Public Sector Bank
58988.43263424761,3206.214306335049,0.0,Public Sector Bank
998.9281427669598,10.446241233983935,8.81788965802503,Public Sector Bank
999.8441018220633,11.451712703509399,8.160018225852788,NBFC
52536.37015553649,5335.37344794577,5861.477952228364,NBFC
60816.2736165273,0.0,1110.7516383196948,Public Sector Bank
999.7001618037251,13.904136589573007,9.625958915362062,Small Finance Bank
10000.582867906796,8.739499276149186,10.99089363269016,NBFC
1001.5634133588321,11.181571334057999,9.532367724678116,Public Sector Bank
9999.705475226372,4.892598110878904,10.944166645235237,Public Sector Bank
53052.928726419115,2800.9522396551993,5418.903627773109,Small Finance Bank
10000.134371021883,4.7039923695390105,10.773090074519732,Private Bank
1000.0838266279294,13.410459145203504,8.409762795959498,NBFC
9999.207074977376,5.87954602813264,12.857424607150453,Small Finance Bank
998.2237647671017,12.408652811480671,6.970628491817928,Public Sector Bank
51539.008844460295,0.0,0.0,Public Sector Bank
51041.91403973776,0.0,0.0,Small Finance Bank
53282.76804316915,0.0,3950.4230187122603,NBFC
52596.73257120586,7665.694565012888,0.0,Private Bank
47187.666120528665,3164.038695277605,4877.77224813365,Private Bank
10001.628973174262,4.196054832328928,12.212086697421718,Public Sector Bank
999.2417179311124,10.869384665062473,8.622711223900268,NBFC
998.888542043063,12.246504778432005,8.498221748496785,Private Bank
10001.044581171185,6.432957812855766,11.132610329437771,NBFC
999.3418835109247,11.696273971223336,6.654129076526785,NBFC
43524.60613968192,0.0,8360.107626446965,Public Sector Bank
998.8699306609597,11.549987142004186,9.257149216862572,Private Bank
10000.47876176563,7.0106756690347165,8.187241295531383,Small Finance Bank
10000.100486075837,5.773908826556149,8.656181214670186,Public Sector Bank
10002.206755491241,4.686014484272201,9.996390892010126,Private Bank
51785.077429825236,0.0,4512.999377166254,Private Bank
1000.6045153263553,12.88233306232341,7.54790966716692,Private Bank
56535.71377141214,0.0,938.169292661521,Private Bank
51160.24968678818,0.0,0.0,Private Bank
1000.8545252270666,10.908066099604687,8.890247500836509,NBFC
52862.91390678079,6998.777182930011,4638.168414563844,Public Sector Bank
1001.995667489784,15.109918556005361,8.606723059136183,NBFC
9997.29841339877,4.185989300398967,9.818324372137642,Small Finance Bank
10000.958095333044,3.2854926309042747,13.450147298451643,Private Bank
998.869796275326,14.411676675578422,9.516394055253572,Public Sector Bank
47179.60684631636,0.0,4377.286641400723,Private Bank
999.9545887820677,12.02538842054241,6.080326843802344,Public Sector Bank
999.8244360545008,12.668654804757907,8.098067539538945,NBFC
1001.661470165728,12.020886488295961,8.230700905718683,Public Sector Bank
10002.060487817744,4.793827228058462,12.429311820804408,Small Finance Bank
49820.869804450245,7825.218279070031,0.0,Small Finance Bank
999.4296486335863,10.179396699451482,8.270057358391423,Public Sector Bank
9995.655616932709,8.132562057171091,10.79061555776724,Public Sector Bank
43602.11516632149,0.0,145.45525105416894,Public Sector Bank
997.7531106660153,11.393299705234703,8.211283692279473,Public Sector Bank
49752.68145173784,3376.097460833019,0.0,Small Finance Bank
51643.755548298424,0.0,2581.3371655667806,Private Bank
1002.0236062192297,12.006799844559998,7.809960964998505,Public Sector Bank
46484.11787437056,0.0,8869.00317817755,Public Sector Bank
54067.58608684835,0.0,1152.299673020647,Small Finance Bank
43111.65316021455,0.0,2590.1763360432988,Small Finance Bank
46686.881205270765,2854.9933429657967,0.0,NBFC
998.7414950893246,11.78298294957563,7.6915172115441806,Public Sector Bank
47625.27344419522,0.0,8842.271201405485,NBFC
998.5324747342476,12.164760841236516,8.050887701856018,Small Finance Bank
51630.66511121059,0.0,4635.135096034505,Small Finance Bank
45383.83376944548,0.0,0.0,Private Bank
45872.51401603744,0.0,2079.6572713781215,Public Sector Bank
9999.449458241375,3.7586146690269207,11.129215824569561,NBFC
48286.56202959826,0.0,0.0,Small Finance Bank
47606.25689168261,6280.780627867604,0.0,Small Finance Bank
10000.319794942356,3.8720460023917713,10.521419096500074,NBFC
55444.75298483683,323.40009547731387,0.0,Private Bank
44649.57616836924,0.0,0.0,Small Finance Bank
9997.460564778707,4.852490559807875,9.517113339273624,Public Sector Bank
10002.491888821822,4.314355615120592,10.09668190945733,Small Finance Bank
1000.7833905092826,11.748461113955504,7.402489805308359,Public Sector Bank
1000.8903831635198,12.575205016106565,8.50066572138121,NBFC
998.9127540611372,10.914174871114815,8.679373282956503,Public Sector Bank
45300.60106836323,0.0,0.0,NBFC
51178.07279054283,3856.3259694348344,0.0,Public Sector Bank
9998.907995588157,4.72565533834274,13.062314628722277,NBFC
49115.263862529755,0.0,0.0,Public Sector Bank
10000.275039879669,4.977035226240507,11.868937249401633,Private Bank
998.414016687762,10.120075614860955,9.870965175371783,Public Sector Bank
1002.0895387216948,10.39233897288194,8.184740578895724,Public Sector Bank
9998.164089599857,5.051125202388839,9.845040153412038,Private Bank
10001.138732740454,4.135234398909921,7.113436561782635,Small Finance Bank
1000.6515219913395,10.862314329575183,7.798508466052482,Small Finance Bank
40239.56100238749,0.0,2956.5860324228825,Public Sector Bank
10000.187836753972,4.355891688312121,11.183446254548425,Private Bank
9997.34045129769,6.892882251070987,9.641401548706071,Public Sector Bank
50105.019208163794,3411.7648564748197,0.0,NBFC
9999.417734772189,5.255624333563231,11.240860971574797,NBFC
9998.280481910471,5.453953197858549,9.868586224970963,Public Sector Bank
9999.383778568068,3.3414429972710966,10.677618454566897,Small Finance Bank
999.3479111114069,10.910366962657612,7.215238091872297,Small Finance Bank
47865.5946502629,0.0,0.0,Public Sector Bank
56778.189294024756,2069.1745161185045,9398.97906279033,Public Sector Bank
999.6416598479788,11.352458194364841,8.744191971499937,NBFC
999.0399537047206,11.877291066404275,8.093372374276651,Small Finance Bank
10000.115277824438,4.662716027287882,10.02499612876481,Public Sector Bank
10001.854139762816,6.636965180891403,11.913707181360765,NBFC
1002.62079309103,10.888032974225837,9.464177238752438,Small Finance Bank
1001.5730197252149,11.534194430881836,7.8491622884333045,Private Bank
10002.662966338914,3.20954475236528,12.378731260415002,NBFC
42421.27942501384,7739.526006650308,8994.38836547761,Small Finance Bank
1000.5731278132412,10.214133508065888,7.640370327547537,Small Finance Bank
50995.29847786735,0.0,364.01042495009455,NBFC
52712.80021792982,0.0,0.0,Private Bank
9999.624930228101,5.4330404439197855,11.390482758156832,NBFC
9999.343812549514,6.083572036741657,10.440750271862349,Small Finance Bank
9999.556779522956,6.045431606766103,10.499270765365985,Public Sector Bank
9997.635411764524,7.214810524588843,13.070137031221178,Public Sector Bank
9999.180633327622,5.58770600810382,8.781632646838807,NBFC
10001.087643680272,5.774267430672437,10.037777607165571,Small Finance Bank
52504.585938121905,0.0,511.66152714612934,Public Sector Bank
10000.188364680207,4.740392263574195,11.0233685713722,Small Finance Bank
999.3756546102868,11.815474642344151,7.395255335461787,NBFC
10002.11639856962,4.852117801573607,11.028274434417272,Public Sector Bank
10001.271132515725,4.197007721069116,10.864200076543758,Small Finance Bank
9999.833160907978,3.6441385378028155,9.89670508611535,Public Sector Bank
1000.425887206193,12.019147777415752,7.35851309095569,NBFC
54151.679082721224,0.0,372.8311860969623,Small Finance Bank
9995.589417048004,5.9838511647946415,11.292104292078163,Public Sector Bank
48125.89596225201,3556.7998410174573,2236.316557430199,NBFC
10002.567562720213,2.9421482856029657,8.579657903184888,Public Sector Bank
999.0704891398076,10.50347074490992,7.3499760655931015,Public Sector Bank
44893.83591434643,3543.7822364967665,1234.0035688559942,Private Bank
57255.71803897521,4798.354130426034,10780.912287557781,Private Bank
56388.32447894212,0.0,2750.4869058501895,NBFC
9999.713976398854,5.326149309769584,12.305101596033131,Private Bank
10002.216295121583,3.2874663287997423,10.709510811080422,NBFC
10001.462796444674,5.751641254909768,11.284372424898114,Private Bank
1000.6687416555925,10.908299123860687,7.612900297525599,Public Sector Bank
10001.260930039756,5.8201003523020685,10.641601851245458,NBFC
10001.934629131125,6.009772026904938,10.79231602402434,NBFC
53784.94308322676,0.0,4363.029600528301,Public Sector Bank
58224.83856750642,0.0,2897.784815278832,NBFC
51352.28412889919,0.0,0.0,NBFC
999.5211625439916,11.137224235956879,8.693478911913994,Private Bank
1000.5017827361676,13.117398815902462,9.448499229892926,NBFC
53114.24966173749,0.0,0.0,Small Finance Bank
999.5127714358864,11.324291920838387,8.034152417488025,Public Sector Bank
999.6793323744428,13.795211355912322,8.230070759191403,Private Bank
47238.884778595144,3166.6590887775537,1029.6151042564984,Private Bank
55718.770216034645,1694.4820374720705,0.0,Small Finance Bank
39590.35296058139,8484.28184145019,1070.087336013092,Public Sector Bank
999.9364754253846,13.237438134684139,7.54269834491321,Public Sector Bank
47345.015224990915,0.0,0.0,Private Bank
998.5514085853664,11.700323351993212,7.949795382958255,NBFC
999.4517312050749,12.833333911780308,6.89513720693748,Private Bank
1000.3863233178116,11.795528779013878,9.75547569831549,Public Sector Bank
44959.56844541298,0.0,0.0,Small Finance Bank
999.0480815399777,12.077480518518863,8.25775254014275,Private Bank
999.6822849032437,13.281643795003768,8.557691060725125,Public Sector Bank
51972.26071189148,0.0,1463.8742844820645,Private Bank
1001.1695899924277,11.770609255931973,7.956523050186138,NBFC
999.174589470021,14.949094425308726,9.244679580736786,Private Bank
1001.2308745131547,13.68501427870851,8.562880860174355,Private Bank
10001.952611934099,7.3422667950902785,11.04800622359865,Public Sector Bank
9997.998961757623,4.097948534073179,11.479672901213805,Public Sector Bank
47003.03677277989,0.0,0.0,Public Sector Bank
1000.7215625051261,11.76913362615523,9.453260663321034,Private Bank
60303.73962440994,8778.704212216022,0.0,NBFC
54408.198784747256,0.0,7414.7206944501295,Small Finance Bank
998.9960426279185,12.207267329398944,8.06934433703625,Small Finance Bank
10001.723148550558,2.3904293318328507,10.456338587895301,Public Sector Bank
51070.46872065102,0.0,880.90462925591,Public Sector Bank
43397.71693457862,2611.707828084488,1499.9233661659302,Private Bank
10001.545425181048,5.35818373853977,10.611436781268946,Small Finance Bank
42080.48588257138,3804.0732807214868,3944.000793254161,Public Sector Bank
48652.96582777721,3589.7112789798116,7526.78526048014,NBFC
9999.55365474496,7.063560219967429,10.77491661945121,NBFC
49772.069918222514,1218.6972466134591,0.0,Public Sector Bank
999.9934786847706,12.59879438956191,8.66834048871808,Public Sector Bank
47482.62172941901,0.0,357.81487403013665,Small Finance Bank
10001.257736161677,5.122744037821348,10.851665520213286,Small Finance Bank
52008.55861049471,3452.7199585555627,0.0,Private Bank
1000.3498000245679,10.99594540315799,7.904535752910927,Small Finance Bank
10000.430686247802,4.0813439380393435,11.542255287809152,NBFC
1001.0237095461069,12.249308595641729,9.045088474084753,NBFC
10001.574329072979,4.1971471826591475,12.976091098451489,Public Sector Bank
10001.84150348871,3.185538471963192,13.508858580256554,Small Finance Bank
999.8724508796224,13.511154930247347,6.548824309948441,Private Bank
10001.794947229968,4.085325643520926,10.798974249990623,NBFC
10001.108215721331,5.92305122601958,9.596841946933107,NBFC
55154.997612479754,4658.400595580993,0.0,Private Bank
9997.610509399703,5.660712106940599,10.970543301609979,Private Bank
1000.1718393397936,12.553251219984784,6.824405394375148,NBFC
9999.965697906551,3.5010466515576337,10.242837618157674,NBFC
9998.729557977522,3.5129114758155393,7.769914829594428,Private Bank
1000.1448878330968,12.023903043284955,7.648585764286268,NBFC
51044.317975023776,0.0,0.0,Public Sector Bank
9999.091427615494,6.113143058013961,11.448938870609737,Public Sector Bank
1002.2187802334481,11.840954789599948,8.295624488747094,Private Bank
52588.29510234561,0.0,948.8338223853916,Small Finance Bank
999.3322204435311,12.292192728326373,7.812670981593626,Private Bank
10003.436413858886,2.915641299854606,8.531901879564662,Private Bank
50370.47390209888,8145.077727856459,0.0,Small Finance Bank
1000.1989481467965,12.436738551733509,8.404294754961697,Small Finance Bank
10000.00456903023,5.655407254619525,12.785969412179512,Small Finance Bank
10001.66062100393,4.819428254069603,7.740995680978946,Public Sector Bank
1001.1143216946689,12.715381315441244,8.718185725707935,NBFC
10000.845863680079,5.892131512497929,12.280123338170462,Public Sector Bank
10001.35590226163,1.4556013466872422,9.485403942935093,NBFC
51209.81135783017,0.0,0.0,Public Sector Bank
998.7077373048944,12.689707805245195,7.497025229448657,NBFC
54109.51252187612,437.2353411908561,0.0,Public Sector Bank
48845.32734895661,3483.0318240670917,9259.780474726726,Small Finance Bank
9998.74697942011,8.217723691660083,9.21860237145573,Private Bank
999.2162343344136,11.30945894768374,7.083808084518758,Public Sector Bank
10002.849822902343,4.801049380426139,9.538206042994037,NBFC
1000.0224658928121,12.54711911517521,6.819187184691155,Small Finance Bank
47188.56235379514,0.0,1586.2366629763694,Public Sector Bank
57267.67038578659,0.0,13615.845832948095,Public Sector Bank
1001.3606585958387,10.691179600880888,4.980487844179175,Small Finance Bank
52041.26377857236,0.0,5160.7781866282185,Public Sector Bank
9999.127478629078,3.4778649039606995,10.026083682400989,Private Bank
1000.8868873900973,11.579238206318946,5.395786143372866,Public Sector Bank
47827.51886283842,0.0,1125.6688581685642,Private Bank
1000.3437878815499,11.951347648429548,8.032796995411587,Private Bank
9999.441689835894,6.633122929556279,13.826879458901914,Small Finance Bank
998.7623375776727,12.869156064389273,8.887290837266741,Public Sector Bank
10000.781683642568,5.967823378925085,11.833406699005172,Small Finance Bank
9999.679835693605,7.2360892052749275,11.223001185803167,Public Sector Bank
53256.95625652899,0.0,3809.846102466337,Public Sector Bank
49811.82648787576,5518.509410082607,586.1382433101983,NBFC
9999.946537776554,2.5773022761417357,12.747109031685756,Public Sector Bank
9999.878925129837,5.117952785474136,8.002698973201838,Small Finance Bank
46767.13557878737,0.0,8450.708175362824,Private Bank
998.8998457670283,12.439501230620227,8.778936503512114,Public Sector Bank
9998.821015809239,3.003150569663333,8.245691940345054,NBFC
9999.73617128135,5.184807210176729,11.827228064060701,Small Finance Bank
10001.398886247809,2.8724514006004522,8.358786782028837,Public Sector Bank
1002.4267164863455,12.432959825360696,6.622382499245763,Small Finance Bank
52694.55021842329,0.0,0.0,NBFC
9999.707637579471,6.700655145300597,11.890335083421293,NBFC
9996.796488679032,9.70662280048999,12.584085213599078,Small Finance Bank
9997.729428411081,2.2952904856160825,8.623796085491765,Public Sector Bank
10000.643224750496,6.039658410894717,11.264662332915838,Private Bank
1000.6835693232005,10.634044288799466,9.2119439853864,NBFC
1000.2625613290019,12.193589911367544,8.850897962167972,Public Sector Bank
1001.1254347844148,10.810588107132672,9.642672953255964,Public Sector Bank
48871.118497567324,339.6410234396192,0.0,Private Bank
52357.34178567998,9412.122482375169,6742.100230774889,NBFC
10001.062321634885,5.349824196895252,12.429704950869867,NBFC
999.0264538002955,12.47635776935622,8.505470159166627,Public Sector Bank
44018.96687959664,4064.62911197099,6796.200142854114,Public Sector Bank
57965.93313319699,0.0,0.0,Private Bank
10000.08944555488,4.029594833441639,12.047334970420385,Private Bank
9998.922389101646,6.342386565416662,10.557575482561958,NBFC
10000.21257537046,8.478994309972542,11.589976759091558,Small Finance Bank
999.5498107351486,12.000527958856598,8.601206748929116,NBFC
10000.592007294734,3.2061754069472235,11.666904002330211,Public Sector Bank
50092.09189594776,8384.186561376413,1649.636868820813,NBFC
998.2741932712094,11.322435347664346,9.194109403047372,Small Finance Bank
999.7210370696682,11.720239831504166,8.790371896051711,Private Bank
9999.041557378465,3.0153653098887525,13.463022740204554,Small Finance Bank
49938.76613576543,0.0,394.0227909686317,Small Finance Bank
9998.284410689019,5.162839558664785,10.950155014033308,Small Finance Bank
9999.470250560784,5.507725765192537,10.556897884791455,Private Bank
45406.74026757901,0.0,0.0,Small Finance Bank
10000.015528929765,3.032245651474761,9.402329505386941,Small Finance Bank
1000.7567886799869,12.612468794013603,6.9833168714235025,Small Finance Bank
10001.113191236607,5.113150458352389,8.597051282154247,Public Sector Bank
1000.8584511166566,11.765379430042586,8.038237994960028,Small Finance Bank
9999.611642539443,5.880040702212912,10.287644515066214,Private Bank
9999.329017156511,6.921524542602669,11.101783265791106,Small Finance Bank
58327.372222312886,5073.850325090652,0.0,Small Finance Bank
998.7607416051466,12.059932630266328,8.277376937958191,Private Bank
10002.59044577685,4.400545721578096,11.33702708862783,Small Finance Bank
998.7792875740859,11.491859802352689,7.852219681182529,Private Bank
1000.9965705105794,11.533504620771803,8.640479795200823,Small Finance Bank
1000.3004743596108,12.622207144043402,6.861166882219231,Private Bank
1000.7197579421481,10.706727042128836,7.043563623181991,Small Finance Bank
9999.176912638388,5.1392673517116725,11.2397845879961,Small Finance Bank
9999.335076623212,3.6727959289596486,10.740580910114865,Public Sector Bank
9998.663211661877,1.7722768980060426,9.921270021136369,Public Sector Bank
998.7674766852315,12.552299937679523,8.625630933646,Small Finance Bank
998.6368259954072,12.189706167610396,7.3380178222033905,Small Finance Bank
10001.226649448801,7.0853113235259695,11.836715459527793,NBFC
