Txn_Velocity_Per_Hour,Amount_INR,Distance_From_Home_KM
3.3315865041295183,643.0557948796811,1.9091994157774637
1.9916161500714777,624.2671947780962,3.5598288785622065
2.2655115856921197,521.7097051429939,5.008582861868066
1.8253997894070588,586.6052379907196,7.406074747624424
1.0349343294832367,705.6548155965409,5.45726026024932
2.4451376128303477,272.6795576337912,5.270273756897271
3.484537001836582,284.0390228429448,1.0445434386841859
0.2566277041010927,553.2140328001102,9.769934661422194
3.123691253409423,834.5244426615656,5.198298431670487
3.397996377093575,445.7504024068438,6.2264083697192785
1.7326828113264314,390.1381971789042,5.2654165915199025
1.523857985072663,761.6946161726955,5.390026558466186
2.400209988252348,432.4735325828938,7.512944527510311
1.268030497998792,632.0463102452627,4.298256217120257
1.060566640237449,402.13255662306966,3.390817715460091
1.7873023612894883,432.17195078731305,5.624339872626444
2.5651526696566274,470.515948454596,4.948189326367627
2.289094203803935,392.0241857334598,6.416320039853207
2.8422247383826558,540.7161594654957,9.78940732976907
2.917458937510429,477.545505761168,4.27563910571552
1.767817744055909,399.65422008102655,7.257570306219755
1.3021899695282855,483.77556323661076,3.9414078380010236
3.0461828568082643,216.28879415532106,4.275001633688719
1.8780943088381115,563.8712842182448,5.921805803343437
1.784210107669478,697.8144914998878,5.629507557623468
4.467651056434603,198.33570256735686,6.241201326017227
0.9548674624855624,340.3982364655511,8.970169182851462
3.744814148339301,128.76290387777038,4.554452601794001
1.9341521522887988,73.6575783036792,4.9023389773224935
2.3933412170817396,543.4530290236079,1.0112124605178852
3.10770823478265,548.908795329598,4.876175941015191
1.2461070392523008,642.3918033039679,6.8365383029588305
1.517906861164521,517.9175225179032,6.65399724532453
0.045487879998494796,523.4951322053276,1.1850862237511994
1.077090735151054,593.9502868166086,4.711266473946073
1.5998616480142716,440.8032294121576,6.696417218043313
2.706830454751635,342.5462147505626,5.585881449663933
1.5291927485144827,980.8651211874699,3.521286522982656
1.6871712426629104,430.22361635650134,4.121947527559971
2.141104168064432,554.6098640190622,1.7628585043684102
1.4268866384404104,235.91049082170883,7.472410652373632
4.465325082061476,776.6464459071037,5.692466230702366
3.022516107234136,533.3620534039464,8.313433248956583
2.667889608833442,454.01067124505545,2.740897611132417
1.3600373957715024,562.7661043118012,2.5483280385238904
1.7782068636005062,767.9852619915107,5.058619421886339
3.9853857460893884,789.4331201336445,4.424741172698838
0.6406894268940007,490.39173495411586,4.038425319735952
2.3777530859653417,822.881594829093,2.753791929551234
1.6112720531451887,566.4699899063033,7.269946346163811
2.5107144113978626,582.8595282388019,7.689098846731882
2.4935153172482885,452.59916309530377,5.114570300312036
1.2929285529328363,609.3329675069069,6.885000817880281
-0.979596771061134,743.6297700702095,4.886958553834819
2.460888452398866,632.4748023449266,0.40979334207475304
0.8040706885364823,433.379767572433,3.417218458065112
2.274172780760107,397.01801550574964,1.577857605691471
2.6122973124985505,720.0258748026657,6.128705052772236
1.2872005631729402,447.828104289165,6.0968561325916495
2.6031990502305917,701.3722277249644,4.411147985220114
0.5791194848457657,364.2106450759918,6.06776961862175
2.7439744037859244,945.0099277646389,5.234362840388966
2.24461452026499,464.5402354708865,4.188540944701816
2.781775190375615,570.69552276077,4.585441028557124
0.9203026160411514,475.386034297972,4.2180356293871935
3.2551737317095712,689.4252156350375,2.9553786154452104
3.167168368404117,385.6046373424467,5.266274993742116
3.202743873969905,295.04940659094325,5.320798325885118
0.8695247128606591,111.7400637955144,6.973195633795996
2.02822736729912,335.52648043386705,1.826896478304303
1.5985271806282793,768.4358568510049,5.804938186976894
1.6272385835631327,365.5953127063308,5.211624165591511
0.45269460908247083,768.9613021256461,6.006378363272978
3.1943506024632464,387.2988657607713,6.709657512625335
2.6879047256615243,193.38625634196353,5.297921401953777
2.3151111682216667,385.01646718951076,4.2796577311410955
2.436185296532739,492.4164235973932,2.9905672949478093
2.5914530866303225,545.5634727690416,5.498357315772671
2.095763236737718,589.8043461387647,4.427995984680692
1.1372417006029898,351.63503224591847,7.2111502723161305
-0.017718652674416635,608.1081426202527,2.1154022347707615
0.3911496371618832,298.68628764079824,4.484932750397068
2.73050744713953,160.3197017676173,8.348151091182423
3.1637237001683687,473.48528146969886,4.419508382775072
1.0464675823835266,617.6081187617722,5.137602941484467
3.412064304423644,362.75687702417713,6.095887853681331
1.9636174621977853,330.5967493910292,8.804608083264007
2.279605392180011,624.0509003026938,2.862864583064234
1.2773792664938814,516.8279110783502,3.831089686749264
2.6020222707537135,587.6730478339383,3.4353136113773237
2.1929359841691265,500.80498239758765,4.6718494186452
0.8511877355921396,332.89829920594974,5.420901456758774
3.0139846307496896,305.9604354047515,7.434363118287774
2.1826473785690497,246.0360816394234,5.64677985944333
2.8857748576048974,552.8789383261424,9.638254635254961
2.3086676731877938,678.5128063030991,5.022045393551596
2.980074128001983,20.88559732164032,3.284954969920625
1.6357219137503214,600.7853802420706,5.376662429163338
3.085227073656096,571.3878134011286,5.414659134780244
1.8549354626749226,532.7808505356865,6.659024968794483
2.755299957952175,675.8971381115325,4.52008740234219
1.3049433545926639,405.71998340726236,5.698952817334733
3.6114572939933485,547.867853286248,5.97000525629456
0.34139529342670527,1035.9820615958631,2.7929557374775476
3.8177826087143396,388.79053167173936,6.915422479375373
2.8152206814284186,512.8638799508025,4.667189256972528
1.0592902250071627,489.28109965538044,7.20227240628865
2.3721225454055754,323.3078025812509,7.316103143395127
0.7963465084057442,541.9678283743486,3.2176261557426398
1.217312253008668,715.9461355591415,4.074318228807463
0.4849243206499714,392.2562936445347,6.513243715456357
1.2706007775287487,742.9565300160345,7.0165659334104475
2.073283008926729,734.7464826845608,8.725903334641911
0.0163635023510309,731.3377860216528,6.218564532564727
1.6767987675269949,632.8291213856655,5.793451986183265
1.423883139125455,797.6436784156031,5.2804937336101485
3.188316753984644,450.85092249032414,1.7288267639816777
2.2447980885459855,452.9835540381972,2.4783443886917187
0.30803207122319143,623.2901844809746,7.539382563346586
3.3973379766173357,606.8449924534248,5.008204077117476
2.189419842289393,508.95493708338984,6.589370548673552
1.5068592585590548,247.68205220005348,4.561479471994002
2.1972722238455265,448.943909191143,5.051615183013015
4.200966437641787,676.8735206985086,2.2263549307777173
2.6536623143299183,64.67827306939967,6.237897848788854
2.4772343031111985,505.21930562734036,3.0605886543903997
1.016271875966483,582.5065431323155,3.7713903073249275
2.8370817753728033,375.2761983444368,4.273627597145662
2.7594713311328745,493.2146000645837,4.667198614563078
2.269572423418876,575.0611102112242,4.832169511637588
2.2261263492494487,476.8238538818118,5.8232048241256855
2.2878104342947285,600.8542954226921,6.608534715383478
0.9693917871075051,228.4604879922366,4.466996269940058
1.8287072024149587,592.4771101447609,2.560288932399164
2.1925728391902193,587.0900777022493,1.7301117277548173
2.4349372745933664,779.5638771653744,5.24933355015676
1.1085485979663579,384.62133170251025,4.850102263736026
1.4782235518140097,-140.88026886592604,7.9254219853370085
1.5330973784649156,464.19605982672556,6.849495269023844
2.235244764995574,402.27834889025894,4.814036916819823
2.5354013822282604,610.1689402217108,4.616955893001499
2.794697627725096,657.0192998118393,4.0245511661056526
0.9941351351651815,565.51507311438,6.15809690036172
1.540074452104196,412.83681722619303,6.07253710349515
2.1570149834507726,771.7578277966591,6.030690490262382
4.384124623033886,605.8380535619642,3.207712327060799
1.8021898826128393,480.90483363052823,1.6391081619870405
2.6767081954943133,512.1455647090797,4.953917623253504
1.446681572403536,278.7753527434247,4.565730211220252
1.1245776231960722,502.1562857997261,3.1875063585523113
0.5842467892506129,518.9416622510662,5.387601221079
2.543235085645158,511.26715587551394,7.931310010172474
1.3640307884171623,721.9010456917521,3.0147350316807167
1.3176585264712064,418.1461598778784,4.505049453864756
3.5278511193983775,370.1123258185768,2.4619689478008455
2.7548760707265405,495.21831147985597,1.884915055938011
2.346351576613855,688.4728994913621,4.229046366587901
3.5602087809672334,809.032351983372,3.6166246917508698
2.8645184721269494,80.44162534525094,5.34058938961718
1.2421703476490804,693.5620832302384,3.250949910615203
3.0278403900668294,339.4220743123959,4.14339318464063
1.2445841661895831,544.0993797893491,2.253771630689821
2.6467583372877117,365.2996371960669,9.483733005086613
1.7535128794028554,347.2791322353303,5.961577486186384
1.1682007972002912,618.6378462578898,4.102441721496532
2.487695938177085,511.2629458908206,6.091568930574834
1.3168775989237613,368.1965383329499,7.87850745699624
3.382146624990064,684.2640862362459,3.854225556444966
3.2750491009333507,434.2335919999948,4.707318389031196
3.0584366425059324,477.7839114745404,4.922237733807372
1.6776365077610376,366.84685376313524,3.59075999106481
1.6462372692981444,530.3854841711748,4.3915996596433
0.8211456308365495,470.1734586788656,4.549806299310799
2.0701543737734744,590.4134457146225,5.588138515723765
1.1724899871236985,334.3057566206323,4.0149850731907755
1.2483795590775613,182.32383680893997,4.062538573429968
0.5688815325996806,247.3006272990539,2.519502735708878
0.946884026536448,273.5604524604519,3.1781078883859397
1.7397601144277672,662.9309038783724,2.3053170544501844
3.059528326084444,604.908147166435,6.066978042898608
1.74644198197284,538.4244586188387,6.125843585511013
2.627450968623391,432.0102755997962,6.474357962241245
3.202902922260191,694.1119053337733,6.407757441673315
1.3950122820783908,500.9421088917965,5.294067879767832
1.5374608827464187,543.7117663883542,5.337507217504699
1.9500028218283898,470.01877088107796,4.929343875385106
2.0336165345829302,426.68480195107685,4.151577158418963
1.9491503499024285,275.2491594046568,1.2852836684201625
1.783475068136048,264.1590995367727,8.289522263746743
2.723429196615679,749.6298592072687,6.465451540453168
1.6789772620954952,600.1789933867145,6.0398846224498275
0.6221241707614438,656.942129137902,3.2073846658898892
0.8216620678964695,648.237481101634,3.854301336864487
1.0389946569499158,737.5835988796531,1.4676699989556252
1.2295883426894254,724.848383120991,10.343370177824324
2.0644455000680586,682.6968627551205,3.005987579824479
4.075048669611219,381.96269386255545,-0.6320024343020201
2.1095444263184566,528.5338587167295,3.4319288787297166
2.257610735088389,762.5845493956863,2.301949261407148
2.5001368509453066,303.0826703966993,7.9719588280778195
2.570693455017309,397.42496152971796,5.55156484597676
1.6107184578806875,629.7058830083425,4.951142922026785
3.308487154516838,1032.5154947662209,5.6854527975242
2.872630165412905,575.4794010854105,3.9866812378252314
2.4830161298184708,695.3812061373603,6.693682572396434
2.1566517569772703,469.09564505494643,8.660294300360091
2.9291112955433523,776.50749734428,3.69547728291571
3.4228533452508723,208.231124738242,5.955297888527919
2.0294007941047245,532.3625572299509,4.178152796468422
2.9308356346633864,607.6537296669011,5.390385592234381
4.065625718141938,708.4104828583672,5.366636835744147
1.9885115037318606,102.57917012276624,3.718335414958604
1.5186054483712454,337.8176378746515,4.782252909407132
3.8207806537072138,602.8139889237223,4.530665076765928
0.9144213615269241,690.3491928229971,4.53921557341076
3.8699878244331876,531.5449954418219,7.867273052472665
2.4726394285742708,515.1317839827695,5.25228973313156
2.6255819420480755,494.6154721305627,1.865103987557648
0.11514982764952242,356.49755679969087,3.3641272476970663
2.209371089362431,473.87581544558196,5.9859704095603
1.7772339294977835,612.3744929935938,5.676118689423767
3.1038729032429844,319.9400878308922,1.1979725282578704
1.3791456680287864,645.6986929249632,3.683119569435269
1.5209654344074184,242.17505974125032,3.0516008154837255
1.8058974677899444,150.65283150085236,4.698045895898362
2.017923190893905,460.33589931170326,5.249292322921546
1.336249075338448,756.3147681269393,6.584478966534436
1.2088980469019062,484.6789986561321,3.671525343441604
3.271820623893551,476.0894034197862,2.5980427760950118
2.8461850952710437,622.2459565735138,4.592793842279005
1.475826176700087,416.28519537782324,4.876167574569783
0.9411517080223437,861.04911549365,4.85195355206439
4.204885697984325,409.58214261663693,4.581128079436486
1.7053156423278586,681.2984327490025,6.998508985795741
2.3153843078128573,727.5598933903491,7.316192728391029
2.9997605188859318,416.7102764914849,2.7124471943833566
0.3735531835908632,208.24211577936143,4.368349291531133
0.7110641888308784,478.328003427324,7.986466658615467
1.843906417574012,121.67092066567022,6.680732314939314
1.774801162315827,400.11595082333895,4.457964199542404
0.674634128252102,503.7096271571391,6.509109838098768
0.9751973101582461,613.9867084705304,6.218420815495929
1.4316848298009421,701.8392079317968,2.6825646791674655
2.439732674203551,471.2915120757847,4.835038877505745
2.388578019972156,542.7569439450507,1.0749629652323551
0.7031378742295846,283.8807007091089,4.527905296298532
2.7800463094512446,711.763404342238,6.343481867155083
2.1751394995800832,305.9473468861511,7.362703663576781
2.105936373524038,252.39649451699182,3.7601082004573922
3.2180601092370877,786.7802860288749,3.128181002518682
4.108038008491688,682.3416733960498,6.136334155622222
0.8305323289891833,930.3941011575689,4.893550217619359
1.2482280984363263,413.2454635860613,4.790246432067046
1.009576110965041,622.795607699441,4.765573056245634
0.2676785779230684,325.2396565620419,2.730609354369357
1.1922036742705382,390.0704759094243,5.3749128833828985
1.7053419237601526,462.61573882161684,3.501505529413478
2.6868484059889677,444.5859215746494,8.980011024875862
1.1063600474273807,491.79749901941534,7.600538109892248
0.8539041736618957,309.8102025408813,2.76868169819585
1.8701329095260437,441.3822121512369,5.427058256839795
3.1180308042634706,268.7072694515754,4.229078196237166
2.3993273736188168,-2.2938198114923694,3.9467839319053546
1.5442180985197436,378.9792054983571,5.567861838909615
3.0971208292630386,392.28452631478865,9.391193485713348
1.2973562148065896,487.8800883285772,5.434456433380236
0.4749657098956497,591.5783947718039,5.042086442139401
2.156371521816426,707.5308379243544,5.091331800483505
3.1073361487481854,232.44218980613755,4.492666556340364
3.2548798401947634,483.8909663736854,2.558315489172391
0.8440739149297416,348.53202968834097,2.37521718671188
2.4953485074185777,-63.01226155385655,3.3572433954869103
0.609349419802744,225.35146540782864,3.8608966134004197
0.7650666225289751,595.5195300474876,3.421041720173589
1.4477647234221211,667.52738408716,5.54543563373217
2.1262554755909533,494.8283156603766,2.751315559298299
2.3015727889392,923.7182871278598,4.474067725581241
0.9966120563142615,196.44075496577472,1.1560101927877224
1.656654751107211,391.92713372857963,7.090339010155578
1.920064762864187,632.2789929171673,6.24677682264386
3.1986018308251687,438.2438372404635,6.940335977743288
2.451046213413367,287.45865581280276,2.9497159266695814
2.4196140239719823,436.93354408353946,0.5784911765611982
2.256789835019515,552.1058710436286,5.3963598287529875
3.5258520401604962,420.3455492813912,1.9272095824560722
2.6341490647799795,530.9805611779586,6.201353554735832
2.6472854857905483,529.9128810294155,3.897314863868305
1.9344975877870914,468.3766540729217,4.0873696416777605
2.1568721129155133,476.0410464938109,5.097485421027365
0.909821416798458,442.8728706088199,2.7069362484140074
0.9415015122834203,775.359668377929,2.966301481554173
2.485599770388723,163.18451941778545,4.792872992426256
3.042891712759636,656.9711469208627,3.517021530240781
2.793741248221596,425.5168508470176,3.0653478207767977
0.7923307595457212,98.40496147653778,5.9389924121335405
2.775654221665138,834.2132984051041,4.2975200414075
1.6723003014324234,388.22362130370226,5.624539952241713
2.156715587432187,198.9946504623407,5.954291297047682
2.5710073657083248,550.8138912277055,4.517522366529153
0.08311340604579587,520.2390169293799,4.786394477470319
1.534016110385069,513.5534526401709,4.551066460262104
2.0717383056696823,476.64768744829684,4.060282690949836
0.8907915052631901,252.30812156503583,5.682775307851572
1.9630324688582057,581.3919388333587,5.873069917605911
1.871095714089697,883.1305177836498,3.9954471157677505
2.0676936086491158,398.49400131090624,4.281912353430048
0.9662039324924174,636.0090395976113,3.9399948714727477
2.6555969909616532,712.8257292067716,4.957470162578881
1.468580042412195,561.9524447432818,6.130772497847591
2.6494460354845923,234.48216798309522,8.010039855101159
1.1211884905131517,223.95686504376658,6.230639890000257
1.6554512229227205,521.8866511565093,5.430555870038536
3.7203868703031664,529.8844517455736,5.939383967429486
1.6606778824674167,359.01782130524475,6.724051698474051
2.587849672255386,815.0684169823865,3.4582259615892794
2.3712808326349335,654.2939499790484,1.6627346681301427
0.7258315932084505,598.4335498029426,5.4636444649426235
1.3613075179615626,682.1864776833929,3.209049528179563
0.5594276985237772,516.9965743690208,5.264336298925332
2.946298664243801,544.8454879071915,6.667029376349169
1.0310107492379097,672.8341096602646,2.9112337067703393
3.0278389288224563,460.6344570644836,4.983664424835964
1.5858805026797773,474.23725158334435,4.361840642072021
0.5385863576879331,334.3178601009762,3.7493969028859633
2.266786014983768,605.2029385886292,4.383815216470841
2.3840377854987143,590.13833645236,4.381128749384042
-0.43420867488999537,506.9760915568649,7.908036684863499
1.4597435785801451,648.030407767358,3.5834201228336573
1.3422719298987698,922.2197073536798,4.854066126311911
1.0576068729030617,729.0017315511116,5.621752750866068
2.3921338013602793,121.08122247084555,4.316976720802311
2.069773714389301,467.9285863993867,2.9713216477291358
1.668172251419857,788.1394803757111,4.219564272139866
2.6424506244340202,802.6504452189913,4.715332823521205
1.8605800386253337,735.1015085652733,7.367578028563033
2.683407260572395,256.9772801663263,6.063122479572973
2.2454289832401484,550.3975608179672,8.488919982308778
1.0418998317916701,864.933791154453,1.6401092348313182
0.8855910776064193,511.8302053771267,4.368597449666798
2.470432125159391,655.2784809162097,2.8707527920164577
1.8173910620218219,542.2895718239266,2.334549482962601
1.792430074974137,498.4341568850276,5.730532482613708
1.5999720171321505,726.5050974264607,4.802767414759093
1.7889778067544753,183.9524549903113,3.140671552155305
1.4020963908262059,213.40586733351785,4.066082863474423
1.1058552301338427,-163.53381046028494,6.790559167060142
3.1996293975279886,576.3209203282411,5.1803457278900655
1.9625513804129988,33.36519387019081,4.866100831651885
0.5468908972552471,305.7041855827747,2.204823434553347
2.085892086947669,1030.1379761788603,4.030160470720821
3.3700992261658103,590.9402330036755,8.15710655327129
3.196180070511959,132.1650842566268,7.218762633560191
2.548177513169198,269.6559008379919,5.819430792652431
0.5720124894429499,539.1786643853716,7.316405046631855
2.2393529313105103,258.57253940377404,4.404939604938489
2.348145445363728,663.657366222722,5.401001392812396
1.6344604321887009,389.16719588630076,5.963409678672163
3.6345026744781217,640.4122703191823,3.713466893697242
3.241112360278039,480.51733633245163,7.989075220261315
1.925380337085549,718.7053257751478,4.3790210226815205
1.8550254830964394,788.2951752128793,2.4526698075942157
2.240207426710108,385.70195880595696,5.580844512812944
2.1219424603246595,963.5114149790154,5.705225914506055
0.7868997399565654,418.9325251241157,6.433576752541702
1.6911055940570046,643.5156514359843,7.746746997030405
2.974920051476344,278.8139394685104,3.8576202413919516
2.0868732685488007,144.04063418575532,6.431272678719676
1.7370520875427757,465.1766393373122,5.707781756106769
1.4127371741875692,802.3907699808085,6.509822761286143
0.6870438938328822,510.95548038714355,3.930386008399362
2.806390993804134,649.9096289195052,7.758676259726387
1.5284053864723697,444.9385969653341,5.477634484877869
2.350524692767779,370.66874401495716,6.429675484664372
1.9268721605564583,7.555484207003019,0.1775368564145916
1.004053037743485,805.5780349648015,6.824019273928655
2.335331957643734,418.8746812386347,4.778235274954079
2.5601603766172363,424.5363836471243,7.589458012062491
3.509372958545918,720.6662515666744,3.8159625572863995
1.8661995775533091,488.0458240587124,5.5861247519664055
0.589168573007437,750.8515482057454,3.219446842006037
2.1710135439552682,511.7510760448021,4.584680792392909
3.16358579529187,573.8432022593513,6.809547842515634
2.7623123480919105,363.6885042013157,7.755646921115672
3.184554791074167,303.587345073342,4.499078361702798
1.6803290340082486,564.4785013635383,5.935823987902225
4.324048745443136,335.2094567401116,4.395761031089412
3.235933485031648,738.1388345551912,3.5002079403942545
2.815222023286764,427.4237161293885,6.286456828196476
2.656064026811423,847.6172031487879,1.9543084942329134
1.2215964000106436,615.9266111544788,2.8793289450608
1.4511514397915954,688.3789161181347,3.3113150488528467
1.418394333101011,499.2055760545645,2.0391801164408303
4.165262489032404,275.2173017915577,1.108967280111766
1.8769889446795551,404.870973159488,6.584379505391054
3.0492304714390075,200.16748358746577,2.8476180651725107
0.9797371510951285,943.6541989348972,4.787764135651018
3.569927506322124,515.7057630285508,5.077834034906245
0.5683659087063497,495.22589041140225,7.068701404947854
2.1329178657262022,584.038147722043,5.700886012447125
4.448004803835113,343.2449337121984,6.530494615745797
2.7059600441358365,644.5973665104943,8.516945849085566
1.446890659186177,378.7941847245239,5.380945228892925
2.6407020804796018,248.55944557349946,4.8805947974369355
1.5071369805112351,793.1025380087394,8.185928581335972
2.049792365162719,704.1963856142414,1.1275934244005321
1.5716138401158246,225.83274177904866,4.584544773667922
2.874976427545839,384.60593643495037,5.008433449038462
3.9690441943042387,602.3755322898564,10.586331523462285
1.9223883040691763,130.93472675220477,5.997078133279117
1.7677983720840247,214.46606099863612,3.2394245473582055
0.22399558617694182,911.7054719147759,1.84149532617243
3.9141007293000483,430.1703751142491,5.212283442844776
2.331100821506853,702.3811680890947,1.5663688351539182
2.168431969098278,90.07789463436097,5.819386651058318
1.3859468383859028,441.05820023981687,7.483304379079927
0.1794558739572476,487.2992862460848,5.96113492591011
2.204832588416223,896.6483172477498,6.05407866121163
0.917381392824135,415.01585669506255,4.6471161545662385
3.006782794214299,665.7229661505443,5.663182469329566
2.466090638925884,569.0751506566228,5.817872400129048
2.341453301990722,892.103330179955,7.09695252180898
2.9360882629684997,640.6542141741845,6.5924052240011
0.5732911575212067,602.5605595590963,3.3190792004356675
3.827610207549409,546.559269281271,5.598350790310455
3.6210977226108634,332.73981148412435,2.251430124703111
2.4238245574630137,600.4811614907682,6.222845622918428
1.7210256470656233,567.3943734981682,3.9337931423321644
0.5984226570881241,644.5008802235773,5.233754178951477
0.6572659081527563,206.44712874015323,2.7218968855364545
2.3693959398720184,314.6532260430182,5.586987656095536
0.6242170809578533,448.6768065866312,5.823852581068187
1.1358131959797964,361.1688779160412,2.3182353928167743
3.0399779577271575,401.8720958837451,5.060815509863136
0.2211668402442497,379.4580388539536,5.1045329988259285
2.7065586539826834,515.4075220890684,1.459321386123844
1.9498593644433053,496.7754226733375,5.784450172858757
2.501636536039955,314.52758038906126,4.856599228365056
2.6318388279617744,654.0837940808328,3.144184997723505
1.2412750308786464,549.0661416029012,4.265770672387378
1.7124155478690306,669.3349846811625,5.298910989203715
2.5828948193347547,622.7786144755429,2.856304103906943
2.7383933628187584,490.71102706772297,1.7809992603524218
2.2370456207613314,547.2888538054395,5.71851097502981
1.4834698134636932,697.0053540453674,3.4414839050253976
1.604115845594775,716.6369702062227,5.986588906166784
2.2322569991405334,845.6777171018599,4.532514803048763
0.15291840156073566,543.5787894044,4.1984640655894365
1.655985349859125,320.0756331802455,2.9414010060063007
1.3654459329313915,578.3728966631337,2.648379682168131
2.4931144775619503,391.2088724858539,5.3057139247336265
3.5050630621035754,405.1899484763089,5.41910205315532
1.8645215523249161,698.2867284715322,1.988016625680884
2.395249524273503,401.18437037245724,2.2953470977877712
1.0701817093338346,392.68914667905915,5.322520425139252
2.272978561015879,661.3015206516689,3.235270926375627
1.9197194196371026,526.9640261238275,6.488926843812744
0.9910432317876863,470.6819639309862,2.011560729806972
1.7041020594080958,275.78529179061707,3.3031909031422244
2.2698533755437493,468.5865497505089,3.5450711447376437
3.272724211868112,685.2213873339259,4.903885168312582
1.3137259775237031,615.7916992410164,4.0694135986661975
1.8285826657292814,602.3177528923206,4.532944648267993
-0.24555736320924826,523.748487542855,7.363538099371875
2.330608946704118,371.6861651439458,8.201243873719868
0.7520869375193566,811.9320935820751,4.187847541480046
0.6007485330234379,620.6728968198615,6.533918640297754
2.36180667979216,620.6561908669551,7.2051047208332415
2.4109384170778876,739.9068670210835,5.957378507404243
2.7849988755416293,413.5433299012729,4.03450516545508
1.0185745197386846,644.9659581811238,3.8740278904701753
1.6851827102482067,446.9724456218473,4.6050287498528615
-0.3767577777590172,264.7401919909929,5.861301987301017
0.2344067486296182,742.8227102139764,5.911540211958401
1.4668269274068766,475.91245020486303,4.761889511027025
2.6993000675116674,563.8340485703698,7.276883365753433
3.576845492697688,730.3287407672658,4.568961233670839
2.511345947633853,507.3062013300639,6.2093144962135725
-0.5013110055845393,180.84847150803603,9.912615646827726
2.4764239809098436,808.306675899649,7.216661007682254
1.3871783025052167,385.45421524547373,5.549550225491919
2.0711853704398666,281.0128027391072,1.582229831194685
2.569146243201758,687.7336185380685,1.9072299871658367
1.973294218477879,941.3123732079068,3.7185341137731993
2.084735828330923,529.5162108897146,7.927046708992579
1.4539641917413275,296.91581829932267,8.479534184350772
2.5473256972772678,264.05219370695943,3.920053015824192
1.1580259087832174,678.445511230928,2.620354132013283
2.93338248080166,749.3201493035502,6.049580918610049
1.1203744727207308,467.2990703759294,8.3551654818788
1.4164318078076068,557.632859207706,8.136359388577095
1.5079777127077283,679.3197061331874,9.716314300173206
3.0400145853847107,521.5940594785535,5.383571327284028
1.2053270692587752,630.6955134659473,4.869705542661897
0.33425285723669784,572.0510465267615,3.009037908668498
2.4225095587743875,944.4703785638332,3.280660821293777
2.2715703859431375,586.1080557197848,4.192631320000269
3.0712015874358354,680.8492065192925,4.628612734159605
1.5705567652422021,305.4338829419492,7.860981299979557
1.9294076758384977,660.5701844282111,4.396738197224427
1.4420987929948739,253.971616464786,4.270176485729098
3.0790084897785848,447.1648658190828,6.426246759594808
3.990225177941622,692.271881533494,4.694299511195734
4.494901408132501,407.5104957101582,3.2532869651048957
1.2029230461339746,670.6469753635828,3.538770078044799
2.383191217547422,921.121767343504,5.917600784674399
1.555445978952255,436.17249211538825,2.385281860560788
3.0272999364682445,858.9896487341158,7.582729256403772
1.4314574834591858,489.10503162925954,2.294800971727616
2.7323186838924998,291.21552681254593,5.652602438876115
2.14883579240552,587.787074275315,4.164891505250714
2.0584813050891575,411.29947988843236,1.4250411283016833
0.9569035922520814,434.5591388497696,7.908149237710371
4.175086370099796,601.7247694994697,6.750680515590039
1.5683807585179903,309.3440324517637,6.045127885163941
1.1739282917831027,427.100014442812,7.134636224743401
2.2353614650082636,504.6846434533912,5.436058271501581
0.7882805823634289,500.53376944391044,5.617784075981723
1.5544728874285196,482.8762530070977,4.60029138567907
2.386711090890081,710.4926284442132,6.697338347199023
2.060958620564644,-122.5289887211269,4.565974630250184
3.4121571345743824,592.7239461208279,2.374238235569316
2.243872143006352,787.7335269864197,2.9927905678470794
1.3360462117289282,740.4118268561318,4.570843078620843
1.8052112508517058,731.1024567993605,6.399029301809266
4.013521641439951,483.48032909322245,8.816749227197072
1.9194741848325751,325.7241034230358,3.06435268808554
0.4351645908307882,268.5948985788699,2.2161331364925942
2.4854032166198814,401.10103244352933,9.113483859852728
0.8592293051572659,422.76109623133254,7.041776226101737
2.3518074290526565,716.4882000383402,3.5838128000981495
2.7232169795556778,277.94385769698624,7.576092101413407
0.9959995836505826,133.34351851438583,5.568598815521416
2.032230226736904,245.9370980688274,4.266466582050172
0.5686338950411822,760.3910623768311,6.188721668046379
2.2515168509897987,751.5198582372823,3.6689916009211654
1.0244556144954395,202.77517993619398,4.095677799519001
1.8570944619568708,90.50522721664231,7.37370628219956
0.8888331639922049,253.2365701784426,4.865657787826084
1.8268639089950443,736.016151140828,6.293443692176208
3.3097510583689838,323.21184725539126,7.02377348336757
2.353192893577618,533.666032665695,5.938157264560561
0.21592237624882737,556.8150761453677,2.3638024589326685
2.5130511975250407,628.6218554172883,5.133987243101485
2.6358077374485545,640.3177396182887,8.892715786750225
1.8443503098461127,310.4993727511866,4.423891247409483
1.1520908666573888,334.41884465874455,8.266546970574712
1.8810366128999758,646.9922698666388,3.310528405182138
1.1943904507989027,361.00110272761395,4.36563545295229
2.8383799085718047,582.448823759573,4.225753000361459
2.521309521503057,188.38045504903715,4.290930555814282
2.0503306246872057,362.98634614774033,3.940806648506189
2.0663050745563534,412.2202356518133,5.4464813559255685
2.7736240619115473,352.09061107048586,3.1020431218918114
1.8986723028255863,310.7914333480185,2.8988914396383487
0.9936870309821473,23.634238596967066,6.330344309890137
1.5067769480065953,799.0090276408393,7.74817023993597
1.8956562109365727,920.0762112261649,7.088417113510606
0.05790259607455939,568.8136238386203,3.88469111531852
2.861514556563385,545.3904942097882,4.375900425823218
2.4184446148502245,616.3933919266342,4.412611997438853
-0.5036666400755228,413.6812311017163,2.974631907883347
3.1611027003214236,106.75904942874342,1.262449772872527
1.5532123593390443,536.8368892546747,6.3994930991926156
1.3849289350382112,73.34225016211286,6.493485291229417
1.3652397687592845,453.30897922056164,7.376274412568744
1.9428547833701209,193.1185442004458,7.1201257705416054
0.1818235948437361,472.89523377400474,6.464148533762023
3.606829163235261,529.8703023283332,3.8143101589410415
2.0840091506695932,379.16993912047786,6.299140821261932
1.579900357579739,649.3305965842382,3.6609970892531893
1.918646567084914,668.6289809996371,6.934238967198016
2.8163908595546903,790.6185112816413,3.0455988295292657
2.1553456942812423,724.9666130050615,5.2537467439750865
1.5770448632162535,496.2201380309099,5.128956433211579
1.4259459280432418,335.30026987908076,4.2235600213568265
2.3935711705014606,318.19603383203537,3.766125222448137
2.212173205075497,351.1367311947969,3.036470265903948
0.3965520629978485,570.2224154404495,9.356887178710856
0.24676736411165723,564.0167573341414,1.223996667132416
2.527812258802973,583.4350401530593,5.2257351693863345
2.052723472602928,805.7327145875175,6.61061385624849
3.2194248377903136,527.1239408086128,4.569312549905699
0.7013982123256186,435.3176564929206,5.2355858505778246
2.9387183160017583,368.5749824829808,6.200002247452731
0.9262021717783344,351.8983281234048,6.307337196236595
1.3006743694807992,292.5185928406172,6.687757139294669
3.8103533364754374,221.77358863832592,4.678068903318736
1.686501244201044,468.23021629564596,1.9404572118066579
2.0515564875776913,278.65402637451484,7.037198479121713
0.33347776825006625,373.20688113173236,3.1438213718015713
2.4211518929631315,965.4271673334213,4.355765964197693
3.502972012860246,302.3772666008141,4.412042378260408
2.2800391179542805,402.0034838721007,0.9295196326169775
1.7095937621010593,691.095744953763,2.929435886611605
3.7752036650360914,577.8494545152889,3.6963187864200973
1.9707779589749443,550.9129379039842,2.524549650803053
1.8587158553523546,499.741813885564,7.076999094675777
-0.24767049873464586,359.7808816892725,3.5787672288060994
2.5533964303223815,665.5725214271463,4.074196500277427
2.2383809088373314,502.47163837456657,3.907364640331961
0.13073182169662,361.95403107666306,6.120642433187914
2.5238800309445546,465.4525270132717,0.47742681223495875
3.208596226666974,552.8938373500473,3.1230482708120344
1.289123094452333,385.9669682586783,5.97793185270276
0.4221466095179185,559.4055840996408,5.355511142757935
2.506105730381188,652.191944042919,1.4443865075292237
4.397813942922756,404.386130967837,2.935870139937737
3.222312389633096,498.28230700856426,4.597045169007826
2.8067733621042144,843.5390214742488,4.480145551661631
0.2543777400228189,685.2701501295029,1.4397441903324504
1.0211385910058643,555.2806278464492,1.3289214648670313
2.2019385913375853,135.8536257914858,6.9803605018188275
1.5361126168113133,477.2224500927895,3.4772929109342376
2.0591142273459697,468.1820870852493,4.2400897162470494
0.3414201189802766,557.6642282683305,0.9458620964845119
1.2162841745932926,410.9395178362707,0.14015176966716147
2.6741395177077605,458.6963527222338,2.223075437024818
2.938995149929557,445.09677958082045,2.9078266202769814
1.364133226551607,814.7817520961033,6.6323776404536074
3.8258058064434888,144.67704056448747,1.3106687083744366
2.3505989112838317,682.769613621736,5.209486816497203
2.0664238181189396,680.226956123232,4.785623840072326
0.6732918178454053,526.0756780865739,4.545905510147458
1.4142194187844228,780.9399530977159,4.3082175212029235
2.261098018711781,226.12615886841382,6.237499145804094
1.5953142499649227,126.8356630273114,7.341770790945493
2.4401290213598563,311.5139963234751,4.399193430629882
0.8757911369255311,651.6736872254568,2.2047778290613214
2.949562565823739,654.7166497384748,4.824454507675141
3.917607307200684,360.9093041807025,6.623011363266529
1.36700509588231,543.4189738575047,5.585482153270006
1.8179800582028014,437.0698866569436,5.117314021367622
1.0456744737349482,658.9678498864574,6.418391500411799
3.2880576967085506,598.1399149600649,5.626389914615918
2.430574453216993,231.18173861069346,3.742780122181711
1.1519006204941145,41.47600208169814,4.17700610780952
2.4477473864952204,502.3233254241285,4.185391065138223
0.267671227193087,561.9213495131308,4.198685770742157
2.3623645169684573,89.0155655352828,7.001276817928145
2.6751119905800196,419.66197292881606,4.02632256985518
3.1737475452239097,544.7079774475689,5.323822596528363
0.770437890219821,824.1339713117998,8.348672800520632
1.9892553028081283,769.7193487075346,2.7027401693104256
2.0200154593547395,620.012284249103,3.7137577002344493
1.940706563159807,595.6630081448567,5.44961954144041
2.5174132355862913,501.20239223945146,3.60700275880074
-0.25297459972378533,540.9163698267474,4.218735841809247
3.4221122775286092,574.2079876777525,7.003217274907625
1.3804442597109015,528.9577234220694,4.549750443738126
3.132185520442966,663.0231569497386,7.634164999855364
3.385031875653753,532.7495466793802,4.266575586487705
1.0047943090500748,435.61145518555395,5.086805248147246
1.7526663276706467,943.2128891639481,4.8497184695285895
1.900291124768782,539.3870110391501,5.313149903287827
2.844145630203352,703.0171748040739,6.673467861342946
1.8308121929680863,356.1017768250865,5.027328626354452
2.944041321380193,268.41200422432075,6.03686673199615
1.3307133943773746,482.15679717101347,4.599279411619917
1.7893310960101114,627.5341710839356,7.907727282294873
1.5937208233037818,524.7580069373266,6.965359223312997
1.2635977098224742,574.1935025245763,7.559378694183663
1.5839380487423282,248.59672614042364,1.3599613409152775
1.8635607003670294,73.91447602492269,3.839150130138856
1.286931929186776,606.8473014446568,5.587410242069782
0.3945761925872353,239.22190044029918,6.03641930034521
2.6332427548510853,730.5250558220255,5.744466769063047
2.6122461951617493,842.0550136253748,2.4101828629569484
2.6759350326133315,487.2333184364698,4.056429190602918
1.5805071056986313,754.1313292385496,1.8472207661826334
2.6705636739106815,701.6097171640024,8.606027637457263
1.959605339557296,375.7057733745037,1.9441597529143793
2.199662737250047,298.61652902065316,5.124651999378584
1.8097499520154212,584.9872290106242,4.65618286512652
1.855874362855101,745.4978245428742,5.157595038522721
3.242032654948651,337.6264932393457,5.892660498319077
2.3568097224675486,412.4843071778527,2.7181965617947887
1.0547147310910134,566.064619916162,6.922700248277677
2.245259875609358,766.9976664156628,5.456434456919487
1.8850167746012239,510.13071953525457,6.620412941253706
3.1874146331628466,143.03960758993077,5.717377843195447
2.129970642900805,685.8532914080704,5.697024769528633
1.3816973030497524,173.45112454989118,2.3219156478897864
-0.17994997068723606,917.037081011214,5.084179167956008
1.7289420809527483,465.9215402090492,5.155345121307624
2.0786919056962048,304.79584485940256,5.913087658796046
1.474866515203596,594.7042706262399,4.988378402583511
2.723225573428944,554.6294883276516,1.7714071686841155
1.5067410228780749,658.1921324193173,5.18991624214513
2.527910115850096,421.4946039293528,6.592149062007216
1.3067272800107972,710.4721594965278,4.907740302085053
1.1657261053992003,610.1802033230322,5.4105850205772645
1.3387773092856592,82.07017388881309,6.185609810067272
2.6646291776770803,530.0597417270113,2.5221016247587396
1.4656289914279839,639.5627453069585,3.115846055856667
1.1496611282606142,365.1003583572289,7.191215100008392
1.1534769416120283,215.4142727097613,5.307948992863745
3.184805330031529,249.32648894677868,6.098522274959495
2.6947691076684936,379.949970229972,4.7213494869265515
2.0321322215786344,485.96897172438133,3.0642234666554877
3.350668226430858,145.8241191014268,3.6048058693773806
1.7094407473878312,764.4333717862453,2.9654840241871017
3.10297649153192,407.0139408917687,3.333691796510313
0.46349339002725487,693.0199461862239,2.5956444959558693
1.995215761728512,484.3011064444036,6.258227423808238
1.0796000756231043,643.0493234648217,5.31708637313101
2.3149359673967806,255.67966898438343,7.426285424160225
2.3793426871128047,539.9992882341642,6.077886803828639
-0.368416272864978,589.8889480310238,9.693704638934463
0.5609241740149868,602.4589892153273,8.291841397956121
1.9772014966298632,468.9223145815339,5.726285641749028
1.6624170028824623,820.31537068572,6.364365708323943
1.5581840094315969,656.1024816979188,2.6764579979448335
1.6459825218314617,274.6316999748494,6.0361818374073986
2.2467810011730016,402.7274701856879,4.778223059107095
0.8375547388658984,460.78497271835977,1.4460564543216745
1.2762558748058332,459.7540418535316,2.2273987468717813
1.6093184496074169,495.2385636262789,3.223432240222406
3.8209382177436493,327.30746580059906,4.027090827126619
0.10606839451299233,823.9746873887623,7.086615870038146
-0.1887265665589153,583.0292268192669,4.736986253008164
2.846597590834108,104.16863307897671,2.422132467500068
1.0878705663960644,622.8555492630409,5.798335331724585
0.8634569264189378,339.35455621693984,4.22127464940854
2.197481814989511,849.5654345100961,5.179471796252451
2.1407597520166384,564.2165810597795,4.781095663408114
3.702868341215324,633.884143471724,4.324675664270733
2.0095610079141566,484.96866092924336,8.11554070293548
-0.17925783056002986,668.2707636000357,5.876781806283834
1.5432632780659747,297.24934687060113,4.483842323608659
1.182158920295453,626.3601109662332,3.388770130974182
5.609160707463409,456.17160448468024,3.327857516766012
1.3440739648254707,390.3228582904434,5.992289865975939
2.7204226002639906,562.2378924543791,3.6293845882230826
1.850530887197808,620.0512101569559,8.359530596321203
1.1608653601436394,662.6131254282227,5.104825787034071
1.2076430417808919,366.4362283126618,8.878657577715941
2.5166850142626425,352.76598422916146,4.4478198157101145
2.1074501747252876,475.7626459606249,2.9447380769304896
0.9422395919557014,621.8217639022321,4.106318236726795
0.9442980220333168,678.6189019685662,2.2868583994090432
2.0506818022875883,428.09041872679376,5.742721641608526
2.3243965132821733,157.3478104725636,6.747916115370328
1.9063719504578525,481.5674279414835,9.733636366003456
1.4864795273745064,481.4280861859214,5.664249335415583
2.1432344933451675,344.77138631059336,6.085632154585922
2.0496906873477494,146.6301466674654,6.816791410326145
1.398029904539566,690.0710551195837,5.413473769419345
3.1220808694253432,92.77201793772053,4.008737470153148
1.0046154488611765,403.83555465990935,7.74969609230344
1.566070154226679,966.4617448296303,2.926851619610198
2.189066503775555,651.2453094976181,3.3091646455573693
2.164823288780008,718.6102750752993,7.801531866581177
3.485257920283805,735.9420972438585,2.181188699038547
3.0353512398485383,420.5434821518104,3.5880827088725504
1.2239960061551245,394.4808354631775,3.9856055920861504
-0.1681332689204087,629.8126503004903,7.521905965805835
3.1439527456455103,635.4864101271388,6.094426136966273
2.0146245826943856,796.5202347597556,5.846884109614718
2.6831095242052037,358.50186576701947,4.137980021893099
0.8644107416651801,492.7359050121507,6.150581397275648
1.382864376741061,843.6841239957921,5.774148878641137
0.8542242273730694,707.6922933310382,3.5215868526835394
2.2924910310281943,494.7513454513701,2.666086410024005
1.8629026240533482,512.3136768002989,4.33325551849822
3.403812861775526,522.4656727616554,8.994311555851738
1.2092726716567261,402.25462664079987,4.836653179233967
2.412646073240872,577.2778268190399,8.08683136876962
3.1343624617799897,222.67460885906752,3.856882874651289
2.9368345976977404,408.25012556404795,4.987513354403216
1.847604509601971,447.1320958618745,4.3936150067049855
2.3067956266406573,534.9793461339093,2.6162033306441783
3.82211710096585,659.1152840026783,9.007519812935337
1.1361749016479368,802.4406613041563,2.7027008718336254
1.7107797211868392,473.78732387652644,2.682695021314455
3.6219881789395902,770.4112118729986,3.914634506786343
1.6816776568834744,515.1726111003123,7.17349080058887
1.1209681512775875,560.730209728131,3.8677145198635965
2.285336881427861,277.7044542436462,4.385809578598927
2.0612866579900597,408.3768586037134,3.5698706924770813
2.1091051656600905,305.81738426501386,7.782902541633037
1.4386115992073292,259.2036812901807,5.611957566543783
2.6259765883025223,247.65720013742384,6.896988766223482
1.2805064456763917,34.21230891840554,4.456871459698816
3.2450587463616065,405.5396598031209,6.318163113322849
1.456112139606728,385.5152542636041,7.4255444614249555
0.5620521891709609,438.4428698957426,3.213918343368981
3.038706898064919,22.527836796947497,8.885805532076429
2.3817183415661134,445.30611267536733,4.164463331823712
2.3934511589549308,461.81301448054853,3.497169641870321
0.6408642678967347,204.5864607139934,6.797414796444504
1.215789999011728,418.2483088153177,3.6684398818990482
3.062237287400832,652.4817445750806,4.077398633876455
1.5299541329805906,531.2666621955123,2.355665049286635
2.1239284803286242,399.86343864059774,5.263066077037595
1.96269099561413,316.6692448597843,8.1596154282569
1.2392834656100864,652.3751132336729,5.100901672256032
0.7597847073657982,673.1098908412903,5.846863251221856
1.6182601541853479,592.5946699158128,7.522138141294103
1.9371045075731015,823.1692646621857,6.974779066045792
2.125119912098943,152.7536032330824,0.6677415267913185
2.0206992156985804,448.55396269119296,5.978384028291543
0.9030464640178191,1063.9043997714562,2.728782853880616
2.216023222072707,521.4101226895796,4.242743673798913
2.6513363809644606,330.4872244636098,3.2148585450892795
2.315199969893072,854.7984977327992,7.890065230301099
3.320816971329216,940.1165852088545,5.300524703309231
0.2440308521342751,740.6785543429332,7.452452562046037
2.7380787985110087,632.0100078303135,5.595949523533554
2.7745269280987896,375.0200719292024,5.124778879180374
1.9189639976685755,728.9932723058186,7.210675617336765
3.290990423757775,478.1642793669592,3.790517183197347
2.5380414996112903,291.0773296051677,4.027359050292739
1.9468839392450399,528.3115061653322,4.8815362052408755
1.355537283230063,828.7319845220904,4.881880448818827
3.614957696559693,214.709685401115,8.418700198313147
0.7232621705313398,487.41546091705493,6.644659105051499
2.0284065565533083,543.1993594198468,7.36907459609813
2.0720688723612293,898.1111395252194,7.107052701478063
1.89280005266619,267.4640613561904,5.794149091297631
1.58579115574357,289.52533367074636,5.298179203609449
-0.4664922892621286,483.89076996040245,4.833010670877185
0.8148873874809515,146.92732867470846,6.2879501364850325
0.9124471660268478,625.4720390154241,7.1298809629766104
0.8090918981532595,192.36469510209446,3.8846161945122537
1.1966492767260366,383.47333391545476,6.877558155968713
4.024970996928889,729.0237074586801,4.9003126441296265
1.4898451695337878,509.94470552677836,2.3081335543001704
1.8748459029186635,-41.44598665832552,3.5114668196770444
1.9080844887423458,362.03019595919693,7.476103952424808
4.1026670402033165,582.3414745246018,7.059317070493458
3.2197652303152395,478.0812275111038,1.2483086813890178
3.397122388311079,362.9072262204982,5.55235966404922
1.311043379772733,657.1646547699996,8.907425139662987
2.8922839710768957,597.4363231895297,7.393608735682317
0.8952331509986495,590.0157023306901,2.0421342647592744
1.629215493571709,951.3778324783735,1.3136380828535206
1.571819338118246,865.8549970069093,5.194824636569728
2.3280074630447944,290.4937005966891,6.692855863081674
1.3596356626268378,435.33462256026064,1.198801203160051
0.3919245639390607,265.23877618347205,0.06101133668645886
2.938153135404768,659.1948426732149,5.773480453641815
1.7220313329390378,827.3635825057283,3.2126291500865958
2.716540323565628,543.942821624447,5.283632695793106
-0.8055157049487556,320.15148185556666,3.494191565516436
3.284789374967577,771.3212814786802,5.059975561461623
1.0241042437471775,704.3794451172367,6.264574082149335
2.517099898367988,453.7527270643698,8.518422511332817
1.2768587907484132,407.35583312642245,4.030626563959898
1.2915430057406228,497.388856986283,6.710115828486643
0.656279359619659,551.3172350031473,7.8742894746013645
0.6919639186358435,275.8089436274653,1.9362696147493774
1.2381514284072637,590.3436796116539,6.004060042651151
1.9404490481326782,555.721831432947,4.69834889723312
3.3113377595818125,464.9551467447185,6.8318388817166245
1.5377617330490203,528.308919838841,5.773660825479663
-0.7619559279969912,717.8011557328446,4.247070344988976
2.156577773002534,162.40265077979615,5.411419492600721
2.4477168291302758,399.13922959648545,5.833929574889855
0.19043842628243368,449.30999089377923,4.455578570240044
2.244912920482091,928.347098391241,4.492026975224453
3.508606904190398,262.2159137559422,6.670336852934535
1.9186050514954323,464.4980135802427,6.590421488994691
2.2113416988186785,326.6038821676748,0.51425288402692
2.2895273344088114,671.6810421109398,3.857597346155864
1.2309168796842482,787.632214448033,3.159279787072056
2.3639972042516737,225.786085615098,4.9227720773290295
0.7009476353218307,502.48879472305487,1.24048536966755
-0.862381652099057,594.4658375415579,7.0033722247888575
2.3050000200541754,364.3812315803312,6.131730805108123
1.8189050219010443,977.217295468662,4.947753240419856
-0.7151412067350509,418.64455070745936,5.287066036370739
3.7235664657279512,570.1884044142777,7.4378523758685615
-0.27881200338793954,627.1739654791419,4.3113386315716395
2.769911259365705,269.4573641094412,5.5712367532582885
2.3089036710709747,802.1599305592889,5.06094440455704
2.400971565205409,133.24866454794966,4.822972926142728
2.346590217091503,310.62773821157396,4.871091414833959
0.4968035558878503,694.8399374079793,3.558445829982742
2.8114001103368746,626.4361890291094,4.706592932205048
2.583152170615737,647.7374014083508,5.808902874712281
2.9044244159271897,204.90582785964256,-0.2271129517623116
0.12078863717499244,454.23218669743346,3.626908111107823
1.4426718587177794,364.62677414027945,8.07828609876999
1.449238493534554,530.736383490312,5.267958080232203
2.657293773000939,245.1706035886278,3.268468626667822
1.8622681896915363,415.3596966060664,1.9183567230619265
2.3891859347645097,270.2239068329294,2.3489298644956014
2.9867548157534807,507.07780974134573,3.356793888731738
1.255308680398226,774.7835427377327,2.3021012349219006
0.42056251635230746,318.15671340278925,3.6277737055030053
2.180288798351017,491.01071711208044,5.273988766418896
1.415229084283045,505.09648929878426,4.121288904025688
2.0734992121050784,550.6371935107344,5.384653415332451
-0.8294678776686135,730.26527896589,9.78969871138672
2.5519478469397456,377.6402825643585,4.067970998459186
2.9029266858283393,626.7964875962911,4.003888475416266
2.569207534749893,506.8326078441108,4.372477917855434
1.7558907429778026,208.71609207243483,2.8469339972634096
1.8376898363984486,450.6345251817901,4.931730247526834
2.5494091432794725,697.3915700136494,6.065615891719949
2.0521933833046,174.74127527022853,5.871165461169873
2.394204928871257,546.8160635023017,4.8155651844665694
3.4804069101335107,722.5830682648354,2.6039318849369226
3.129935875149627,95.13703737685654,6.87274225587966
3.820123986976439,179.86786428742778,3.2581822189117107
1.9482629294776976,436.2090665016051,6.065187870938415
3.6047068731687726,947.6085618549137,5.4864053815006075
1.8394339379878886,633.9243886577641,1.7140484601150479
2.403410033672201,495.0219599153054,6.032246278381274
1.3971265482896489,567.823216502523,6.725366763594603
3.1530352505447587,798.3542823588562,5.614309420274327
2.9570950720185696,80.14414073170474,7.8193223479156755
2.4126981650422428,266.6164086478217,6.272080981039781
1.9543690320063405,558.637756998888,4.718662043996075
2.0663586725216883,569.9497542751478,2.53734666583527
1.7850872233485902,838.6576182906047,2.5786716195261876
1.3874899486822838,403.11785706814044,5.756247365401386
1.7888111719800384,528.6922535046314,4.860171324537882
2.198643171550817,699.4839261320408,3.916443835311563
2.2997818362911864,556.4286320761835,3.612174031025237
2.548821288935171,291.9404242177967,4.679807954285045
2.223532702840831,688.4762433068013,1.5628545116683261
2.5708630113058506,366.2118179734787,7.433836922866995
1.4821486058086526,441.0358869017963,4.611841353005824
1.5832628346092998,649.4120644880794,6.95490915912889
1.951670238610813,286.72075420306857,4.110741213688229
2.1210062811608035,626.6480742134821,7.589376240570627
1.2653958221133075,44.85659270095317,5.526975883297776
2.6604658332693765,498.0210332147652,3.3523930266335515
2.5147161116716585,283.00644203240427,4.862225096689177
2.4661767110498745,652.972457774025,4.626293684776757
1.3905623370151985,611.0772527147645,1.6123513434121333
3.2394596255156847,703.0599331515649,5.622760185538447
1.269369193465903,686.3873647997983,6.4168231920455545
2.9236356169193978,889.5752409646443,2.863256777276985
2.3150110178972385,585.948632407334,3.002309547089985
2.779684012875342,706.0745763593637,6.779504724833176
1.8362248955124505,754.4227420448331,5.019664794403623
2.9234330804479574,602.3458558279943,4.291260342436795
1.7467125917988833,479.57375509874424,4.868630201470274
4.310711842474922,498.8717526150264,4.137192146481338
2.5271086439480213,665.078476891841,3.145426922698337
0.699740678294978,207.8257812120957,3.3960633615046327
0.7702216445890571,614.9798926250797,2.7526964660046507
3.0080594079723104,168.04708006760058,4.585508761025708
3.806395851224737,634.5169622822877,2.224926767311615
2.1506665662588977,418.7590178538052,2.699645450736076
2.625133873055819,405.8498993169541,5.2112459577881465
3.0651104225621584,592.553772636558,4.391272125042042
0.32294963800042265,140.57663418162167,3.3437725083641983
25.978983144039503,9979.248840599543,188.49481088682745
47.61128822077768,7500.214377670617,227.7579783720049
12.882691111952758,6557.225967147196,371.39001613909136
14.142741038219064,9573.101437027954,193.27707194138233
16.711573595751055,6527.890440331293,461.9132735730659
34.66981651341391,9523.580035007599,450.0896084511208
43.193174344502,7754.106159577288,95.99967485108286
15.604164448633192,6480.897942864087,315.17501659020456
32.81949461260046,9250.539547853878,178.21767736946802
10.508836878712259,7520.758572446112,141.5577996238992
37.42590380778048,5040.096276790186,190.38213204647667
38.01617675869832,8590.586905667713,387.35311594641803
25.82792400219143,5262.487971635371,435.1779194917769
32.731352209050215,5881.504721263889,340.2807809420488
33.02232776529,7384.668113272592,356.84662646651026
40.09841014637831,5762.0346601516985,79.66021711734086
10.394656610032214,5511.248350399538,300.8832576386779
42.71551457666828,6122.936479435391,349.4394457194197
40.59680118243841,7861.819351404997,302.8893451539796
24.517841395842062,6244.533110371224,170.85619467392627
42.574076803107175,9434.654410284973,450.44285599247013
31.468784620541722,7231.703136531547,71.69142579452486
40.807305426389064,7078.06309004138,182.03208823349192
33.33902255636845,7147.752094016965,405.360754448261
38.89035226386913,8115.329844222904,226.700825009741
11.174756992575672,5663.509481209552,94.59415745177729
38.19686602762764,9254.09715466758,429.3350936382541
22.1943198299674,6522.594699733444,334.69845707772043
47.82143872032154,7830.461962306894,362.02364978457257
14.993178972432798,8733.73141292132,321.2392835127874
26.635818318291356,6080.708504450469,367.78818343135475
28.082899529666257,6126.630845910395,448.73499593063264
30.456508445478264,6802.935845505461,476.923446283973
15.745627410007499,9758.543068562267,324.493231761673
31.969754015593026,9671.621981235967,171.32453866089276
18.44296821277636,5535.098635433103,450.7102064956963
27.71071384447493,7010.372397229602,376.296233653369
39.024310962981545,5739.90894533,151.4286131226554
47.06660752179247,5746.196347033072,465.3002526456742
26.95160319759479,7367.724049824923,168.44340857039163
25.262813899101836,6114.422148044041,400.33667217595575
36.46969925508815,9113.753161323228,69.88995719584419
34.65058208523582,6799.726768320415,207.79679738012416
42.031926360885514,9509.650645844558,62.02276423143121
36.07269133981839,6942.542452280061,77.11760943720644
42.17909589503029,7047.08987188775,129.79065976988954
33.1014521996316,6323.266024725314,225.2279045519081
45.62225283674912,9261.94072165983,226.20816687998044
31.712764748118193,6013.812300118666,242.2605095090421
16.55829349176404,5862.796944658912,343.8452307403514
