Age,Monthly_Income,Avg_Transaction_Value,Employment_Type,Location_Tier,Default
59,36727.76087123023,4874.023983341916,Salaried,Tier 2,0
49,54304.11891836447,3238.3727271340995,Self-Employed,Tier 3,0
35,52477.915701808655,2072.7786743906845,Freelance,Tier 3,0
63,58534.05011704462,1013.4310319957002,Self-Employed,Tier 3,0
28,36877.899293829476,1180.6107293072055,Salaried,Tier 3,0
41,43994.406902486706,1513.9261847805578,Salaried,Tier 1,0
59,57640.67174504159,1629.349976031341,Self-Employed,Tier 2,0
39,68709.90582847586,4327.77226028512,Self-Employed,Tier 3,0
43,64488.83011939385,3025.5025472713623,Salaried,Tier 2,0
31,51230.82306729197,2855.259101184649,Self-Employed,Tier 2,0
31,42689.074641182786,1016.4599234114786,Salaried,Tier 2,0
44,56057.308380189585,4370.628620072457,Self-Employed,Tier 3,0
56,33629.143440597945,3752.6643644381766,Self-Employed,Tier 1,0
60,37744.97841108659,804.5076285500071,Self-Employed,Tier 3,0
44,72646.56968689435,3685.257937533959,Salaried,Tier 2,0
23,56030.517200703835,2945.921978041907,Self-Employed,Tier 2,1
42,44787.09899340568,867.7640558605021,Salaried,Tier 1,0
22,62437.08026877903,2562.352886878954,Salaried,Tier 3,1
44,69304.6244577439,2681.1332920852115,Self-Employed,Tier 2,0
64,43330.43662631539,1245.985430734741,Self-Employed,Tier 1,0
50,43588.880863257866,4755.64166150127,Salaried,Tier 2,0
58,41710.31339979492,4324.889171662979,Salaried,Tier 1,0
22,64457.75478073042,3510.6005179809877,Freelance,Tier 1,0
41,64603.36171280186,2580.3300245027326,Salaried,Tier 3,0
53,70788.54981936648,2352.944937130288,Freelance,Tier 2,0
32,65129.04424773254,3429.380602179294,Freelance,Tier 3,1
42,25516.728808572218,2954.443412331075,Freelance,Tier 2,0
64,54214.46481377299,780.2289764684853,Self-Employed,Tier 3,0
45,34124.218957294215,2806.2619194664926,Self-Employed,Tier 2,0
47,42306.28437542877,4128.816277547778,Salaried,Tier 3,0
62,52558.913053712946,2566.579449186311,Freelance,Tier 1,0
48,62533.48097524856,733.8045989942078,Self-Employed,Tier 2,0
36,36637.34986323384,4038.251897228149,Self-Employed,Tier 2,0
35,15129.205078213978,1406.1370196118846,Self-Employed,Tier 1,0
64,52707.96262708147,1663.7937569961746,Self-Employed,Tier 3,0
23,89653.57375097825,1241.1785904453316,Self-Employed,Tier 2,1
57,46957.30670494771,1985.967791921739,Freelance,Tier 2,0
27,50703.73152425388,3905.3817755988575,Freelance,Tier 3,1
41,76732.45427804117,2837.236367767718,Freelance,Tier 1,0
29,58854.11928592682,1421.9657336782066,Freelance,Tier 3,0
59,53252.915554744075,4450.235351684183,Salaried,Tier 3,0
38,56631.749979702094,4458.118347281881,Freelance,Tier 3,0
24,53753.65898860473,4417.602912707031,Self-Employed,Tier 2,0
45,32903.68357764941,1574.5829512169269,Freelance,Tier 1,0
34,29878.322633004536,2530.5770488144462,Salaried,Tier 1,0
29,78302.42168186355,4932.453452633938,Self-Employed,Tier 3,0
46,52758.25027857736,3974.0561433949565,Freelance,Tier 2,0
22,51501.431638695474,622.2533955150192,Freelance,Tier 3,0
40,48646.58503915685,793.4206606722142,Freelance,Tier 2,0
48,61716.09901424679,2587.6911956554973,Self-Employed,Tier 2,0
27,88080.3665260623,4591.4909263770205,Self-Employed,Tier 2,0
64,57859.29000661691,2924.158090787214,Salaried,Tier 2,0
28,41178.697605281704,2740.156286154306,Self-Employed,Tier 1,1
55,47998.98713162684,974.6316498048377,Self-Employed,Tier 2,0
34,66064.94700807883,3455.5104712593234,Freelance,Tier 2,0
37,41257.990978805035,4199.4642227010145,Self-Employed,Tier 3,0
56,62783.697335454024,2211.8900337840305,Freelance,Tier 3,0
60,15188.939390328043,3990.253329163974,Freelance,Tier 1,0
24,46551.8064283042,4840.144942553652,Self-Employed,Tier 3,0
22,59422.100202210044,1416.949066074601,Salaried,Tier 2,0
26,69051.88319863574,2854.983340376336,Salaried,Tier 3,0
62,37722.886744364136,1792.1208113805899,Self-Employed,Tier 1,0
24,27458.52473554095,4067.8448856522773,Salaried,Tier 3,0
49,46088.97252662272,3099.1701464652087,Freelance,Tier 3,0
38,33118.71488379667,3355.620878976367,Freelance,Tier 1,1
46,47764.449999057055,4090.6137182715233,Self-Employed,Tier 1,0
64,49900.19818053144,2281.867126981047,Salaried,Tier 2,0
54,30212.824321970827,4617.905307831695,Salaried,Tier 3,0
30,62066.586651662976,2898.62990260763,Freelance,Tier 2,0
56,47641.79159953324,1210.7967027590662,Self-Employed,Tier 3,1
34,66206.89803508024,3631.546031759611,Salaried,Tier 3,0
51,22326.421395558595,4069.676076972145,Self-Employed,Tier 2,1
35,34742.117441819144,1925.42754680387,Salaried,Tier 3,0
28,57750.03962972184,4357.306656494388,Freelance,Tier 3,0
34,38013.34143762102,4577.644646445949,Freelance,Tier 3,0
43,47531.96512925456,1746.0701932001402,Self-Employed,Tier 1,0
60,50010.48676335762,4925.8466272185,Freelance,Tier 2,1
41,52373.83971430051,1133.201876219413,Salaried,Tier 1,0
36,39836.506808994396,1409.0705078112048,Freelance,Tier 2,0
38,52239.29845208716,1329.0117765711175,Self-Employed,Tier 2,0
44,38261.8444214828,4522.953695035417,Self-Employed,Tier 3,0
46,60114.20703120163,3444.3164854623283,Self-Employed,Tier 2,0
45,48277.33970775465,1184.469274500228,Salaried,Tier 1,0
61,52325.54935393278,2481.45538265757,Salaried,Tier 1,0
49,88548.902595355,3268.8411128141092,Salaried,Tier 1,0
35,33393.43318099968,875.5883824522248,Salaried,Tier 2,1
21,70828.73403560431,4470.8736578330245,Salaried,Tier 1,0
45,10109.729644259409,4116.2159094869085,Freelance,Tier 2,1
27,18824.350176215852,2773.430481094872,Salaried,Tier 1,0
29,31390.39883468644,4852.069768666267,Salaried,Tier 1,0
44,32337.074520875954,2379.9244067379486,Freelance,Tier 2,1
21,53055.52697208274,4928.49643566424,Salaried,Tier 1,0
64,54347.63396252702,3505.639994616322,Self-Employed,Tier 3,0
28,46177.68097441453,3356.0207296427366,Salaried,Tier 2,1
44,47751.830498563075,1246.7970288310325,Salaried,Tier 2,0
31,57916.47141397491,4468.674912370898,Self-Employed,Tier 2,0
37,62498.358164311125,2423.703595642768,Self-Employed,Tier 3,0
28,30101.914758353614,1230.0503260211572,Self-Employed,Tier 2,0
55,44571.63543150495,556.7338398909156,Self-Employed,Tier 1,0
55,48956.15265630485,3018.9005763727214,Salaried,Tier 1,1
53,57279.7399484068,2873.2982995520433,Self-Employed,Tier 1,1
25,38409.99286589793,3737.0913006612136,Self-Employed,Tier 2,1
62,48661.682366094945,4506.161238580109,Freelance,Tier 1,1
59,50449.754517907364,857.3296308936328,Self-Employed,Tier 2,0
61,39432.948448107054,3791.7342065316307,Self-Employed,Tier 1,0
48,39075.27275078171,1343.35374843912,Freelance,Tier 3,0
27,51481.18666456002,4361.796739207238,Freelance,Tier 3,0
29,48044.82281019188,4185.785812377453,Salaried,Tier 3,0
28,57507.162791309485,2933.5718974349497,Freelance,Tier 3,0
32,34201.11919032506,3696.0925938049018,Salaried,Tier 2,0
54,44739.77708181819,1914.5755093268679,Freelance,Tier 1,0
53,46561.75922669612,2620.255545197666,Freelance,Tier 3,0
43,62207.95862185408,4197.366039697123,Salaried,Tier 2,0
44,35893.79338148147,2566.6933872794625,Freelance,Tier 3,0
57,53519.78007732629,2110.092193964488,Salaried,Tier 3,0
55,53791.3326130683,2723.9560126263495,Freelance,Tier 2,0
64,74695.95864019959,4227.121635967483,Self-Employed,Tier 2,0
60,34893.659535406085,2008.4362131689272,Freelance,Tier 1,1
42,40141.50022823759,1281.927169110847,Salaried,Tier 1,0
47,35939.66476665018,3704.0630914885132,Freelance,Tier 3,0
55,24953.312418973997,4216.901957186368,Salaried,Tier 3,0
21,76470.30401394078,952.8686533559,Salaried,Tier 1,0
55,31377.481535763163,1579.4335074017513,Self-Employed,Tier 1,0
57,37755.418864177314,1138.8739539244725,Self-Employed,Tier 2,0
34,69736.49762423239,2065.73635211975,Salaried,Tier 1,0
23,23703.39429592677,2526.579405074357,Freelance,Tier 1,1
21,61345.27353931072,3869.718516334879,Salaried,Tier 3,0
25,28804.63481987334,3430.1641319675336,Salaried,Tier 1,0
46,68700.4210479438,3294.17855365294,Freelance,Tier 3,0
34,17451.834694387122,2085.687259743445,Freelance,Tier 1,0
59,23697.95875624006,4286.513988881419,Freelance,Tier 2,1
47,41826.16647561637,2620.7922532917405,Freelance,Tier 1,0
29,64577.34035259103,4905.972221068196,Salaried,Tier 1,0
35,49535.6262404514,3353.6396223308157,Salaried,Tier 1,0
35,44964.27390670144,1068.1913370402622,Self-Employed,Tier 3,0
46,70190.66311197076,3542.799029339453,Salaried,Tier 2,0
62,82328.5930764961,1962.9680694426454,Freelance,Tier 1,0
33,60083.85926620658,3588.4723850874384,Self-Employed,Tier 3,0
52,40657.18245348075,813.3851667308259,Freelance,Tier 2,0
59,43727.854489860925,1286.9664672918173,Salaried,Tier 3,0
52,30673.28930364013,4350.817665076038,Self-Employed,Tier 3,1
24,51512.261333810784,1522.308006605817,Freelance,Tier 2,0
50,25556.105210355094,4266.68506359323,Self-Employed,Tier 1,0
57,58277.95482964251,1756.742398044847,Self-Employed,Tier 3,0
43,80083.6106845993,3392.9685952641844,Salaried,Tier 3,0
59,60763.873696895746,3623.6775807942395,Freelance,Tier 1,0
35,42962.784197075984,2806.946389152738,Self-Employed,Tier 1,0
63,57904.06118947686,1873.8980451352909,Self-Employed,Tier 2,0
49,74308.00167748815,1456.8996936699325,Freelance,Tier 2,1
56,73557.41952891709,649.352095530918,Self-Employed,Tier 2,0
33,34943.63162654944,1867.758805583257,Self-Employed,Tier 1,0
52,57654.44584373485,3439.2325573907738,Self-Employed,Tier 3,1
27,47628.477648947024,4722.371683018172,Freelance,Tier 3,0
42,62098.8987187053,4420.420170183734,Freelance,Tier 2,1
48,55754.20930725156,3947.2914944088616,Freelance,Tier 1,0
22,14454.178857733292,4048.013044639844,Freelance,Tier 3,0
62,44779.80370554742,3492.4320656419786,Salaried,Tier 2,0
26,52978.375443444376,1671.2908590470136,Self-Employed,Tier 3,0
48,28484.525492617315,4582.3776381762345,Freelance,Tier 3,0
48,58715.330147989785,3518.295403576253,Self-Employed,Tier 1,0
64,27139.771374094547,3021.98283941198,Self-Employed,Tier 1,0
64,38023.4142887442,999.4526114606649,Salaried,Tier 3,0
40,70119.67879550203,2511.7499471289148,Freelance,Tier 2,0
50,36743.33316703598,2571.6122204086682,Freelance,Tier 1,0
31,58609.50438802513,4390.536242852015,Self-Employed,Tier 3,0
48,23696.394231369693,2959.916990845048,Freelance,Tier 1,1
45,81219.71985147713,2211.8024703668434,Self-Employed,Tier 1,0
59,45431.69542269114,4895.601478297967,Self-Employed,Tier 1,0
53,51429.81210421579,998.2426699684206,Salaried,Tier 3,0
21,52685.551948234475,2401.4679274037508,Salaried,Tier 2,0
47,59113.50296497038,689.1110382713238,Salaried,Tier 2,0
33,27212.300255207345,3829.5685434511865,Self-Employed,Tier 2,0
61,49919.95293745005,4631.344484896178,Freelance,Tier 1,0
23,40118.46761327965,1760.1679829772024,Salaried,Tier 3,0
59,24656.64160882595,4362.537545596044,Freelance,Tier 1,0
26,64806.83300193065,1814.9820370785399,Salaried,Tier 2,0
28,44717.40524600614,4598.465727397618,Salaried,Tier 2,0
47,53637.80638418779,3892.828566185528,Self-Employed,Tier 3,0
29,52697.681280920886,4122.080495786474,Salaried,Tier 1,0
57,44977.2159143583,581.0295002020453,Salaried,Tier 2,0
53,79625.41030446172,4832.6466068331165,Self-Employed,Tier 3,0
62,49291.03021056486,3770.0194643164546,Freelance,Tier 1,1
64,26630.71523484998,1871.3799292376,Salaried,Tier 1,0
44,43994.27959725023,4232.275991864812,Self-Employed,Tier 2,0
35,57496.064301681654,1766.8453928671847,Salaried,Tier 2,1
52,57988.92664055827,4427.392278047576,Self-Employed,Tier 1,0
52,33683.28597107357,1006.6117568537165,Freelance,Tier 1,0
44,63942.23761017155,3666.586898573581,Freelance,Tier 2,0
61,23556.996066934396,2933.1431449020965,Self-Employed,Tier 1,0
32,67162.02803924627,934.4051158794837,Self-Employed,Tier 2,1
59,30209.781662938916,1588.5222271647754,Self-Employed,Tier 1,1
22,46606.32171486986,555.8181632479166,Freelance,Tier 2,0
23,65968.5301704005,2609.4558445902762,Salaried,Tier 3,0
57,51794.085033306044,1855.6936734200017,Freelance,Tier 2,1
37,62250.477765703545,3192.6086793399145,Self-Employed,Tier 2,0
22,59279.929395648986,1837.5701346887774,Self-Employed,Tier 3,0
22,69294.02920106902,1849.636001781431,Freelance,Tier 1,1
48,65933.14776370568,3844.3693942922155,Self-Employed,Tier 3,0
43,43193.83537195337,716.6427619025906,Freelance,Tier 2,0
57,59494.12450690198,4563.0274783639425,Self-Employed,Tier 1,0
52,27101.7220745338,4335.187434760317,Salaried,Tier 3,1
53,49131.42638993323,3505.121074518829,Salaried,Tier 1,0
21,62277.2710195781,3169.4970654832296,Self-Employed,Tier 1,0
39,52007.71481369,4515.361241628435,Freelance,Tier 3,0
22,56699.59597275629,1333.985807879215,Salaried,Tier 1,0
64,46800.914360513125,855.3612298587287,Freelance,Tier 3,0
46,66936.04156302713,1577.7957645929214,Self-Employed,Tier 2,0
52,48793.76339436511,4075.602254150856,Freelance,Tier 1,0
26,43018.2472639392,656.016200269175,Salaried,Tier 2,0
52,63297.76118853581,3122.6307578757032,Freelance,Tier 2,1
24,28922.601164533102,4979.468822860895,Freelance,Tier 1,1
31,57515.50015276017,4350.632422268927,Self-Employed,Tier 3,1
37,34362.72688659292,2846.5056006961527,Self-Employed,Tier 1,0
58,69168.90243857248,786.3840917898906,Self-Employed,Tier 2,0
44,46084.59120129807,4241.180814735694,Salaried,Tier 2,0
25,52024.770812295326,3195.4032867974474,Salaried,Tier 3,0
54,56188.55594966184,1017.1984867680508,Self-Employed,Tier 1,1
26,21054.73105528764,922.357781705103,Self-Employed,Tier 2,0
42,40241.22737664715,4593.320687464666,Salaried,Tier 2,0
31,65653.1886392983,3511.4011832213528,Salaried,Tier 2,0
36,63016.475362563324,4231.7905969254,Salaried,Tier 3,0
53,54245.48308092824,4455.405051270203,Salaried,Tier 2,0
29,29758.04642861715,3072.97558421745,Self-Employed,Tier 2,0
26,58782.551912878684,2828.5085828976858,Salaried,Tier 1,0
36,60700.99385308169,2436.923346444456,Self-Employed,Tier 1,0
49,50705.25819685618,1926.2596450600367,Freelance,Tier 2,0
23,68347.56425887186,2455.6818238642027,Freelance,Tier 2,0
40,39748.52314804815,3982.458450785704,Salaried,Tier 1,0
56,42352.13633750038,3208.655439568092,Freelance,Tier 3,0
39,12730.82631371278,4516.354804796807,Freelance,Tier 3,1
46,63797.41265221495,2495.210064706345,Freelance,Tier 3,0
23,54707.92945205201,3231.903104234393,Salaried,Tier 3,0
39,24772.695123001562,3340.883988913949,Salaried,Tier 3,0
40,23621.01500008779,3162.6372303784647,Freelance,Tier 3,1
52,36910.54058943484,3661.8519788848234,Self-Employed,Tier 3,0
27,61904.8691297053,1568.4506076866282,Freelance,Tier 3,0
61,45494.59267867057,2805.636998956058,Salaried,Tier 1,1
53,37928.19625009513,969.0116126375644,Salaried,Tier 3,0
60,34908.26160374756,2230.3009744016563,Salaried,Tier 3,0
59,34236.3206325772,2694.50180879569,Freelance,Tier 3,1
38,20994.825483386598,3435.0091679546263,Self-Employed,Tier 2,0
60,31889.062525304384,4777.389736637916,Salaried,Tier 1,0
21,33941.32880484249,3202.9297994676012,Salaried,Tier 1,0
31,60239.34854685719,3846.172622794519,Freelance,Tier 1,0
48,47514.154202800775,2778.1972677284125,Self-Employed,Tier 3,0
45,37616.22735473809,3353.4681411934907,Freelance,Tier 3,0
43,84645.8413310928,819.1949726019805,Salaried,Tier 2,0
51,40041.546296800014,1644.7621137883114,Self-Employed,Tier 1,0
50,67506.54371575454,2128.338919423124,Self-Employed,Tier 3,1
62,74316.62836681573,2626.2200975293113,Salaried,Tier 1,0
55,26450.594935139856,705.4193547607268,Self-Employed,Tier 2,1
27,51109.44446110352,1130.1084389899297,Self-Employed,Tier 2,1
36,42236.995236376635,1745.664385060876,Freelance,Tier 2,0
46,41016.134051609966,4871.897109054728,Salaried,Tier 1,0
22,58330.652252103624,1991.0615319637284,Salaried,Tier 3,0
21,40656.94255365075,2669.184761504371,Salaried,Tier 3,1
32,42560.46430510294,1382.4397073227683,Salaried,Tier 2,0
25,47478.276565620596,3248.510319840957,Salaried,Tier 3,0
57,44399.01097435146,1763.0744698218843,Self-Employed,Tier 2,0
52,32396.44689481812,1431.4666029729206,Freelance,Tier 1,1
29,61938.59757271211,2824.576828006906,Salaried,Tier 2,0
61,65727.96407761401,524.7760962218937,Freelance,Tier 1,0
55,55154.27884302826,534.4881469215139,Freelance,Tier 2,0
39,44351.71023466601,1485.80964095836,Self-Employed,Tier 3,0
36,39421.83895505328,665.2461312536951,Salaried,Tier 3,1
23,39445.6990561033,986.1158935881112,Self-Employed,Tier 2,0
40,85360.64547549063,2024.8729220243822,Salaried,Tier 3,1
44,64067.57452349966,4111.6355581091575,Self-Employed,Tier 3,0
53,37398.34882124992,3074.2188951618537,Freelance,Tier 3,0
44,52470.46741155711,2807.0047668038737,Salaried,Tier 1,0
31,44561.974623509566,1820.6997044365473,Freelance,Tier 3,0
28,58757.00564234436,4692.891737447674,Freelance,Tier 1,1
56,58152.48654184013,2286.567685567363,Self-Employed,Tier 2,0
58,66254.14480858206,891.9174505809717,Salaried,Tier 3,1
60,37241.653120067065,3276.7993225301057,Freelance,Tier 3,0
40,51571.02947957196,1012.2727706447064,Self-Employed,Tier 3,0
55,23771.795225637106,2053.504142607614,Salaried,Tier 2,0
45,31139.895493567332,2783.35372423014,Salaried,Tier 1,0
55,63261.51254838769,4434.001361083291,Freelance,Tier 1,0
45,35739.7431289201,2720.959611530534,Salaried,Tier 3,1
49,37386.368029282174,3660.1644471424893,Freelance,Tier 2,0
38,49875.82888174926,4967.675775495816,Salaried,Tier 2,0
38,60421.415462698096,1091.7010395409175,Self-Employed,Tier 2,0
22,34087.598062488556,1736.291864837838,Freelance,Tier 2,1
55,-2212.13243140126,2275.592340189409,Freelance,Tier 2,0
36,36946.65136784733,2398.226803424741,Salaried,Tier 1,0
61,68084.42116929256,2349.594838694956,Salaried,Tier 1,0
56,55147.02576525311,4584.249511504497,Freelance,Tier 1,0
53,69858.1220568082,3713.146900100854,Salaried,Tier 3,0
24,33022.75786800956,3235.573463408167,Self-Employed,Tier 2,0
53,25409.055985039155,1892.1772303825194,Salaried,Tier 3,0
34,56938.22828971311,4207.056728995826,Self-Employed,Tier 2,0
41,53600.341065275694,4797.77230168245,Self-Employed,Tier 1,0
40,54583.314805658876,4195.392271476019,Self-Employed,Tier 3,0
28,63994.94963975852,507.04297336162807,Self-Employed,Tier 1,0
27,56325.2738586839,3363.806165825332,Self-Employed,Tier 2,0
23,56084.26389710568,730.1092164894533,Salaried,Tier 2,0
37,60725.10520701711,1659.2324915017484,Self-Employed,Tier 2,0
53,57536.24948280541,767.8611515649726,Salaried,Tier 1,0
32,62861.688975761084,3217.079538272245,Self-Employed,Tier 2,0
42,65127.81237167872,3589.6546107167305,Freelance,Tier 1,0
42,72975.33201861373,1015.1943712965731,Self-Employed,Tier 3,0
50,40262.13012644481,2227.274973702408,Freelance,Tier 2,1
58,57208.43161116121,2553.064290299939,Self-Employed,Tier 2,0
58,44445.14947104055,2160.7385979241244,Self-Employed,Tier 2,0
28,37496.615190811,1044.6125021833686,Self-Employed,Tier 3,0
47,39656.895183794506,2385.2650558436394,Freelance,Tier 2,1
47,57424.332763422884,3880.3012151378816,Freelance,Tier 1,0
54,56273.78832179001,819.5344903996496,Self-Employed,Tier 1,1
41,56006.18043857656,860.8100633685656,Salaried,Tier 2,0
50,46614.29528646,2096.470813261929,Self-Employed,Tier 2,0
53,50051.221267676156,4737.765702285163,Freelance,Tier 3,0
48,62266.29043814075,3508.576910253113,Self-Employed,Tier 3,0
53,27659.10410526041,3554.0148050265416,Freelance,Tier 3,1
25,50369.63147642876,2128.6399587703927,Freelance,Tier 2,0
39,51349.34222190185,3171.4735604384227,Freelance,Tier 3,0
24,61299.56403616474,545.5903281248452,Self-Employed,Tier 3,0
55,29746.273820857623,3362.43220884294,Freelance,Tier 1,1
37,72427.00618276118,4609.791264093065,Freelance,Tier 3,0
64,53204.45636642765,3256.580607551686,Self-Employed,Tier 1,0
48,53998.708200424044,4431.6436705985525,Freelance,Tier 1,1
50,43979.3036400166,3757.878749597422,Self-Employed,Tier 3,0
49,58070.335321952654,1042.512873816606,Freelance,Tier 1,0
26,50719.31075424659,4561.039882786288,Salaried,Tier 2,0
55,68134.72916159699,798.9972996009869,Salaried,Tier 2,0
61,28377.586279045772,2902.853626464937,Freelance,Tier 3,1
57,52633.18744835762,1139.6170570705594,Salaried,Tier 2,1
44,56127.68522566139,552.6797482890682,Self-Employed,Tier 1,0
49,47204.414084553624,2399.1541705743757,Salaried,Tier 2,0
51,43930.0126503943,1827.683184443703,Freelance,Tier 3,0
55,44555.64081546939,2687.002222089214,Freelance,Tier 3,1
53,52619.58904051742,3097.3994903054786,Self-Employed,Tier 1,0
41,22850.61648528941,696.8258253902632,Freelance,Tier 3,1
52,64475.22441594845,1053.5148280568553,Self-Employed,Tier 2,0
43,42798.02198456224,3013.890784026914,Salaried,Tier 3,0
53,51917.04046050174,2044.253089276962,Salaried,Tier 1,0
23,55506.53400182101,3781.280693972516,Self-Employed,Tier 3,0
38,42112.91919030565,3435.3124186637283,Self-Employed,Tier 2,0
45,48034.42389501506,4305.219633454581,Freelance,Tier 1,0
62,19471.396390617443,3616.217720011514,Salaried,Tier 2,0
51,60981.85410999608,2434.6898482556667,Self-Employed,Tier 1,0
23,66201.03500483248,3528.349800774946,Salaried,Tier 3,0
60,24485.096720918697,1739.2152841493835,Self-Employed,Tier 1,0
44,43902.606849556076,1878.410744501957,Salaried,Tier 1,0
52,31551.959326387783,4050.43321964357,Freelance,Tier 3,0
42,47333.89517768891,2508.8878238071197,Salaried,Tier 2,0
43,59729.54502081442,4092.711532332586,Salaried,Tier 3,0
22,64809.63348884937,4200.9006815072535,Salaried,Tier 1,0
47,66827.79784140273,4359.030519475777,Salaried,Tier 3,1
62,69658.1573703832,4624.858561285433,Salaried,Tier 1,0
22,46663.808323166515,2439.433492309833,Freelance,Tier 3,1
46,32795.62056899841,1934.9006824451249,Self-Employed,Tier 3,0
37,48281.14549538047,3119.8943596735126,Salaried,Tier 2,0
60,59499.012534553636,2170.2759054693242,Freelance,Tier 1,0
53,31591.10328618714,3204.8337506010485,Salaried,Tier 2,0
29,74902.05430172363,3675.136381897211,Salaried,Tier 1,0
63,63468.328081405125,3597.822583214616,Self-Employed,Tier 3,0
59,46901.49247353007,2185.487991590546,Salaried,Tier 1,1
49,39336.92104383138,1250.8709076443877,Freelance,Tier 2,0
62,39963.18378331036,2437.382023079934,Freelance,Tier 2,0
46,51113.093207002334,1141.6736483685893,Self-Employed,Tier 2,0
55,46558.960959044714,4505.436658327138,Salaried,Tier 1,0
45,64257.54132923937,2056.4485733203583,Freelance,Tier 2,0
44,44855.36257546056,1195.068862504957,Salaried,Tier 2,0
33,57582.527159172365,614.5149195758789,Salaried,Tier 2,1
27,49566.12673737695,3406.2007382891793,Salaried,Tier 3,0
56,54045.04036095606,3366.0604285463446,Self-Employed,Tier 3,0
40,46549.15346605426,2032.7187496158126,Salaried,Tier 1,0
21,60615.733118744305,822.7034998144295,Freelance,Tier 1,0
28,60838.10120435116,2343.330027028544,Salaried,Tier 2,0
36,56898.93538733217,1900.478727785271,Freelance,Tier 3,0
34,59112.71490724257,3547.042878807542,Salaried,Tier 2,0
32,35834.46833685421,3226.0066225371065,Freelance,Tier 2,0
43,54848.686443634695,2140.6717768889303,Freelance,Tier 3,0
35,68738.02651231301,1480.5164941474554,Salaried,Tier 3,1
48,57371.06850529246,4946.161847700163,Salaried,Tier 3,0
54,34539.23745797715,2543.007295382517,Freelance,Tier 1,0
22,49253.50235526373,3597.234061011067,Self-Employed,Tier 1,0
52,55624.66907509563,1132.4883541026234,Salaried,Tier 2,0
43,38639.00724652536,2685.15364846729,Self-Employed,Tier 1,0
42,29625.93204914971,623.9152394125947,Salaried,Tier 3,0
45,45258.531973452096,2774.5480305970245,Salaried,Tier 3,0
42,38887.51388048446,4838.0783320296605,Salaried,Tier 1,0
42,49785.66452915047,2228.930208436101,Salaried,Tier 2,0
62,26128.930287555675,675.4820565871021,Self-Employed,Tier 2,0
26,58470.515938042336,639.3010591370459,Salaried,Tier 1,1
35,40480.924470599646,2245.940419760913,Freelance,Tier 2,1
63,64936.28355022034,1220.1122140843731,Freelance,Tier 2,0
57,45846.51740305433,605.0844334768366,Self-Employed,Tier 2,0
53,49619.16430423269,3902.9612627757956,Salaried,Tier 3,0
28,47404.47681954623,2563.353539968508,Freelance,Tier 3,1
64,39677.60464849591,1801.6014738769454,Self-Employed,Tier 1,0
64,87084.1919340899,4550.374323574163,Salaried,Tier 3,1
25,42562.00732989073,1022.6253209023653,Freelance,Tier 2,0
59,65352.8228369849,4801.634730298936,Freelance,Tier 3,0
24,33595.565809049076,1912.8502281980877,Self-Employed,Tier 1,0
26,55581.970866397416,4497.816525389066,Salaried,Tier 3,1
52,57183.08245897754,3213.242944157577,Salaried,Tier 2,1
50,49637.34534352805,4220.183118836694,Freelance,Tier 2,0
55,41434.9292054064,4928.05923444709,Freelance,Tier 1,0
60,46050.17146079054,1797.8244701843557,Freelance,Tier 3,0
36,43950.657470403195,4825.109684334168,Salaried,Tier 3,0
33,86030.39422753184,2252.6685270608914,Self-Employed,Tier 3,0
62,49660.95365832771,2234.8035713161507,Self-Employed,Tier 2,0
50,57873.33167995926,2031.7419691452756,Salaried,Tier 1,0
39,76724.37635638051,2936.3342330641335,Self-Employed,Tier 3,0
37,36855.21998038728,1193.6526943031918,Freelance,Tier 2,0
39,50564.903497519066,2991.7016841110503,Self-Employed,Tier 2,0
48,45962.20802477917,2937.671655845018,Self-Employed,Tier 2,0
46,48707.92331774954,3928.558156721915,Self-Employed,Tier 3,0
57,47314.82049323772,4251.424828719135,Freelance,Tier 3,0
46,39021.84371554674,2481.986076405908,Salaried,Tier 3,0
43,52931.15427494949,1860.4996220817218,Freelance,Tier 3,0
29,34060.508338758475,1667.007037926925,Salaried,Tier 3,0
32,64833.24105963527,1375.8072651719237,Salaried,Tier 3,0
21,59349.647099819056,759.414119895612,Salaried,Tier 3,0
21,42598.05775453976,2041.01590475621,Self-Employed,Tier 3,0
54,43325.250179392104,1716.1146145885245,Self-Employed,Tier 3,1
52,54132.6584352238,4848.878236398833,Salaried,Tier 2,1
45,38021.82026590726,3009.6897181251975,Salaried,Tier 3,0
60,77179.70186202307,2062.746675637284,Self-Employed,Tier 1,0
21,55368.88593037653,3112.104204471632,Freelance,Tier 2,0
36,55898.94727075516,1126.3851560556297,Salaried,Tier 3,1
59,60221.67620535928,2498.196871409913,Freelance,Tier 1,0
25,41308.05088894894,3318.054446394787,Self-Employed,Tier 3,0
42,66335.1497267716,2700.040243066031,Salaried,Tier 1,0
49,51718.00049323196,2308.0046029444593,Freelance,Tier 1,0
23,64252.18206498248,4972.317750048642,Freelance,Tier 1,0
32,47030.70310147504,4461.416429670171,Freelance,Tier 1,0
46,69759.17340096779,3305.3268117174803,Self-Employed,Tier 2,0
36,56020.154405371846,3062.1981253202725,Self-Employed,Tier 2,0
57,82737.60536265631,3292.9721592106284,Freelance,Tier 1,0
42,44457.17574766655,1405.9044852009497,Freelance,Tier 3,0
49,53068.24094136118,2278.1198446894336,Self-Employed,Tier 1,1
34,34526.35629694763,677.567898009047,Freelance,Tier 2,1
48,42060.5264368067,2639.95716869072,Freelance,Tier 3,0
25,59280.298217718584,2943.6106278094844,Self-Employed,Tier 2,0
50,66939.86656309251,1524.873812464443,Freelance,Tier 2,0
25,94475.15527581083,4838.129812244812,Freelance,Tier 3,1
32,48550.56640065169,4592.545749217589,Freelance,Tier 1,0
36,36001.798885316035,3749.6445595515765,Self-Employed,Tier 1,1
46,61299.88640565862,2900.239829444132,Freelance,Tier 1,0
46,33082.59169248041,4414.861218414582,Self-Employed,Tier 1,1
41,58464.16082040104,1087.9355472055831,Self-Employed,Tier 3,0
59,42466.164257088145,4057.2940742369824,Salaried,Tier 3,0
56,53173.9245557059,1061.6936628508174,Salaried,Tier 3,0
53,66365.69153247001,4073.9479814723245,Freelance,Tier 2,1
50,48338.99856378956,1740.9540571311063,Self-Employed,Tier 3,1
57,63993.18626492932,4446.907614581851,Salaried,Tier 1,0
43,63097.378229287235,4748.18942221429,Freelance,Tier 2,1
30,22035.02707536358,1169.5818623230202,Salaried,Tier 1,0
25,36475.98880946641,2582.040222794271,Salaried,Tier 1,0
56,26572.897079067927,4914.443201732083,Self-Employed,Tier 3,0
54,80026.05653795203,2675.3334618791596,Self-Employed,Tier 3,0
51,48419.1211184401,4385.963851315453,Salaried,Tier 1,0
30,76712.43819449964,3149.2918495909394,Salaried,Tier 1,0
39,25505.71579187025,2188.984585638208,Self-Employed,Tier 2,0
52,41408.47363177211,1786.025999866416,Freelance,Tier 3,0
21,62007.47362648959,1414.5039098873926,Self-Employed,Tier 2,0
25,52689.119066400264,3928.0918611996376,Salaried,Tier 2,0
24,57992.89839220188,2239.432280703625,Freelance,Tier 2,0
36,31192.876493101146,2800.73957990338,Salaried,Tier 1,0
44,70652.05239318394,2715.464660005319,Freelance,Tier 2,0
36,61655.241436359334,3097.7556315490906,Salaried,Tier 2,0
22,56024.3825823721,4395.097155310485,Freelance,Tier 1,0
48,39715.845783772886,4913.327046125432,Freelance,Tier 3,0
52,54857.00191408918,2334.1289385821765,Salaried,Tier 3,0
47,45627.65031509765,4223.835149478364,Freelance,Tier 2,0
40,25242.631849433572,3940.3750759462296,Self-Employed,Tier 1,0
44,49243.65722417768,3080.88028155008,Salaried,Tier 3,0
32,47649.044026662115,4802.212146253699,Self-Employed,Tier 2,0
55,65936.0226481268,1402.1353198778124,Salaried,Tier 2,1
53,16483.60336528696,991.6889463932964,Freelance,Tier 1,0
53,53527.99743282051,4342.8288512993995,Freelance,Tier 2,0
63,32666.47927841424,2476.174174851867,Freelance,Tier 3,1
57,54788.3501329332,4311.359843931772,Salaried,Tier 1,0
32,55614.20083365959,4518.905923379367,Self-Employed,Tier 3,0
23,48697.32834304713,781.0591712858215,Self-Employed,Tier 3,1
21,62109.39687216626,4475.591433437274,Salaried,Tier 3,0
53,31313.509113504515,2517.4357491623996,Salaried,Tier 2,0
60,66615.8067542255,2796.946200519045,Self-Employed,Tier 2,0
30,39378.81700708788,3319.666299919446,Self-Employed,Tier 3,1
63,26661.520242651568,4668.721730285391,Self-Employed,Tier 3,0
64,45914.060442502865,586.0224249339382,Self-Employed,Tier 1,0
49,18572.63715980022,2645.795607430177,Salaried,Tier 1,0
33,53812.608383693034,3594.749190937523,Salaried,Tier 2,0
32,46111.24336129662,3752.1813096420283,Freelance,Tier 2,0
51,68505.30382064055,3616.395941916986,Self-Employed,Tier 1,0
22,59733.86315760494,1104.9580823365484,Freelance,Tier 3,1
55,29120.054942179846,1847.2801476725656,Salaried,Tier 2,1
43,37424.18763323172,2114.2198643765605,Salaried,Tier 3,1
37,57809.966308013136,4119.967434557772,Freelance,Tier 1,0
46,62706.18514977552,1754.4194258654886,Self-Employed,Tier 2,0
28,68337.51372330321,1448.172337402414,Self-Employed,Tier 2,0
49,68217.63927958022,4808.516085671433,Self-Employed,Tier 1,0
46,48657.16084628142,539.88478301061,Self-Employed,Tier 2,0
30,55439.83433376753,4990.193850568902,Freelance,Tier 1,0
46,69481.07755915695,3545.6958448582805,Freelance,Tier 2,0
54,45450.37307096078,4228.111847521027,Salaried,Tier 1,0
61,55695.89280410185,1825.7872835578692,Self-Employed,Tier 2,0
27,45096.788304805224,564.4187495017699,Self-Employed,Tier 3,0
24,41735.77828301859,3820.412833526885,Self-Employed,Tier 3,0
31,50725.77677428705,4253.650686503041,Freelance,Tier 3,0
49,39686.84822990613,3832.142593790836,Self-Employed,Tier 2,0
56,48036.26040845376,1142.8262928537738,Freelance,Tier 2,0
45,34475.67703201801,3890.425650156361,Self-Employed,Tier 3,0
41,47150.08419226431,3960.1525194843844,Self-Employed,Tier 3,0
56,56725.85440423792,3463.432320515247,Salaried,Tier 1,0
30,41168.54695689806,3947.521697580138,Self-Employed,Tier 1,0
57,50139.37628796369,4306.646478549795,Self-Employed,Tier 1,0
29,52090.13890431896,3261.218514068563,Salaried,Tier 3,0
44,56788.02337732002,898.7212128635558,Freelance,Tier 3,0
55,47996.30238042177,2694.325143502449,Freelance,Tier 3,0
55,66287.9951280171,849.4220060222228,Self-Employed,Tier 1,0
56,18486.21707822123,2333.9436396459387,Freelance,Tier 2,0
38,94066.29270751661,2331.9792010653246,Self-Employed,Tier 3,0
59,36932.99353943725,797.044298631087,Salaried,Tier 2,1
52,56050.850350311164,2069.692402862657,Salaried,Tier 2,0
44,35922.981346912275,999.4914445609168,Self-Employed,Tier 2,0
43,59664.02239263953,4137.0584450415,Salaried,Tier 1,0
52,54148.537288923915,4764.596116840118,Salaried,Tier 2,0
57,40239.29693982366,825.4241386607237,Self-Employed,Tier 3,0
32,66096.3101811547,4798.018432812656,Self-Employed,Tier 1,0
33,47540.58680597118,2851.594697015353,Salaried,Tier 3,0
43,58208.23907085506,1848.0455507924326,Freelance,Tier 3,0
45,36242.602922059465,845.8793387427359,Freelance,Tier 1,0
55,49536.6854664263,2752.80920631688,Self-Employed,Tier 3,0
61,80051.10900773157,4075.319950208369,Self-Employed,Tier 3,0
50,64444.48293671195,3681.8891477001416,Freelance,Tier 1,0
37,54614.31133176578,726.017051587882,Salaried,Tier 3,0
40,43266.18758585306,828.0582591555658,Freelance,Tier 2,1
45,51012.47803812513,2312.929771846867,Freelance,Tier 3,0
42,52963.48985258573,1828.8072232157447,Freelance,Tier 2,0
33,56738.42652379618,1545.7294537522152,Freelance,Tier 3,0
39,33850.092377335015,1764.5202450892111,Self-Employed,Tier 1,0
56,60026.11941413548,4115.672344835981,Self-Employed,Tier 1,1
32,33656.10352558021,4681.526241343343,Salaried,Tier 3,0
61,74466.88778422808,2322.962125374049,Salaried,Tier 1,1
39,38425.57516374682,4577.499509596237,Salaried,Tier 3,0
32,54449.42479514264,1946.7306556154688,Salaried,Tier 1,0
29,65077.13859917027,2643.9664385470624,Freelance,Tier 2,0
27,46214.29934803325,1517.1304901719986,Self-Employed,Tier 3,1
48,55109.000286497874,3382.142189791298,Self-Employed,Tier 2,0
34,71527.72323785078,4905.41501828664,Salaried,Tier 2,0
51,58466.044818398994,3215.7189321952037,Salaried,Tier 3,0
39,55333.25944511529,2110.16337851097,Freelance,Tier 2,0
36,24728.21907769307,3415.1785069573775,Freelance,Tier 3,1
25,35994.16620889666,1053.143053094244,Salaried,Tier 2,0
55,65703.80191475018,4498.965861194294,Self-Employed,Tier 3,0
32,58549.25458012074,2763.877778509264,Self-Employed,Tier 3,0
45,60821.99410677611,2522.0738391783893,Self-Employed,Tier 1,0
41,59530.95398322346,3136.3915480408364,Salaried,Tier 3,1
56,69346.3479256306,3311.527382552311,Self-Employed,Tier 3,0
43,46079.00112567316,822.9911280193087,Freelance,Tier 2,0
36,51807.499381839516,3571.777495505311,Freelance,Tier 3,1
59,34569.88500306374,1588.692561419883,Salaried,Tier 1,0
62,30829.66124845436,3712.786846279654,Freelance,Tier 2,1
59,25343.889266179136,4201.406574728886,Salaried,Tier 2,0
34,36722.54751500228,4117.813283986341,Self-Employed,Tier 1,0
51,73288.42723234463,2986.254353335501,Self-Employed,Tier 2,0
25,26709.093982759434,2840.7645153983804,Self-Employed,Tier 2,1
55,45446.960216342035,1142.9418260273528,Freelance,Tier 2,0
43,30602.820145307633,3989.05767681411,Salaried,Tier 2,0
49,40985.39055494958,1721.3422120102146,Self-Employed,Tier 1,1
63,52545.406885280296,2735.1294026807595,Salaried,Tier 1,0
31,39498.261901924874,1779.2334181738252,Self-Employed,Tier 2,0
38,66344.97297524691,1102.227633498619,Freelance,Tier 2,0
32,73009.6718127435,3333.0096360128146,Freelance,Tier 1,1
29,16263.564079160911,744.4941567030672,Salaried,Tier 1,0
30,39755.11504473316,3868.9035535679,Freelance,Tier 1,0
64,50887.131834086336,1929.140578675025,Freelance,Tier 2,0
37,66891.75539023071,500.60611852018394,Salaried,Tier 2,0
58,43186.33587270106,2800.0811265675343,Self-Employed,Tier 3,0
27,49700.969071312844,710.8335883742141,Freelance,Tier 1,0
33,32648.83662422077,1742.7630101940476,Salaried,Tier 2,0
60,27008.062216064816,3681.394193550723,Freelance,Tier 1,0
62,71680.770343744,782.1032972983965,Freelance,Tier 2,1
29,22638.951891605946,4277.02321560201,Freelance,Tier 1,0
47,84929.28512632349,517.189651963624,Freelance,Tier 2,0
22,60877.27099072612,1610.7074114085601,Salaried,Tier 3,0
25,60199.596132751336,3834.0682526843216,Salaried,Tier 3,0
49,58632.03001241645,1923.2156737818805,Salaried,Tier 1,0
57,46209.71467998554,958.5157462970609,Freelance,Tier 2,0
58,55881.26794551304,2121.0526346019255,Freelance,Tier 2,0
39,47166.54968323287,1716.769788730365,Freelance,Tier 1,0
28,58296.099146607194,4292.203559722497,Salaried,Tier 2,0
21,49494.70209636926,1910.065629133144,Freelance,Tier 1,0
42,35744.77725347398,4050.1961229920325,Self-Employed,Tier 2,0
37,36941.41075607366,4513.424651648306,Freelance,Tier 1,0
27,35235.914370612445,2452.178388094383,Self-Employed,Tier 2,0
45,64563.51097901464,4594.744147344763,Freelance,Tier 1,0
24,40738.30081311353,2197.931242834368,Salaried,Tier 2,0
56,21318.452583727096,4838.352874205487,Freelance,Tier 3,1
26,55952.57998773208,901.8028603650782,Self-Employed,Tier 2,0
51,72717.76343884371,3591.5866992645924,Self-Employed,Tier 1,0
39,61596.2478376629,2722.163182056179,Freelance,Tier 3,0
64,40950.146521674316,2244.4196245504118,Self-Employed,Tier 2,0
59,26197.82426607366,3347.203454368704,Self-Employed,Tier 3,1
47,47985.97844963734,3667.3569123544903,Salaried,Tier 2,0
30,47611.64182854935,519.6347134263909,Freelance,Tier 3,1
46,35462.00584529351,1251.2888993623942,Freelance,Tier 1,0
39,58265.559533638065,3708.707227854434,Freelance,Tier 2,0
59,77699.39751245709,3498.734361101929,Self-Employed,Tier 2,1
23,53334.24076187426,4847.213773079047,Freelance,Tier 1,0
33,52407.143104982686,3924.6700561285234,Freelance,Tier 3,0
48,35941.57926749266,4778.4771847910215,Salaried,Tier 1,0
40,70961.22054590558,3661.432256906631,Salaried,Tier 1,0
48,48872.837497849745,1841.2349388774942,Salaried,Tier 3,0
28,41315.551172087435,974.1421501288542,Self-Employed,Tier 1,0
61,50955.32590477424,4018.20738505221,Freelance,Tier 2,0
59,57079.41999869914,3398.6714966416216,Salaried,Tier 2,0
21,52088.23112967355,716.837055769833,Salaried,Tier 2,1
23,68092.30093505888,2120.2270965544026,Salaried,Tier 1,0
33,55759.57328820293,4805.599169679288,Freelance,Tier 2,0
48,45740.87283676198,2751.8051556959053,Freelance,Tier 2,0
45,56017.88324490335,2447.281112088671,Freelance,Tier 2,0
53,57494.55651688936,2559.6482232168228,Self-Employed,Tier 2,0
58,30554.36121104237,1439.972258023237,Self-Employed,Tier 2,0
26,67241.29592395572,2159.182268891578,Salaried,Tier 2,0
64,45486.439709579616,2164.1596519422947,Freelance,Tier 1,0
52,45870.15164741855,735.5975908436258,Salaried,Tier 2,0
41,61270.63980613919,3954.0543283306324,Freelance,Tier 2,1
36,61207.47836389372,2374.2699435674554,Freelance,Tier 3,0
41,39487.524817008714,4199.809490673904,Freelance,Tier 1,0
31,62043.52427218529,4326.566005039529,Self-Employed,Tier 1,0
57,41593.277727657136,1453.9732461439612,Self-Employed,Tier 1,0
56,77293.59570047984,3458.0906697655787,Freelance,Tier 1,1
55,37577.090281013545,2625.268118733418,Salaried,Tier 2,0
39,53592.16192558845,4460.705320646683,Freelance,Tier 2,0
40,38269.73544638589,1470.8330562940437,Freelance,Tier 3,0
38,83340.43443702612,3550.159401395199,Salaried,Tier 3,0
61,31432.68583869326,3234.8845501372516,Freelance,Tier 1,1
34,57865.44120879366,1828.8566490732476,Salaried,Tier 3,0
35,38976.343782833006,1114.7040664302767,Self-Employed,Tier 3,1
51,44688.385378280196,3432.3789221477446,Self-Employed,Tier 1,0
21,56803.06750617764,3823.688561595488,Salaried,Tier 1,1
23,68368.76656439215,1920.323046935075,Self-Employed,Tier 3,0
36,74350.94843448568,3401.746718100412,Self-Employed,Tier 2,0
43,26945.780599605194,2278.0890842517647,Salaried,Tier 3,0
31,54016.26836546693,3709.43097477178,Self-Employed,Tier 3,0
32,71892.40405075283,1396.468737023239,Freelance,Tier 2,0
30,24720.335918570894,4505.967511862785,Freelance,Tier 2,1
52,54715.75241082271,1793.3431840951089,Salaried,Tier 1,0
36,49968.74303869724,2155.036944902688,Self-Employed,Tier 1,0
28,56218.127215696826,761.413784361574,Freelance,Tier 3,0
58,38415.43962010287,1001.8049554457438,Freelance,Tier 2,0
32,28465.717576798397,2821.3785622054766,Self-Employed,Tier 1,0
44,21303.403622314625,1704.1670452758717,Self-Employed,Tier 3,0
48,64645.75930193154,4259.661015839874,Freelance,Tier 2,0
28,66560.73704725031,566.1202489472923,Freelance,Tier 3,0
48,54540.28023493979,2205.9232190237126,Salaried,Tier 1,1
56,41987.77475467855,2018.054960460917,Salaried,Tier 1,0
46,25654.311598013817,586.9743391292046,Freelance,Tier 2,0
28,58450.181937575355,1059.657795502296,Salaried,Tier 3,1
48,33488.310757449726,2361.3920371338586,Freelance,Tier 2,1
48,39330.520628591934,2717.89063001351,Freelance,Tier 1,1
57,41201.53880655922,2319.303862646911,Salaried,Tier 1,0
61,47036.97161454548,2889.219552854422,Salaried,Tier 3,0
56,38614.39329187028,3178.0925370755667,Self-Employed,Tier 3,0
47,50501.88156488454,544.6571950752603,Self-Employed,Tier 3,0
37,40672.72549240413,2588.4282175407675,Self-Employed,Tier 2,0
29,60520.595972588344,4835.746583994148,Freelance,Tier 3,0
53,65465.9437098208,2835.645260582969,Salaried,Tier 3,0
40,51628.14014042658,3548.9402035652893,Freelance,Tier 1,0
33,56939.395030716536,1903.3873606259745,Salaried,Tier 1,0
48,81767.83924438835,3982.961201687431,Freelance,Tier 3,0
49,32410.95114708026,3978.1466684425177,Self-Employed,Tier 3,0
33,31497.978480798414,2845.832214443625,Self-Employed,Tier 1,0
55,60424.96851165312,4892.062204756461,Self-Employed,Tier 3,1
26,79198.14256272148,1064.9759664319402,Freelance,Tier 2,0
38,46092.52157091916,576.2644920031145,Salaried,Tier 2,1
25,75902.5076332814,3965.711952906932,Salaried,Tier 2,0
45,51446.50578190235,4132.1999181419715,Self-Employed,Tier 3,0
22,39786.69076941378,1040.932531042593,Self-Employed,Tier 1,0
30,35139.61417043445,1695.1227483137272,Self-Employed,Tier 3,0
50,59441.203773301815,578.98563514983,Self-Employed,Tier 3,0
25,36275.61398325955,1819.888748512541,Salaried,Tier 1,0
53,51219.15264150542,3979.1384326340217,Freelance,Tier 1,0
21,73751.9753807614,2830.8223747066054,Freelance,Tier 1,0
38,45398.29410692945,2066.4301692572963,Freelance,Tier 2,0
52,69710.14211965849,2172.8268270784865,Freelance,Tier 3,0
31,31781.847654103898,506.0913157196067,Self-Employed,Tier 1,0
41,41991.363480248,1849.1023740435614,Self-Employed,Tier 3,0
46,28892.839606776255,3409.064337370687,Self-Employed,Tier 2,0
45,51094.95133960036,4883.874997173607,Freelance,Tier 2,0
42,61701.17269574874,4311.773721427548,Self-Employed,Tier 1,0
47,51127.80631409279,606.177340904881,Self-Employed,Tier 1,0
33,68405.75089955228,4543.5227210367775,Salaried,Tier 3,0
53,38762.311390563045,4024.392859843817,Salaried,Tier 1,0
54,53380.14130533601,4011.6925560694117,Self-Employed,Tier 3,0
61,42087.96014579215,2560.9809155160715,Salaried,Tier 1,0
55,55425.14878135483,2291.0238182952626,Salaried,Tier 3,1
21,57556.04069318638,1863.1207797493669,Self-Employed,Tier 3,1
41,58735.939399760944,795.626865294646,Self-Employed,Tier 3,0
26,33941.08492646597,1527.059135721646,Self-Employed,Tier 3,0
48,36653.80847320147,1609.7163574011108,Self-Employed,Tier 2,0
37,39435.684377132166,2678.3468136959073,Freelance,Tier 3,0
25,46416.78878200104,3863.4998296851227,Freelance,Tier 1,0
51,51307.79606309645,2632.14422779076,Self-Employed,Tier 2,0
25,60621.336827850144,760.3000225122228,Salaried,Tier 2,1
58,37278.51950991152,4810.054104446917,Self-Employed,Tier 3,0
23,25984.710534473714,4742.259435923505,Self-Employed,Tier 2,0
43,82336.14744810185,4033.352944167838,Salaried,Tier 3,0
57,33028.20469021355,4960.9755570389925,Freelance,Tier 1,1
57,62544.85584493327,2950.1704976011833,Self-Employed,Tier 3,0
30,50469.00315873012,4832.457576139427,Self-Employed,Tier 2,1
30,53769.58461209571,840.2226827753784,Freelance,Tier 1,0
39,49976.742412461455,2145.5633671761707,Freelance,Tier 3,0
37,44227.371770793114,1514.2157060304462,Salaried,Tier 1,0
41,56959.58424385189,1381.2488786042152,Freelance,Tier 1,0
34,43421.191906140564,1133.6132700170424,Freelance,Tier 2,0
29,67494.54120855185,3300.861387046985,Freelance,Tier 1,0
21,58526.615093842316,4015.9483508628728,Salaried,Tier 2,0
33,58993.91169922241,3102.3427973916228,Freelance,Tier 1,0
24,42393.15409915114,1161.3321931469436,Freelance,Tier 3,0
21,46454.678943665065,4150.05696470062,Salaried,Tier 1,0
60,32181.307870369026,3361.7961822367783,Freelance,Tier 3,0
52,44704.759149116566,2246.74567757148,Freelance,Tier 3,0
54,34451.36125465554,3533.5863299122834,Salaried,Tier 1,0
48,69696.02773383072,1669.5724065927477,Self-Employed,Tier 3,0
51,50758.037233910094,2053.3649382239473,Salaried,Tier 1,0
28,52557.45852560646,4628.686294093956,Freelance,Tier 1,0
59,46622.80208974968,1807.2702755213918,Freelance,Tier 3,0
46,52963.683830771115,2614.9472067107145,Freelance,Tier 3,0
54,86973.16453786526,4505.635118282065,Salaried,Tier 2,0
23,45497.89573411263,3684.7460762038736,Freelance,Tier 3,0
32,40243.804479350096,779.9145177411624,Freelance,Tier 2,0
21,57945.39699358164,1162.8636992553666,Salaried,Tier 3,0
64,12114.220495962676,535.2871584736257,Self-Employed,Tier 1,0
25,50959.351803663994,3339.1480560312352,Self-Employed,Tier 3,0
50,44424.306450606484,2514.5304143468825,Freelance,Tier 1,0
50,35115.301009458584,1104.2368290602399,Salaried,Tier 1,0
37,57616.365054672504,4810.703544755467,Freelance,Tier 1,0
43,50809.826276686894,2883.4687577552895,Salaried,Tier 2,0
35,22963.866387586742,1588.5198235080013,Salaried,Tier 3,0
57,40302.057182113436,2752.716070196184,Self-Employed,Tier 1,0
41,6675.931922109128,3558.291497307985,Self-Employed,Tier 1,0
34,54399.039712002545,843.0764808810402,Salaried,Tier 2,0
22,54249.491276602355,1736.1671677155139,Freelance,Tier 3,0
31,38100.7715924949,4131.344708977971,Self-Employed,Tier 3,0
59,58101.6906752469,2568.4919168119754,Freelance,Tier 2,1
58,30762.520683177165,2959.597139145327,Self-Employed,Tier 2,1
54,35502.2446109751,2447.6720099426116,Self-Employed,Tier 3,1
58,56257.856965738465,697.5497418935231,Freelance,Tier 2,0
54,39669.99867555585,1245.8740091907016,Self-Employed,Tier 3,0
38,49060.14565696333,2504.937374338509,Self-Employed,Tier 3,0
50,41545.264588604856,1441.3345943356753,Freelance,Tier 1,0
35,43836.03265551224,724.9056289685543,Self-Employed,Tier 1,0
47,44491.63676067511,4296.423488233207,Self-Employed,Tier 3,0
54,39398.64864172733,4915.366381238521,Self-Employed,Tier 3,0
58,54536.74571540186,4069.1429329853277,Freelance,Tier 3,0
53,40581.07269869076,4342.032147671001,Salaried,Tier 3,0
44,50235.30070693403,1588.8970864267042,Freelance,Tier 3,1
35,39069.02477938395,4822.821389809399,Salaried,Tier 3,0
50,26985.520604233123,1386.1656700404278,Self-Employed,Tier 2,0
62,63686.5287388875,4781.434146628245,Salaried,Tier 3,1
37,57492.904776431125,4976.686822846779,Freelance,Tier 2,0
25,84330.23103196509,3702.7526258572193,Freelance,Tier 2,0
49,34340.40740002613,4915.146793063199,Self-Employed,Tier 3,0
24,46865.59269001954,3062.9290080519663,Salaried,Tier 3,0
30,48072.387787162916,1667.9380242924065,Self-Employed,Tier 2,1
37,64840.54157423197,2466.481485495294,Self-Employed,Tier 2,0
30,42393.381588010874,3171.024209204537,Freelance,Tier 3,0
37,32434.372187362183,828.8670291215674,Salaried,Tier 3,0
40,68117.13962691503,3300.5446907776072,Salaried,Tier 2,0
44,45250.24956108158,4915.300265430325,Salaried,Tier 2,1
25,63179.652645890645,1355.4844240267744,Salaried,Tier 2,0
54,61432.97601188317,4066.678023297725,Self-Employed,Tier 1,0
26,49551.642891465504,4585.544572008287,Self-Employed,Tier 2,0
22,47385.29442447878,4746.657167690993,Freelance,Tier 1,0
33,44126.527905052935,4820.610219824513,Self-Employed,Tier 3,1
63,49772.10306845016,2846.5683742466235,Self-Employed,Tier 3,0
63,62946.50339255946,4897.885585961767,Freelance,Tier 2,0
31,38053.39728410631,3907.8959321049747,Freelance,Tier 3,0
43,51632.684453136804,1227.5214630663286,Freelance,Tier 3,0
36,33220.52857701789,2646.0504791058647,Self-Employed,Tier 3,0
51,35088.40650436711,3732.490289174018,Self-Employed,Tier 3,1
31,49535.91504266564,1613.031421185875,Freelance,Tier 1,0
36,20597.62987559252,3382.768325969993,Freelance,Tier 1,1
28,80908.37924924078,3499.7021557097864,Freelance,Tier 2,0
24,32104.100676346454,1232.1488471385464,Self-Employed,Tier 2,0
60,49398.6723101517,3042.8839060374034,Self-Employed,Tier 2,0
24,67523.26582725297,3972.3210994037345,Salaried,Tier 3,0
45,37056.419918742526,2745.030490411739,Self-Employed,Tier 3,1
23,15459.545156829256,554.4640254924834,Self-Employed,Tier 1,0
52,43325.81359812993,540.6731108568148,Self-Employed,Tier 1,0
23,36877.694298858216,2106.632047865055,Freelance,Tier 2,0
47,15854.397371119965,4667.8733079430185,Self-Employed,Tier 1,0
49,54273.348388582985,1529.0455082162396,Freelance,Tier 1,0
52,53106.40793349427,3354.6365999225923,Salaried,Tier 1,0
39,67134.89681807527,1499.3414181199425,Salaried,Tier 1,0
41,33187.66451719419,1947.5149534679688,Freelance,Tier 1,0
25,26012.95270329481,4316.1894032066775,Freelance,Tier 2,0
38,43899.15375430124,3779.876490214761,Freelance,Tier 2,0
48,48674.86011486357,929.2967479094478,Self-Employed,Tier 1,0
62,63820.244044797444,2429.1590944389513,Salaried,Tier 2,0
42,71158.52007507738,631.2639364036901,Freelance,Tier 3,1
41,68217.1870086102,2664.0056597135404,Self-Employed,Tier 1,0
26,54148.15500339,3480.9530526548065,Salaried,Tier 3,0
21,61992.48880256222,1033.261806191682,Self-Employed,Tier 2,0
25,40392.59847846224,1799.9822250912455,Salaried,Tier 2,0
61,52525.927887128695,2290.2648147597065,Self-Employed,Tier 3,0
32,32130.647910682907,4637.889610952224,Salaried,Tier 2,0
46,50940.280953303096,4969.647569403338,Salaried,Tier 1,0
54,51329.70046097019,702.1008454802713,Self-Employed,Tier 3,0
34,75831.92908527455,3924.5356557292644,Freelance,Tier 1,0
46,46565.2570776463,2172.7582988105446,Salaried,Tier 3,0
47,51350.642564799295,2266.06183803266,Freelance,Tier 2,1
29,53554.42123568064,3894.1923800616023,Self-Employed,Tier 3,0
46,43177.6952616732,4632.918944654339,Freelance,Tier 3,0
42,37962.60900182529,4779.178675261468,Freelance,Tier 1,1
50,69482.16987270578,3097.0516371724434,Freelance,Tier 2,0
63,35286.23835559553,2107.0452168522625,Freelance,Tier 1,0
37,30081.228924690902,4043.9708863645064,Freelance,Tier 2,0
46,60203.9806894322,1629.5062246803511,Salaried,Tier 1,1
56,67367.22263036013,3038.33312975083,Salaried,Tier 3,0
21,43228.855135990416,2113.6030768619294,Salaried,Tier 1,1
28,43459.197685251806,3454.8398316854423,Self-Employed,Tier 2,0
55,54238.152891601894,1581.795108020781,Freelance,Tier 2,0
35,39382.20984885225,1362.168255806716,Salaried,Tier 3,1
42,38274.31219082047,4632.075890039467,Self-Employed,Tier 2,0
34,63193.88881979549,958.1165732729161,Salaried,Tier 1,0
46,59106.966511754275,2776.8105848071923,Salaried,Tier 3,0
48,69667.38329477157,1493.83752333354,Freelance,Tier 2,0
43,31211.164814517564,675.1848349655036,Self-Employed,Tier 2,1
34,42463.06269634075,662.0846823114188,Freelance,Tier 1,0
44,54217.693434041794,1288.4979744762231,Freelance,Tier 1,0
22,36115.6872533845,4400.466595277001,Salaried,Tier 3,0
46,59625.31155731974,1771.15434789662,Freelance,Tier 2,0
34,68369.40630839497,4777.066267588831,Self-Employed,Tier 1,0
27,41249.630416589775,3117.300318451371,Freelance,Tier 3,0
23,50578.879103405496,2464.7638539594473,Freelance,Tier 2,0
43,71834.28035121674,3110.399756012546,Freelance,Tier 2,1
63,76989.07362528499,2825.1427335182047,Salaried,Tier 3,0
38,61187.018765906054,3914.493141907963,Self-Employed,Tier 3,0
58,58901.437597904136,1771.232296877835,Salaried,Tier 1,1
55,37193.95197972632,2088.7267622013605,Salaried,Tier 2,0
35,55388.14100686761,4523.424361399628,Salaried,Tier 2,0
45,58352.31261162498,4759.054309176825,Salaried,Tier 2,0
57,46844.44762158432,4516.512023689135,Salaried,Tier 3,1
48,41078.35618166506,2387.515972807911,Self-Employed,Tier 1,0
30,30780.534897847177,4011.6447635309673,Freelance,Tier 2,0
59,23934.053674230618,2643.5107998549447,Salaried,Tier 3,0
37,20781.747300182557,2738.92933465746,Salaried,Tier 2,0
59,58691.63859300892,1421.0604907577776,Self-Employed,Tier 1,0
42,52215.489878401655,3160.086364663324,Self-Employed,Tier 2,0
46,42742.833026883556,1337.6115398900656,Freelance,Tier 1,0
64,45028.15553413042,1992.041145802372,Self-Employed,Tier 1,0
45,53157.05812295727,4347.6359072897085,Freelance,Tier 2,0
37,47531.55393487109,1431.8411414488485,Salaried,Tier 2,0
33,29891.70229994258,820.2122832804477,Salaried,Tier 1,0
40,63695.00330411449,810.5341667576733,Freelance,Tier 3,0
45,54561.89256004714,4733.530342263985,Self-Employed,Tier 1,0
24,53988.47719720772,2781.1419708282556,Freelance,Tier 2,0
30,62563.440550375584,2342.3543231765825,Self-Employed,Tier 2,0
23,37795.31965910488,4148.953614535632,Salaried,Tier 3,0
61,68205.97156588762,4261.216675597322,Self-Employed,Tier 1,0
38,47899.357220866426,1994.8596490202208,Freelance,Tier 1,0
56,63328.98320496312,3621.2812586320783,Freelance,Tier 1,1
42,61016.73550231482,3970.05267133349,Salaried,Tier 2,0
54,34417.97257996166,3445.9280908967953,Self-Employed,Tier 1,0
28,57543.50607371204,1182.1778366004473,Self-Employed,Tier 3,0
60,54894.12006270028,4441.473875826757,Self-Employed,Tier 2,0
64,50454.67486241514,2925.925487312039,Salaried,Tier 2,0
39,48584.42374946928,1771.1259186650166,Self-Employed,Tier 1,0
62,48711.60125423312,2413.5268344696224,Freelance,Tier 3,0
61,62190.34138465993,669.0699067950832,Self-Employed,Tier 2,0
57,58668.65770687265,1075.400605500879,Salaried,Tier 2,0
26,50457.18275398497,3944.960377321374,Self-Employed,Tier 1,0
46,27620.95780292938,500.05235639914764,Self-Employed,Tier 1,0
54,57416.65121125428,2374.546228170315,Freelance,Tier 3,0
26,60854.20428766669,2851.295814885148,Self-Employed,Tier 1,1
57,84506.15128170454,745.8548900043753,Freelance,Tier 3,0
53,66131.49594657557,4878.851733375498,Freelance,Tier 2,0
42,21512.354181267987,1517.5639906235238,Salaried,Tier 3,1
41,51176.44098527964,1868.8942383632639,Freelance,Tier 3,0
26,77170.62542997472,1867.741305147623,Freelance,Tier 3,0
26,59353.23285352456,1536.8749795280746,Salaried,Tier 2,0
24,54929.78240559813,506.6321993884014,Freelance,Tier 1,1
50,63503.42988372854,3782.0515733959837,Salaried,Tier 2,0
31,40664.32707513795,4850.804749096784,Self-Employed,Tier 1,0
50,57171.34994941184,1509.3206747827028,Salaried,Tier 3,0
51,46242.97941512134,3483.712363115401,Freelance,Tier 3,1
44,49705.64771284288,3838.533471314218,Salaried,Tier 3,0
29,62426.81773542659,4317.914205907362,Freelance,Tier 3,0
23,36099.303462617274,2401.831386561241,Self-Employed,Tier 3,1
51,69319.73710702907,1863.1890753819316,Salaried,Tier 1,0
60,43657.82058371685,1963.82810310364,Self-Employed,Tier 1,0
57,53909.94249725611,3706.795998943308,Freelance,Tier 3,0
56,28992.380595875853,4175.507599275363,Freelance,Tier 2,0
44,60797.55936307086,1317.262854904712,Self-Employed,Tier 2,1
51,71697.55903919866,2169.2345367099433,Salaried,Tier 3,0
26,42280.37676172779,4558.730885371175,Salaried,Tier 1,0
22,33346.649202356,4130.120838626326,Freelance,Tier 2,1
40,54169.745971140626,4931.862812431141,Self-Employed,Tier 2,0
48,71822.15967487614,3894.1171685693635,Self-Employed,Tier 2,1
31,28252.151517786413,2269.3784046256505,Salaried,Tier 3,0
24,33405.37728157487,3157.87025297587,Salaried,Tier 2,0
35,43187.15662532726,3474.5641441129414,Salaried,Tier 2,0
26,37694.84263203957,853.0511734270578,Self-Employed,Tier 2,1
50,37742.21800086507,2950.236315967393,Salaried,Tier 2,0
58,18588.190585043343,3691.9437281267433,Salaried,Tier 1,0
22,58835.854211088015,1252.9458680047717,Freelance,Tier 3,0
35,55080.80754304453,4012.842728415007,Salaried,Tier 3,0
31,24517.262002945317,3126.9775123135023,Salaried,Tier 1,0
28,71857.9363993437,4784.998035639176,Self-Employed,Tier 1,0
46,75216.38472395731,690.9003419310127,Self-Employed,Tier 3,0
64,38736.41675329829,1693.9676189996014,Freelance,Tier 2,0
25,67498.22886465509,3206.9924568492083,Salaried,Tier 2,0
26,41405.03292513581,1834.519604926688,Freelance,Tier 3,1
46,52716.74765316591,3714.90873832059,Self-Employed,Tier 2,0
24,37463.56797468637,3915.5237713486895,Freelance,Tier 1,1
39,83213.77285193413,961.321838299135,Self-Employed,Tier 2,0
40,45559.74159005153,2812.345088930455,Freelance,Tier 2,0
53,51896.73534235194,2790.0075001597515,Freelance,Tier 2,1
40,39680.9391880426,2161.7634659699347,Salaried,Tier 3,0
32,77919.73395854593,4698.161881563525,Freelance,Tier 1,0
21,78299.21969134116,4223.778439429496,Salaried,Tier 2,1
46,74463.9377189441,3637.4422185933654,Salaried,Tier 3,0
34,64346.60522521433,3714.469860807489,Salaried,Tier 2,0
58,40628.15679598921,2577.722647159036,Salaried,Tier 1,0
57,62417.751439436266,4644.475344934592,Freelance,Tier 2,0
31,49894.358016128965,3625.679422639784,Self-Employed,Tier 1,0
56,69686.12932613949,3780.414777451174,Self-Employed,Tier 2,0
33,66738.53080048042,4377.609067043053,Self-Employed,Tier 1,0
63,40261.01632886114,1733.3221520398595,Freelance,Tier 2,0
23,64217.38704255824,4131.8190674001635,Salaried,Tier 1,0
53,60230.51675065889,1378.5827133042142,Self-Employed,Tier 2,0
26,8396.557056298276,2054.038785101995,Freelance,Tier 2,0
30,62014.04959444194,2010.2470442142921,Salaried,Tier 3,0
25,43523.063170396905,4903.364607751132,Self-Employed,Tier 3,0
43,36709.36318502489,4354.417506865671,Salaried,Tier 1,0
30,37351.090935593864,3655.264377156169,Self-Employed,Tier 2,0
64,47971.35656551953,3771.7554272692555,Self-Employed,Tier 1,0
22,57200.89370130025,3029.32757481157,Self-Employed,Tier 3,1
33,29518.069667117295,4761.908001988336,Salaried,Tier 1,0
60,52847.71754318696,2733.164387970627,Freelance,Tier 1,0
22,58651.37099289608,2212.3296944145254,Salaried,Tier 3,0
40,77927.08675504447,1233.6590161921595,Self-Employed,Tier 2,0
21,33849.64746162305,4037.925435174761,Salaried,Tier 1,1
57,44755.817198332945,3804.9976943401616,Freelance,Tier 3,1
29,53924.94459044719,2229.5976733586067,Salaried,Tier 2,0
37,67211.13995287409,613.3703628165322,Freelance,Tier 3,0
29,45436.64178242279,4275.487974731048,Freelance,Tier 1,1
31,67979.62057986576,551.3809255433314,Salaried,Tier 2,1
35,20939.565252853103,3666.6490083307294,Self-Employed,Tier 2,0
44,31199.77710317171,4866.156993767257,Freelance,Tier 3,0
58,55229.66516501331,2469.475976666916,Salaried,Tier 3,0
55,28837.632528681872,1557.3803224817875,Freelance,Tier 3,0
50,32382.942098499247,3671.919545195218,Self-Employed,Tier 2,0
51,42083.34703631091,4177.076639070134,Salaried,Tier 2,0
25,61571.58487873736,2958.936422350313,Salaried,Tier 1,0
64,21560.527380390664,4851.658738652658,Salaried,Tier 2,0
34,52554.47543243591,732.509247460825,Self-Employed,Tier 1,0
31,65494.459207292086,2771.5801923703766,Freelance,Tier 3,1
29,47075.82187356563,3733.042762951475,Salaried,Tier 3,0
54,44467.5465561119,4381.882120171305,Freelance,Tier 2,0
32,56026.56923837861,1306.6502535850552,Freelance,Tier 3,0
55,47118.3342091784,4100.015667936566,Self-Employed,Tier 3,0
55,70857.4967186112,2987.1818407334536,Salaried,Tier 2,0
21,33328.80481798347,2284.4915689548343,Freelance,Tier 1,1
60,49225.337672523725,1092.7176286059212,Salaried,Tier 2,0
42,53085.29562441026,4393.830915090106,Salaried,Tier 1,0
49,44323.1892223031,1207.7294368087191,Self-Employed,Tier 2,0
28,6930.7600556380785,1894.0453664409465,Salaried,Tier 2,0
31,47586.426379262106,1805.2048938309658,Salaried,Tier 3,1
61,63502.65480368699,4421.363153858844,Freelance,Tier 2,1
57,61671.63779189026,3527.163473940041,Self-Employed,Tier 2,0
34,55321.677232553,4085.0662873611755,Salaried,Tier 1,0
50,33532.064624761646,1627.1055445662455,Freelance,Tier 3,1
55,55929.641936877255,3311.9334482314953,Self-Employed,Tier 1,0
41,41398.43267686643,3072.856924146869,Self-Employed,Tier 1,0
57,55302.24358923,4247.73669554722,Freelance,Tier 3,1
25,51822.57517102573,4577.391772165673,Freelance,Tier 3,0
39,35354.37093074943,554.7054716482406,Freelance,Tier 3,0
34,36613.16240964645,3533.089635764567,Freelance,Tier 2,1
46,55325.33681632274,733.2610960387806,Freelance,Tier 3,0
24,46683.30357067248,2969.8639928481016,Salaried,Tier 3,0
45,37395.77854014307,1794.347280696552,Salaried,Tier 3,0
62,36157.547154097505,1880.4946978496355,Self-Employed,Tier 1,0
45,45442.53728020676,2088.313265535605,Salaried,Tier 1,0
38,73521.57192077315,3295.8160207232454,Salaried,Tier 2,0
60,42108.82951682062,2003.2248455094614,Salaried,Tier 1,1
28,49789.70692613617,3797.145727656262,Freelance,Tier 2,0
59,51524.66431534265,2320.373235082414,Self-Employed,Tier 1,0
60,33034.604127620856,807.5894013948138,Self-Employed,Tier 3,0
34,23557.512742359573,4026.9192911784826,Self-Employed,Tier 1,0
52,34600.38897896404,1785.9124606671771,Self-Employed,Tier 2,0
58,53706.16066709455,2447.4509581966818,Salaried,Tier 1,1
53,51309.96586873114,3584.497474498557,Salaried,Tier 3,1
43,60536.09853726598,1996.052707169204,Freelance,Tier 2,0
35,51451.248424386744,754.6354526602203,Self-Employed,Tier 3,0
53,48356.76062796195,2182.644711557661,Salaried,Tier 3,0
45,40939.815876123095,4750.018622124366,Salaried,Tier 2,0
37,63269.101847940394,3387.804787843512,Freelance,Tier 3,0
53,36212.29791918925,3521.656169002431,Freelance,Tier 3,0
22,33344.00724055969,3345.2696913693794,Freelance,Tier 1,1
34,58505.83276082155,1395.4646253174656,Salaried,Tier 3,0
60,30002.640340195176,2382.5023884602606,Salaried,Tier 3,0
60,86221.86497987946,3879.229092634932,Freelance,Tier 3,0
