Annual_Income,Debt_To_Income_Ratio,Credit_Score,Delinquencies_2Y,Loan_Amount,Employment_Tenure_Y,Loan_Purpose
54034000,0.5599,625,2,74912,3,Home Improvement
32513000,0.3,750,1,31134,5,Debt Consolidation
60971000,0.3589,616,0,65715,2,Home Improvement
122814000,0.5,550,2,37391,8,Business
30112000,0.4547,550,0,99779,12,Home Improvement
30112000,0.2253,751,1,30037,3,Business
128460000,0.2877,761,0,31517,0,Home Improvement
67101000,0.2462,750,1,93414,11,Debt Consolidation
24945000,0.3,807,1,7341,13,Debt Consolidation
56053000,0.2697,755,2,71185,0,Debt Consolidation
25066000,0.6916,550,5,73906,9,Home Improvement
25020000,0.3796,618,0,84456,8,Business
44072000,0.6613,618,1,97572,4,Debt Consolidation
7859000,0.2466,604,0,97682,1,Home Improvement
9137000,0.6104,746,0,11201,11,Home Improvement
23160000,0.3797,664,1,83075,8,Home Improvement
16151000,0.2523,658,1,66399,8,Debt Consolidation
46695000,0.1291,750,0,66498,5,Debt Consolidation
17564000,0.123,814,1,17193,4,Debt Consolidation
11733000,0.5475,550,5,66768,0,Debt Consolidation
117303000,0.4284,684,1,98336,6,Debt Consolidation
30314000,0.5,583,3,91623,13,Debt Consolidation
38331000,0.2381,850,0,46717,3,Home Improvement
11617000,0.6713,575,1,8795,1,Debt Consolidation
23494000,0.6091,550,0,39418,9,Other
39685000,0.4154,694,2,83507,9,Debt Consolidation
14461000,0.3557,824,1,71642,5,Debt Consolidation
49048000,0.368,779,0,48638,6,Debt Consolidation
22460000,0.5,650,2,10235,8,Debt Consolidation
28757000,0.1966,640,2,45555,6,Business
22441000,0.185,829,0,49557,11,Debt Consolidation
159823000,0.0997,602,0,93213,17,Other
35925000,0.4099,718,1,65903,0,Business
15581000,0.6097,589,7,34607,12,Home Improvement
70125000,0.5,637,2,54905,7,Home Improvement
13675000,0.5861,850,0,11275,13,Home Improvement
42920000,0.1661,711,0,97394,10,Debt Consolidation
7572000,0.1303,639,0,39206,7,Home Improvement
12550000,0.2537,753,0,50397,10,Debt Consolidation
42510000,0.5071,550,1,38752,5,Debt Consolidation
65563000,0.3,750,0,69839,4,Home Improvement
41652000,0.2812,647,0,67912,10,Home Improvement
33106000,0.3,750,0,72956,4,Business
28542000,0.3442,692,0,30474,10,Debt Consolidation
11128000,0.1904,750,1,34989,7,Business
20417000,0.4825,769,0,16899,0,Debt Consolidation
25122000,0.4478,680,0,67273,5,Debt Consolidation
84601000,0.1135,679,2,8781,8,Debt Consolidation
47805000,0.3,750,1,61780,5,Home Improvement
8862000,0.557,692,1,87621,0,Debt Consolidation
47064000,0.2562,746,4,89629,12,Home Improvement
26687000,0.2407,750,0,47659,8,Business
21130000,0.4241,627,1,48634,9,Home Improvement
59239000,0.5,600,2,12312,5,Home Improvement
82851000,0.1042,750,1,68723,9,Business
76498000,0.2493,614,2,83020,14,Business
18557000,0.3462,641,0,28242,4,Home Improvement
28357000,0.5259,749,0,45024,14,Debt Consolidation
47335000,0.2338,764,1,84690,9,Business
79256000,0.2944,695,1,88326,4,Home Improvement
24752000,0.6616,646,2,28102,16,Debt Consolidation
31303000,0.05,669,1,57304,9,Debt Consolidation
14987000,0.3,790,0,23287,10,Business
13947000,0.05,758,0,14678,6,Debt Consolidation
69565000,0.2956,701,0,91556,4,Other
107473000,0.05,750,1,82948,8,Debt Consolidation
34283000,0.5,550,4,77203,13,Business
81050000,0.5241,669,3,9633,6,Debt Consolidation
48500000,0.2798,793,1,85154,7,Home Improvement
21675000,0.5806,650,5,46614,13,Business
48490000,0.1826,846,1,37528,6,Home Improvement
124297000,0.4216,778,1,56915,9,Home Improvement
35289000,0.1625,778,1,13679,11,Debt Consolidation
126971000,0.1576,695,1,76881,6,Debt Consolidation
4466000,0.5,645,2,60331,8,Debt Consolidation
70089000,0.5,623,2,22726,10,Home Improvement
38935000,0.1165,729,0,22882,5,Debt Consolidation
28589000,0.2858,776,0,22504,10,Debt Consolidation
39082000,0.3,750,0,10415,5,Home Improvement
7405000,0.5,650,2,60841,4,Home Improvement
30463000,0.2977,680,0,84833,1,Business
48324000,0.5,650,2,6662,5,Debt Consolidation
118458000,0.3018,564,0,9655,4,Debt Consolidation
23990000,0.6615,550,1,59413,5,Other
19019000,0.2252,750,0,82852,9,Debt Consolidation
24309000,0.4145,582,0,36040,0,Business
75533000,0.5045,639,0,38213,0,Business
47240000,0.5308,580,3,61653,4,Business
23770000,0.3111,643,0,31050,9,Debt Consolidation
54754000,0.3205,796,2,7528,8,Business
39248000,0.1477,781,0,74847,4,Business
78820000,0.1629,773,0,64437,12,Home Improvement
20710000,0.4591,729,1,60172,4,Debt Consolidation
27942000,0.163,750,0,75460,9,Debt Consolidation
26537000,0.4599,763,1,69147,6,Debt Consolidation
11262000,0.3379,673,1,24559,4,Home Improvement
46023000,0.5,590,3,38486,5,Home Improvement
44750000,0.05,750,1,16980,10,Debt Consolidation
36464000,0.4874,555,2,17336,8,Home Improvement
30102000,0.5,650,5,69239,11,Debt Consolidation
11704000,0.4997,710,1,86567,8,Home Improvement
25939000,0.05,607,1,96460,1,Other
27607000,0.7,550,6,64693,15,Debt Consolidation
19114000,0.3291,770,2,22490,9,Debt Consolidation
31919000,0.5162,584,0,15037,9,Debt Consolidation
50173000,0.194,811,2,82221,5,Home Improvement
164218000,0.4419,607,1,59982,11,Business
41759000,0.05,818,1,63737,3,Other
44625000,0.2564,653,0,79239,9,Debt Consolidation
34216000,0.7,585,6,71811,0,Other
7824000,0.3214,636,1,84274,10,Debt Consolidation
35553000,0.3826,666,0,10340,3,Home Improvement
38108000,0.4805,683,0,76014,8,Debt Consolidation
260561000,0.5569,550,2,85831,12,Business
31136000,0.3726,739,2,32183,10,Home Improvement
46223000,0.5,638,3,65842,12,Home Improvement
35321000,0.5,636,2,34845,11,Business
14258000,0.3414,600,0,96007,5,Debt Consolidation
90604000,0.5102,550,2,8175,9,Debt Consolidation
66274000,0.5076,664,0,60080,0,Business
68379000,0.7,650,6,20818,4,Debt Consolidation
17544000,0.3,800,0,72661,13,Debt Consolidation
111551000,0.3,776,0,21710,5,Home Improvement
11831000,0.5,551,2,27361,0,Home Improvement
58075000,0.595,681,1,51965,15,Debt Consolidation
209476000,0.5,583,2,91909,9,Debt Consolidation
16442000,0.5,606,4,25113,10,Debt Consolidation
23086000,0.5,624,3,18703,3,Home Improvement
39329000,0.5,650,2,77103,8,Business
24275000,0.5,650,2,52559,8,Other
10504000,0.3982,715,1,91620,4,Home Improvement
38363000,0.5407,579,2,18928,6,Debt Consolidation
15524000,0.6932,591,5,66363,1,Other
53044000,0.418,727,1,27124,6,Home Improvement
17404000,0.201,750,0,19892,11,Debt Consolidation
125486000,0.4946,634,1,69926,4,Other
19407000,0.6783,550,7,61400,15,Business
28067000,0.5,650,3,76709,1,Business
69620000,0.3,750,1,34399,6,Business
13566000,0.4552,562,0,47557,4,Debt Consolidation
43563000,0.5,566,2,43520,6,Debt Consolidation
103333000,0.3,763,0,98488,12,Home Improvement
10037000,0.3275,693,2,32764,3,Debt Consolidation
42096000,0.234,751,1,33008,5,Home Improvement
44708000,0.324,662,1,38682,10,Business
67877000,0.3523,799,1,58636,7,Business
13500000,0.1856,551,2,28971,8,Home Improvement
12628000,0.05,750,0,91953,3,Business
55136000,0.5892,671,1,30240,7,Business
46055000,0.223,550,1,90102,12,Home Improvement
44373000,0.5,550,2,14830,1,Debt Consolidation
47914000,0.05,812,3,67373,4,Debt Consolidation
21078000,0.1387,770,1,91164,0,Debt Consolidation
43731000,0.1515,698,1,21031,9,Debt Consolidation
45911000,0.5963,579,1,96991,12,Debt Consolidation
20507000,0.5015,630,0,48024,6,Debt Consolidation
161558000,0.2468,649,1,94843,3,Home Improvement
53054000,0.5,641,3,69298,3,Other
14002000,0.4973,782,2,33651,6,Debt Consolidation
61405000,0.5,586,2,22889,6,Business
16651000,0.05,591,0,33855,11,Home Improvement
68164000,0.6936,699,2,13837,4,Debt Consolidation
91755000,0.5,650,2,18667,9,Other
18835000,0.05,850,1,14943,6,Home Improvement
78488000,0.5,650,2,45180,4,Debt Consolidation
50525000,0.7,598,1,80580,6,Business
70098000,0.5576,615,0,18431,8,Debt Consolidation
165617000,0.4346,579,0,17380,11,Home Improvement
29843000,0.3,754,0,66126,6,Debt Consolidation
19871000,0.478,717,1,23732,2,Business
17826000,0.3,810,1,14273,11,Home Improvement
18908000,0.3922,673,0,20851,3,Home Improvement
34143000,0.3656,654,2,92754,8,Debt Consolidation
47711000,0.3406,692,2,83040,7,Home Improvement
45313000,0.0899,750,1,38636,6,Business
70386000,0.3079,847,0,67303,5,Home Improvement
36695000,0.05,750,1,56041,9,Home Improvement
116172000,0.3352,694,1,69327,0,Home Improvement
29386000,0.2017,841,0,69854,12,Business
320019000,0.1845,680,1,64730,3,Home Improvement
59906000,0.377,664,1,30280,9,Business
18293000,0.5588,651,3,8706,8,Business
15418000,0.4877,665,1,48279,12,Home Improvement
53422000,0.05,840,0,89643,8,Debt Consolidation
30371000,0.0527,750,0,59102,4,Home Improvement
64293000,0.3,850,0,84077,1,Business
53029000,0.5,650,2,99204,6,Debt Consolidation
34260000,0.1345,750,1,20544,0,Home Improvement
18445000,0.5,650,5,70719,4,Business
10809000,0.2047,727,1,69058,6,Debt Consolidation
25407000,0.23,750,0,98096,4,Home Improvement
72050000,0.5,638,2,98632,7,Debt Consolidation
43100000,0.2598,841,0,70234,6,Debt Consolidation
13405000,0.2495,750,1,28143,6,Business
41712000,0.5,552,2,80863,0,Debt Consolidation
49427000,0.4161,627,2,15168,2,Debt Consolidation
17906000,0.227,786,0,79166,10,Business
41068000,0.3,751,1,91469,10,Debt Consolidation
38047000,0.2087,750,0,41369,0,Other
14554000,0.5546,719,0,64910,4,Other
48350000,0.3688,824,2,45864,11,Debt Consolidation
56876000,0.2856,664,1,46588,4,Debt Consolidation
86374000,0.1744,834,0,34485,7,Business
84376000,0.3,750,1,77402,13,Home Improvement
12063000,0.3573,603,1,93937,6,Debt Consolidation
17150000,0.3561,717,0,94371,5,Business
54832000,0.0905,850,0,21604,6,Debt Consolidation
54777000,0.1427,783,0,88101,14,Business
54832000,0.5,567,2,75056,9,Debt Consolidation
791896000,0.3,759,0,29020,7,Debt Consolidation
57338000,0.5,550,3,11392,5,Debt Consolidation
90080000,0.2461,728,3,30460,9,Other
77902000,0.0747,813,1,91660,10,Home Improvement
61152000,0.4842,643,0,65152,3,Business
28220000,0.5,550,2,73500,10,Debt Consolidation
66648000,0.3,768,1,29429,6,Debt Consolidation
19570000,0.249,645,0,73342,7,Debt Consolidation
30048000,0.2268,750,1,7672,3,Home Improvement
24630000,0.2247,847,1,40656,5,Home Improvement
38774000,0.3,750,1,64542,3,Home Improvement
231359000,0.1719,651,2,18879,3,Debt Consolidation
8153000,0.2222,750,0,83185,9,Other
62882000,0.2786,793,0,27328,6,Debt Consolidation
9995000,0.2298,750,0,66967,2,Other
24896000,0.1384,750,1,43494,16,Debt Consolidation
86783000,0.3305,785,0,61624,3,Home Improvement
38232000,0.3566,793,1,15208,11,Debt Consolidation
15334000,0.3279,631,1,6607,1,Home Improvement
20491000,0.6066,550,4,91409,9,Home Improvement
62547000,0.6816,760,0,30615,6,Home Improvement
20246000,0.2664,625,0,82869,4,Home Improvement
43181000,0.1445,743,1,99938,8,Business
37664000,0.3368,550,0,25086,7,Home Improvement
21563000,0.7,751,2,30191,4,Business
201825000,0.5,631,3,67972,4,Debt Consolidation
60303000,0.5959,738,0,96718,1,Home Improvement
7186000,0.7,572,2,92002,8,Home Improvement
42157000,0.5,650,2,52773,2,Debt Consolidation
21388000,0.4353,647,1,80535,7,Home Improvement
71822000,0.5943,734,0,17896,9,Debt Consolidation
19264000,0.2931,688,1,97857,8,Debt Consolidation
33131000,0.5,592,3,96614,4,Debt Consolidation
54393000,0.0919,850,1,20554,11,Debt Consolidation
72592000,0.077,750,0,33445,5,Home Improvement
13902000,0.0974,850,1,14515,2,Home Improvement
27789000,0.1664,688,0,30813,6,Other
24836000,0.3551,608,0,82516,9,Business
21533000,0.5,550,2,40940,4,Debt Consolidation
149099000,0.2072,750,1,13398,11,Business
50211000,0.1166,753,1,37511,4,Business
13244000,0.3996,669,0,98231,4,Home Improvement
75682000,0.6298,650,5,64820,3,Home Improvement
198337000,0.0509,563,0,44535,10,Other
82948000,0.4061,679,2,20821,7,Home Improvement
10770000,0.5342,579,0,98687,3,Other
24652000,0.1686,709,0,82981,5,Debt Consolidation
100060000,0.7,650,3,31740,0,Debt Consolidation
20617000,0.4129,646,2,11657,10,Home Improvement
51795000,0.2442,550,0,10379,6,Home Improvement
67488000,0.3416,695,0,16436,0,Business
17300000,0.5656,613,4,60173,1,Other
34627000,0.1989,786,1,93233,5,Debt Consolidation
2716000,0.4308,778,0,52191,2,Debt Consolidation
16002000,0.2119,594,1,85080,10,Business
29672000,0.3754,734,1,47359,9,Home Improvement
13383000,0.1379,775,4,72315,8,Debt Consolidation
134045000,0.3333,550,1,74528,0,Home Improvement
11567000,0.5,562,2,21527,5,Business
25539000,0.5,550,3,39316,4,Business
40320000,0.5354,673,0,65544,3,Home Improvement
115038000,0.3,805,0,11716,5,Debt Consolidation
11514000,0.4414,641,0,39346,2,Other
92091000,0.1862,625,1,55806,8,Home Improvement
36614000,0.3025,682,0,99641,10,Home Improvement
16561000,0.532,593,1,50081,10,Debt Consolidation
52559000,0.3713,593,2,82525,6,Business
42585000,0.6979,734,1,46046,15,Debt Consolidation
22468000,0.409,588,0,80657,12,Debt Consolidation
38401000,0.3788,733,2,61564,7,Home Improvement
26682000,0.3036,717,0,89227,5,Debt Consolidation
39768000,0.2273,750,0,44040,12,Home Improvement
61679000,0.3271,625,0,62409,11,Debt Consolidation
129161000,0.2765,850,0,64852,1,Home Improvement
13491000,0.6246,550,2,44651,11,Debt Consolidation
200071000,0.2321,642,2,18710,6,Debt Consolidation
7618000,0.05,809,1,13888,4,Debt Consolidation
32163000,0.05,811,1,6584,0,Other
58143000,0.4262,659,2,87986,6,Business
45469000,0.1845,632,1,27465,7,Debt Consolidation
22067000,0.05,793,2,25093,13,Business
30746000,0.4083,819,1,74923,11,Home Improvement
24480000,0.7,639,4,35402,5,Other
22663000,0.3491,686,1,53074,9,Debt Consolidation
71660000,0.4758,615,2,20439,10,Home Improvement
48321000,0.2023,750,1,96176,7,Debt Consolidation
20862000,0.1589,778,1,85900,5,Debt Consolidation
74584000,0.4879,713,1,87060,5,Other
46436000,0.3065,792,0,43644,9,Home Improvement
69584000,0.5,650,2,77424,9,Debt Consolidation
60096000,0.3983,559,1,18668,6,Debt Consolidation
18710000,0.5,650,2,5819,0,Business
23199000,0.3,750,1,6897,2,Home Improvement
66028000,0.3238,649,0,60727,9,Debt Consolidation
59177000,0.2366,700,0,48263,0,Other
35713000,0.3,850,0,54211,12,Debt Consolidation
39889000,0.5,650,5,5709,11,Debt Consolidation
100925000,0.3542,728,0,45155,7,Other
22623000,0.3486,665,1,73216,9,Debt Consolidation
56257000,0.5,650,2,47056,9,Debt Consolidation
30892000,0.2476,816,1,74561,7,Home Improvement
30511000,0.3462,654,2,27137,2,Business
87467000,0.4727,823,0,82248,11,Debt Consolidation
70286000,0.3,790,1,60901,13,Other
69620000,0.2361,811,0,25022,2,Business
103196000,0.5,600,2,27488,1,Debt Consolidation
36931000,0.1532,713,2,64663,6,Business
62665000,0.1902,747,0,83844,4,Debt Consolidation
28333000,0.3042,630,1,44485,8,Home Improvement
47067000,0.5,550,4,29539,12,Business
32725000,0.322,591,0,87366,0,Other
39246000,0.3585,715,0,68580,13,Debt Consolidation
58462000,0.5,650,5,47568,5,Home Improvement
18872000,0.5017,594,3,51351,9,Home Improvement
193670000,0.2707,850,0,24404,9,Debt Consolidation
16239000,0.3597,679,0,64546,10,Debt Consolidation
13748000,0.0537,733,1,39081,7,Debt Consolidation
91719000,0.0572,750,0,99586,8,Home Improvement
68414000,0.3284,649,1,50617,8,Home Improvement
59832000,0.05,793,1,51159,4,Debt Consolidation
60035000,0.2777,820,0,58756,0,Business
35961000,0.5,645,3,92092,2,Business
17716000,0.5,650,2,81078,7,Home Improvement
38586000,0.318,558,0,47857,4,Debt Consolidation
21126000,0.7,569,2,73276,4,Home Improvement
79229000,0.3723,751,0,60692,14,Debt Consolidation
32285000,0.2994,726,1,51775,10,Debt Consolidation
18762000,0.0601,794,0,23270,6,Business
28082000,0.1094,779,1,49074,10,Debt Consolidation
50531000,0.2918,680,0,28353,5,Debt Consolidation
23133000,0.3756,627,0,91910,7,Debt Consolidation
18812000,0.1954,805,0,36864,9,Debt Consolidation
44132000,0.3505,713,0,95465,5,Debt Consolidation
44178000,0.4155,719,1,55640,4,Other
24208000,0.3,750,0,64997,12,Debt Consolidation
24914000,0.3,750,1,56579,9,Debt Consolidation
43723000,0.05,850,0,17291,0,Debt Consolidation
11402000,0.05,641,1,40703,4,Other
11778000,0.3,750,0,14419,4,Home Improvement
20440000,0.145,735,1,64181,5,Debt Consolidation
30615000,0.3163,648,0,47453,10,Business
46571000,0.1745,764,1,78909,7,Debt Consolidation
118218000,0.0797,729,0,25945,1,Debt Consolidation
72123000,0.6278,584,2,20634,5,Debt Consolidation
31954000,0.2673,750,0,43602,9,Debt Consolidation
35767000,0.2635,776,0,93026,6,Debt Consolidation
16285000,0.05,700,2,72490,4,Home Improvement
35782000,0.2681,650,0,44798,8,Debt Consolidation
28827000,0.4088,691,0,54141,13,Home Improvement
47013000,0.05,750,0,13000,9,Debt Consolidation
18736000,0.3775,712,0,98535,12,Debt Consolidation
55021000,0.3477,597,0,68309,5,Home Improvement
123771000,0.4369,571,2,32113,7,Other
33289000,0.1903,750,1,60652,7,Debt Consolidation
50080000,0.103,850,0,15401,7,Home Improvement
63077000,0.5295,629,0,96754,9,Debt Consolidation
26345000,0.2085,850,0,21605,3,Debt Consolidation
43446000,0.2351,750,1,66563,10,Debt Consolidation
36683000,0.21,550,2,28318,0,Debt Consolidation
39267000,0.2835,590,0,73168,2,Debt Consolidation
19567000,0.5,631,2,78798,16,Debt Consolidation
37035000,0.3241,667,1,68975,5,Business
54090000,0.6068,636,1,63377,10,Debt Consolidation
115950000,0.1442,692,1,89785,14,Home Improvement
78231000,0.05,805,1,12470,0,Debt Consolidation
203322000,0.3,831,1,36437,12,Home Improvement
19656000,0.3186,795,1,28587,10,Home Improvement
72974000,0.2496,651,0,98861,14,Debt Consolidation
42052000,0.506,573,1,41992,2,Debt Consolidation
209367000,0.2592,646,2,74598,13,Business
19022000,0.6239,700,1,70049,4,Business
18550000,0.6352,550,4,25148,11,Debt Consolidation
22482000,0.2768,603,0,27705,7,Debt Consolidation
6640000,0.3,799,1,31722,10,Business
23847000,0.5,550,3,44057,7,Debt Consolidation
19785000,0.4613,682,1,27261,0,Home Improvement
40959000,0.2538,750,0,6867,0,Debt Consolidation
47734000,0.3,750,0,88542,8,Debt Consolidation
162907000,0.6881,550,5,96733,6,Home Improvement
77679000,0.5,650,2,37449,9,Home Improvement
22890000,0.237,762,1,37158,6,Debt Consolidation
17699000,0.297,750,1,5674,15,Home Improvement
53827000,0.2483,605,1,69624,8,Business
12630000,0.3,750,0,83417,5,Home Improvement
157183000,0.3705,627,1,18928,8,Debt Consolidation
93298000,0.5,550,3,20168,5,Home Improvement
24951000,0.3777,564,1,80058,7,Business
9223000,0.1479,606,2,63548,2,Business
107269000,0.5,550,3,9262,7,Home Improvement
33136000,0.5301,696,0,64142,5,Debt Consolidation
97758000,0.0557,750,0,34347,3,Business
10142000,0.193,622,1,40029,15,Home Improvement
22483000,0.4305,694,0,78124,3,Debt Consolidation
36468000,0.6535,550,2,82039,7,Home Improvement
37706000,0.3,750,1,43034,4,Debt Consolidation
25335000,0.3,850,1,94980,8,Home Improvement
59771000,0.2365,787,2,43614,2,Debt Consolidation
15458000,0.1367,576,1,78324,10,Home Improvement
32406000,0.3,814,1,50968,15,Other
39984000,0.3016,744,0,90266,4,Business
54806000,0.508,550,2,91237,12,Other
64170000,0.5492,745,0,13305,5,Other
14769000,0.4334,803,2,93967,13,Debt Consolidation
10644000,0.4184,590,2,83426,16,Home Improvement
100926000,0.3,750,1,80175,6,Home Improvement
47375000,0.2535,761,0,24087,1,Business
19955000,0.4892,701,0,81486,11,Debt Consolidation
125608000,0.5246,584,2,85763,8,Other
39837000,0.3903,707,0,32469,9,Home Improvement
93287000,0.3,786,0,95465,6,Business
38331000,0.5537,550,5,9737,3,Debt Consolidation
188829000,0.4307,763,0,19241,12,Debt Consolidation
147897000,0.3,843,1,56070,8,Business
29757000,0.2953,661,0,59700,1,Debt Consolidation
79004000,0.05,750,0,66289,10,Business
60858000,0.1933,557,1,6612,9,Debt Consolidation
108543000,0.5,650,2,96235,6,Home Improvement
16782000,0.7,577,2,9236,13,Debt Consolidation
62871000,0.1845,675,1,18591,5,Home Improvement
84689000,0.1431,822,1,6331,6,Home Improvement
8893000,0.3085,653,2,58852,10,Debt Consolidation
14092000,0.5,607,2,93565,7,Debt Consolidation
7105000,0.4724,598,1,68265,1,Debt Consolidation
29275000,0.5,616,3,83152,8,Home Improvement
64475000,0.2625,666,4,6262,5,Home Improvement
120799000,0.3249,698,1,56491,10,Business
38533000,0.3924,650,0,48658,8,Home Improvement
133638000,0.1547,750,1,52402,7,Home Improvement
12039000,0.5911,746,0,11860,3,Debt Consolidation
9296000,0.4236,645,0,70021,6,Debt Consolidation
34737000,0.4602,551,1,52806,11,Debt Consolidation
49378000,0.2596,850,1,77689,4,Other
35378000,0.526,790,2,51103,7,Business
6947000,0.3772,576,0,19191,3,Debt Consolidation
33816000,0.1555,735,0,66584,2,Home Improvement
12790000,0.252,750,1,21377,7,Business
62053000,0.2523,701,2,87877,8,Home Improvement
48692000,0.5,576,2,63246,15,Debt Consolidation
17122000,0.6175,550,2,19934,5,Debt Consolidation
24074000,0.3,750,1,96422,7,Home Improvement
15563000,0.2191,750,0,54245,2,Other
34539000,0.5,630,4,11925,9,Home Improvement
77973000,0.6053,613,0,64549,9,Debt Consolidation
16505000,0.2544,772,1,29054,13,Debt Consolidation
54352000,0.7,622,0,81351,11,Business
23761000,0.6168,616,4,82693,8,Business
19258000,0.5,650,2,98000,5,Home Improvement
33335000,0.3,750,1,52678,8,Home Improvement
15864000,0.4072,699,3,48221,7,Debt Consolidation
23320000,0.5435,719,1,76580,11,Business
13929000,0.451,717,0,17585,10,Business
174867000,0.3292,686,0,56957,6,Debt Consolidation
37355000,0.1664,739,1,56894,1,Business
20748000,0.3186,718,0,13500,12,Debt Consolidation
43096000,0.2224,580,0,44708,9,Debt Consolidation
33194000,0.2629,749,2,86062,6,Debt Consolidation
30431000,0.4383,750,3,86335,9,Debt Consolidation
59357000,0.7,550,3,14428,7,Debt Consolidation
66570000,0.4092,683,0,13618,12,Home Improvement
23756000,0.1706,734,1,29956,0,Home Improvement
22910000,0.5,650,5,88103,5,Home Improvement
29143000,0.3,825,0,17246,13,Debt Consolidation
5759000,0.5,650,4,73400,9,Debt Consolidation
10806000,0.1803,750,1,14611,14,Home Improvement
108391000,0.1994,750,1,64198,2,Debt Consolidation
135398000,0.2323,704,1,38826,11,Debt Consolidation
29756000,0.4472,737,1,79947,11,Business
57598000,0.2227,750,1,27201,0,Business
46583000,0.4129,796,0,65724,6,Business
426388000,0.2169,572,1,27390,7,Home Improvement
88935000,0.5,643,3,72798,1,Debt Consolidation
32783000,0.4584,631,1,87999,6,Home Improvement
16908000,0.5,650,2,17046,10,Debt Consolidation
10045000,0.7,650,2,87327,5,Home Improvement
42735000,0.2901,618,2,61390,8,Debt Consolidation
19829000,0.5041,550,4,17075,8,Business
11640000,0.4899,748,1,45616,7,Debt Consolidation
21650000,0.1372,649,3,20282,4,Other
15287000,0.05,769,1,71533,10,Business
140044000,0.1212,682,0,77092,1,Home Improvement
73520000,0.5,642,2,15051,7,Business
36085000,0.2672,678,0,53083,13,Home Improvement
118653000,0.7,624,1,82389,5,Business
38634000,0.5,557,5,93935,4,Home Improvement
18233000,0.3777,795,0,53784,10,Business
122823000,0.3,750,0,95277,8,Home Improvement
55889000,0.6509,745,1,55890,10,Other
15839000,0.6592,657,1,42448,7,Home Improvement
31186000,0.3,750,0,85579,0,Home Improvement
18025000,0.3,801,0,51833,12,Business
12013000,0.4389,707,2,49831,15,Business
76187000,0.4668,725,0,51580,12,Home Improvement
167298000,0.2673,757,0,85445,0,Debt Consolidation
11863000,0.2273,653,1,84034,9,Home Improvement
56975000,0.3495,631,1,43334,5,Other
21579000,0.3245,593,1,36663,3,Business
24595000,0.282,613,1,51733,7,Business
22609000,0.5,650,4,59413,6,Debt Consolidation
18193000,0.4933,779,1,27642,9,Home Improvement
37753000,0.3633,571,0,80426,7,Home Improvement
18681000,0.5,642,3,51216,3,Business
45088000,0.1787,718,1,36734,5,Debt Consolidation
34885000,0.5,598,4,15148,4,Business
29997000,0.0857,799,1,27690,0,Home Improvement
17570000,0.07,659,1,95182,2,Debt Consolidation
22893000,0.5,650,2,33984,6,Debt Consolidation
66457000,0.1409,761,1,21042,13,Debt Consolidation
54216000,0.577,686,1,48764,5,Home Improvement
16613000,0.4446,550,0,34173,4,Debt Consolidation
39319000,0.1964,661,0,8340,2,Debt Consolidation
66245000,0.6281,611,0,35699,7,Business
9552000,0.5332,694,0,56690,12,Debt Consolidation
56089000,0.4373,850,0,57413,15,Debt Consolidation
21373000,0.5,627,7,38873,8,Home Improvement
57324000,0.05,750,0,47494,8,Home Improvement
19720000,0.2942,753,0,96724,5,Business
8571000,0.5133,718,2,40848,5,Home Improvement
9877000,0.6327,713,0,29532,10,Business
37740000,0.3,804,1,28129,6,Home Improvement
44702000,0.1024,850,0,48488,6,Debt Consolidation
17616000,0.1821,589,1,77154,7,Debt Consolidation
60529000,0.5076,604,2,24569,5,Home Improvement
9612000,0.0847,605,0,72383,7,Debt Consolidation
34446000,0.3985,724,1,7009,0,Business
13783000,0.1909,750,0,44799,9,Home Improvement
21559000,0.2801,646,0,78707,16,Debt Consolidation
37719000,0.5,612,2,37180,5,Debt Consolidation
18245000,0.427,758,0,58555,8,Debt Consolidation
26698000,0.2701,753,1,24473,10,Home Improvement
81230000,0.05,750,0,75490,12,Home Improvement
22891000,0.05,684,1,9967,6,Home Improvement
70867000,0.3459,623,2,85992,0,Debt Consolidation
14709000,0.6158,579,1,23829,8,Home Improvement
55484000,0.3,758,1,88068,8,Business
115065000,0.2814,655,0,38490,6,Debt Consolidation
5028000,0.5,650,7,73655,6,Home Improvement
19197000,0.5972,583,3,35326,8,Other
57622000,0.05,750,0,91062,8,Debt Consolidation
30871000,0.3953,634,0,17031,8,Home Improvement
48870000,0.4649,761,0,21959,6,Debt Consolidation
22400000,0.534,847,1,51838,9,Home Improvement
38920000,0.335,553,1,12784,6,Debt Consolidation
32063000,0.3194,550,0,23618,10,Other
92432000,0.5,650,2,94658,4,Business
44513000,0.1248,784,0,97767,7,Business
47576000,0.1329,750,0,40745,1,Business
26121000,0.4051,722,0,92712,6,Home Improvement
24586000,0.487,550,1,56758,9,Home Improvement
25692000,0.5,550,2,30626,3,Business
49790000,0.3,759,0,71728,6,Other
25931000,0.3093,753,2,67596,0,Home Improvement
45790000,0.3468,598,0,98967,2,Other
191056000,0.2379,686,0,30179,3,Home Improvement
72904000,0.05,605,1,68846,7,Home Improvement
27978000,0.2867,771,0,9942,8,Home Improvement
94937000,0.4605,608,0,15796,7,Debt Consolidation
26201000,0.3078,647,0,5372,5,Debt Consolidation
7112000,0.36,600,0,99949,5,Debt Consolidation
16212000,0.5767,647,3,81216,10,Home Improvement
8130000,0.1156,748,1,79739,8,Debt Consolidation
27413000,0.2706,661,0,53424,6,Home Improvement
36855000,0.6108,593,2,33506,12,Other
138850000,0.05,750,1,19370,15,Debt Consolidation
47171000,0.5226,550,3,32044,2,Home Improvement
30477000,0.1465,675,1,40717,9,Debt Consolidation
70511000,0.42,850,1,76849,19,Debt Consolidation
6192000,0.3447,591,1,56268,8,Business
43848000,0.5,650,3,12361,7,Home Improvement
67285000,0.3,824,1,6713,7,Business
11127000,0.0981,753,0,14722,9,Debt Consolidation
90672000,0.2285,820,0,43997,10,Home Improvement
47610000,0.3801,709,0,93653,2,Debt Consolidation
26050000,0.6573,604,3,65553,7,Debt Consolidation
60248000,0.0951,757,1,81173,0,Debt Consolidation
223363000,0.3593,777,1,49306,6,Debt Consolidation
42003000,0.2353,819,0,39358,3,Debt Consolidation
44293000,0.6052,550,2,15298,8,Debt Consolidation
25147000,0.2367,750,1,88214,0,Other
18400000,0.2949,663,1,79400,5,Debt Consolidation
70564000,0.5,650,2,20971,11,Debt Consolidation
18309000,0.3629,674,0,53665,4,Debt Consolidation
38455000,0.1892,778,0,51301,0,Home Improvement
24782000,0.5,550,3,64384,8,Debt Consolidation
53273000,0.4155,676,2,94888,5,Business
47426000,0.4856,684,0,60078,6,Other
83286000,0.05,747,0,56321,4,Debt Consolidation
24149000,0.1985,550,0,9781,15,Home Improvement
29264000,0.4429,631,1,10976,1,Debt Consolidation
16597000,0.6586,696,1,22798,18,Home Improvement
25452000,0.3531,776,1,8085,5,Home Improvement
49111000,0.5,550,5,75619,8,Debt Consolidation
66542000,0.5,550,2,73716,5,Debt Consolidation
17366000,0.3,804,0,17925,5,Home Improvement
72816000,0.5,650,4,84427,4,Home Improvement
107421000,0.5,635,2,19705,9,Debt Consolidation
50552000,0.2776,630,0,33612,1,Home Improvement
162989000,0.207,665,0,28653,8,Home Improvement
19555000,0.3684,631,1,40369,0,Business
13417000,0.6997,550,2,29193,8,Debt Consolidation
8752000,0.2282,818,1,51450,10,Business
120191000,0.1244,834,0,43704,2,Home Improvement
61297000,0.3062,732,0,98724,10,Debt Consolidation
34736000,0.1155,588,0,10313,7,Home Improvement
45432000,0.3,750,0,18507,13,Home Improvement
14759000,0.3383,679,1,10018,4,Other
256941000,0.3229,727,1,64455,18,Debt Consolidation
40271000,0.7,733,1,10178,0,Home Improvement
39637000,0.3948,621,1,84462,6,Debt Consolidation
64901000,0.2372,686,0,53634,0,Other
53360000,0.286,716,0,55066,14,Debt Consolidation
43439000,0.5223,796,1,58351,6,Other
19295000,0.367,736,1,21227,6,Other
52954000,0.5,594,3,23781,9,Debt Consolidation
163672000,0.4879,686,0,35288,7,Business
106546000,0.5,650,4,61382,5,Other
129904000,0.631,712,0,24961,2,Debt Consolidation
24126000,0.512,611,0,16052,8,Home Improvement
16454000,0.2829,792,0,97161,9,Home Improvement
32839000,0.5422,735,0,7088,10,Debt Consolidation
37971000,0.5,620,2,81256,15,Debt Consolidation
87147000,0.4779,641,1,79863,0,Debt Consolidation
9377000,0.4227,703,1,33235,7,Debt Consolidation
123456000,0.223,717,0,17885,12,Home Improvement
32003000,0.5,610,4,18835,7,Debt Consolidation
25809000,0.5045,704,1,71256,0,Business
16160000,0.2998,815,1,66067,2,Business
9664000,0.5,650,3,79361,8,Debt Consolidation
70160000,0.05,784,0,94061,8,Home Improvement
38509000,0.4135,755,0,70733,10,Home Improvement
12939000,0.7,550,3,19806,4,Other
12887000,0.1899,711,0,28127,8,Debt Consolidation
27761000,0.3536,824,1,85008,3,Debt Consolidation
138029000,0.6898,550,4,24884,8,Other
29505000,0.5123,550,2,11890,7,Other
10911000,0.246,750,0,71812,4,Business
29834000,0.1906,592,1,43240,13,Business
29197000,0.4142,617,2,92404,0,Debt Consolidation
4199000,0.3219,650,0,66774,6,Home Improvement
34772000,0.4979,567,1,13590,4,Debt Consolidation
30190000,0.5281,681,1,95046,14,Debt Consolidation
63384000,0.7,650,4,29563,9,Business
159399000,0.2388,750,1,37035,4,Debt Consolidation
89434000,0.2902,850,0,43215,6,Home Improvement
29287000,0.3792,720,1,9866,14,Other
14985000,0.5,650,4,52169,3,Debt Consolidation
284557000,0.4008,627,2,16715,0,Other
38077000,0.5045,650,2,43092,8,Other
36722000,0.3753,592,0,38317,8,Home Improvement
35621000,0.3,802,1,78420,10,Debt Consolidation
42551000,0.05,751,1,81301,10,Debt Consolidation
32355000,0.521,724,1,19574,14,Home Improvement
22950000,0.5476,585,1,39822,0,Debt Consolidation
23447000,0.3323,608,0,40469,2,Debt Consolidation
35376000,0.05,799,0,19384,10,Other
23512000,0.2588,604,1,80853,3,Debt Consolidation
20532000,0.5,650,2,72187,1,Business
39543000,0.5,550,3,23086,14,Debt Consolidation
29614000,0.05,839,1,39839,1,Home Improvement
120957000,0.2743,581,1,15051,6,Other
4356000,0.4761,724,0,64680,7,Debt Consolidation
86960000,0.432,730,0,16530,12,Debt Consolidation
98407000,0.3142,624,0,98664,0,Home Improvement
6914000,0.1747,783,0,79165,9,Business
27608000,0.5,574,2,42073,3,Home Improvement
26980000,0.0846,750,0,59964,10,Debt Consolidation
11778000,0.5923,599,1,91577,3,Debt Consolidation
19492000,0.3017,550,2,57639,13,Other
14936000,0.6749,610,3,21577,3,Other
147534000,0.5782,554,1,40977,0,Home Improvement
76768000,0.4997,687,3,85099,4,Business
100433000,0.2853,658,0,66200,6,Home Improvement
64688000,0.2387,805,1,66819,11,Home Improvement
14717000,0.5,550,5,87348,2,Debt Consolidation
23870000,0.5,621,2,89927,2,Home Improvement
53718000,0.3987,738,2,92380,11,Home Improvement
13661000,0.0699,764,1,14011,1,Debt Consolidation
64241000,0.3,796,0,56692,6,Home Improvement
29964000,0.2803,717,1,75348,6,Business
26907000,0.3802,557,2,76908,8,Home Improvement
64136000,0.3925,740,0,62638,4,Home Improvement
51814000,0.3112,728,0,20845,3,Other
27207000,0.438,598,1,80755,8,Debt Consolidation
91809000,0.2788,660,1,73411,3,Home Improvement
15293000,0.4807,676,0,13183,2,Business
59442000,0.1481,669,0,49062,12,Home Improvement
58366000,0.369,706,0,21528,9,Debt Consolidation
28349000,0.6408,794,2,37060,14,Debt Consolidation
47141000,0.0711,841,0,6718,10,Business
13348000,0.2483,575,3,43031,2,Home Improvement
76056000,0.4271,729,0,57238,7,Business
31322000,0.5526,650,3,63860,3,Home Improvement
23904000,0.4026,710,1,68032,0,Home Improvement
84053000,0.4234,767,0,84448,5,Business
20672000,0.4452,840,1,25469,11,Home Improvement
11769000,0.5,650,4,16446,8,Debt Consolidation
10454000,0.4115,699,0,85896,1,Home Improvement
58971000,0.5,619,4,19878,5,Business
13038000,0.4509,691,2,97602,6,Debt Consolidation
147833000,0.3,750,0,85041,0,Debt Consolidation
6867000,0.1373,750,1,52583,10,Debt Consolidation
141092000,0.5,650,7,98235,6,Other
42994000,0.5161,614,1,14251,1,Debt Consolidation
33612000,0.5,650,3,33791,1,Home Improvement
23484000,0.05,782,1,65631,11,Home Improvement
49977000,0.5,632,2,38251,5,Home Improvement
35238000,0.2697,709,0,93195,12,Home Improvement
87785000,0.1368,750,1,11234,13,Debt Consolidation
39790000,0.5265,646,2,57194,11,Home Improvement
40956000,0.1984,846,1,61132,5,Business
27149000,0.4564,632,2,67009,0,Business
34698000,0.2847,689,0,29288,8,Debt Consolidation
46455000,0.427,836,1,39634,15,Business
9245000,0.3111,639,1,85150,7,Home Improvement
12350000,0.3,750,1,23520,0,Business
65816000,0.4423,798,1,83552,4,Home Improvement
41635000,0.2097,837,1,58452,6,Home Improvement
31345000,0.5129,680,2,77408,3,Other
36855000,0.0716,829,0,72793,0,Business
47957000,0.4712,787,1,24714,7,Home Improvement
23581000,0.4051,620,0,59037,4,Debt Consolidation
19484000,0.6257,641,0,87434,14,Debt Consolidation
42475000,0.5,650,4,46051,7,Debt Consolidation
16602000,0.2976,814,0,96826,9,Debt Consolidation
50342000,0.3471,725,1,47960,7,Debt Consolidation
9302000,0.5,650,2,18565,7,Business
82729000,0.47,838,1,41996,0,Debt Consolidation
53002000,0.5,557,2,95412,3,Home Improvement
44570000,0.1919,653,0,35373,11,Debt Consolidation
79710000,0.5,560,3,87469,8,Debt Consolidation
137638000,0.3,850,0,88719,5,Debt Consolidation
81756000,0.3,844,0,38268,9,Debt Consolidation
8327000,0.3343,713,1,12909,9,Business
13047000,0.3247,717,0,73833,15,Business
22030000,0.3605,683,0,34594,8,Debt Consolidation
37081000,0.5243,724,0,79378,3,Home Improvement
54947000,0.5,550,5,47052,7,Home Improvement
20321000,0.3858,656,0,51100,9,Business
42168000,0.4963,699,0,78901,11,Business
19845000,0.4252,587,0,41325,1,Home Improvement
22265000,0.3784,710,0,47097,8,Home Improvement
11786000,0.3,750,0,40738,3,Business
17351000,0.05,850,1,39897,5,Debt Consolidation
12316000,0.4517,805,1,54965,10,Home Improvement
16636000,0.1401,750,1,81836,10,Other
84365000,0.0754,667,1,39368,4,Business
16992000,0.2317,750,0,54804,6,Home Improvement
298315000,0.556,643,0,68719,5,Home Improvement
53888000,0.5033,562,3,30597,19,Debt Consolidation
42103000,0.4929,619,1,31365,8,Home Improvement
18275000,0.5918,589,1,93674,4,Home Improvement
63592000,0.3,794,0,73736,12,Home Improvement
22914000,0.596,730,0,59833,12,Business
40039000,0.4613,615,2,66533,14,Business
281551000,0.3613,751,0,7783,15,Debt Consolidation
33629000,0.1097,629,0,63720,10,Home Improvement
91073000,0.3131,700,1,53403,6,Home Improvement
20691000,0.5,650,4,56846,6,Home Improvement
35313000,0.5,621,4,39145,6,Debt Consolidation
149738000,0.3236,716,0,12740,5,Home Improvement
21992000,0.3685,638,1,23367,12,Business
154811000,0.4327,664,0,95321,7,Home Improvement
63972000,0.1942,755,1,43826,11,Other
23156000,0.3,750,0,49335,10,Other
60230000,0.2566,665,0,10007,3,Debt Consolidation
79066000,0.3792,556,0,8569,0,Debt Consolidation
59722000,0.2386,640,3,73132,2,Other
10340000,0.152,657,0,56119,5,Other
20298000,0.2582,659,1,53327,8,Debt Consolidation
29792000,0.3444,660,0,28097,4,Debt Consolidation
34216000,0.2856,675,1,75751,10,Debt Consolidation
59667000,0.2461,718,0,20982,5,Other
41863000,0.1391,749,1,23044,8,Debt Consolidation
12478000,0.1792,750,1,48768,7,Home Improvement
49225000,0.1243,583,0,32197,14,Business
59188000,0.464,596,0,28509,3,Debt Consolidation
56831000,0.3624,641,1,66298,16,Home Improvement
86217000,0.5,550,3,66842,5,Debt Consolidation
70766000,0.1476,750,0,83329,2,Business
52436000,0.0956,750,0,44682,6,Debt Consolidation
34333000,0.3979,643,2,11943,20,Home Improvement
9616000,0.5511,694,2,30998,11,Home Improvement
51210000,0.0687,727,1,98101,9,Debt Consolidation
42880000,0.1886,750,1,61645,10,Debt Consolidation
45128000,0.326,646,0,72425,4,Home Improvement
13077000,0.557,550,2,5699,8,Debt Consolidation
15293000,0.2106,750,0,54230,7,Business
84332000,0.2372,612,3,8565,14,Business
35184000,0.3021,725,2,59077,7,Home Improvement
62643000,0.2306,550,0,92473,5,Home Improvement
37148000,0.5114,651,0,97000,2,Home Improvement
37190000,0.3532,704,0,56353,8,Business
76928000,0.6352,694,3,48529,8,Home Improvement
24033000,0.3409,850,0,94777,2,Debt Consolidation
39218000,0.2437,707,1,68993,9,Debt Consolidation
25089000,0.1229,599,1,11165,8,Home Improvement
25653000,0.05,751,1,49244,11,Home Improvement
28358000,0.05,750,0,27823,12,Home Improvement
43378000,0.3901,673,1,49631,7,Debt Consolidation
24760000,0.4263,613,1,48269,3,Business
99171000,0.1128,753,1,60304,4,Debt Consolidation
17753000,0.4843,636,0,38893,14,Debt Consolidation
31273000,0.1271,750,0,20606,8,Home Improvement
25545000,0.5,641,3,52853,14,Debt Consolidation
115564000,0.5918,819,0,83869,9,Home Improvement
42499000,0.4845,654,0,68081,10,Debt Consolidation
82907000,0.3097,826,0,37145,11,Home Improvement
11065000,0.0641,841,1,93875,2,Home Improvement
44965000,0.05,718,1,91660,8,Debt Consolidation
73991000,0.2421,709,0,24888,2,Debt Consolidation
38786000,0.3183,711,1,8745,6,Business
85168000,0.2019,550,1,75424,10,Home Improvement
24009000,0.1575,750,1,83623,3,Home Improvement
112137000,0.5184,614,4,96947,9,Debt Consolidation
228460000,0.5074,550,4,89534,1,Home Improvement
27166000,0.2525,567,2,62051,12,Home Improvement
25428000,0.3753,675,2,55355,4,Home Improvement
116158000,0.2724,850,1,7645,3,Business
128497000,0.1864,779,0,28432,1,Debt Consolidation
23902000,0.5616,675,2,48663,5,Debt Consolidation
25948000,0.3352,756,1,64708,0,Business
28986000,0.3528,650,0,57939,5,Other
12387000,0.4562,550,1,75550,11,Debt Consolidation
17415000,0.1859,750,1,31578,6,Home Improvement
16264000,0.493,805,2,58670,2,Debt Consolidation
19649000,0.3931,658,2,13374,8,Debt Consolidation
35322000,0.2581,660,1,44298,8,Debt Consolidation
43799000,0.5,650,2,76265,15,Debt Consolidation
125543000,0.5,650,3,70873,10,Business
16339000,0.3663,810,0,99111,8,Home Improvement
79814000,0.345,850,0,31400,11,Debt Consolidation
30602000,0.3188,667,1,52328,6,Debt Consolidation
34907000,0.1556,799,0,36305,7,Business
62309000,0.0677,558,0,46857,14,Debt Consolidation
14792000,0.2677,798,0,86410,0,Home Improvement
49312000,0.5384,550,3,70000,11,Debt Consolidation
41488000,0.197,778,1,88832,7,Home Improvement
53850000,0.1958,592,1,24334,6,Debt Consolidation
45768000,0.7,550,5,87969,5,Debt Consolidation
258911000,0.05,750,0,10677,8,Debt Consolidation
21803000,0.4954,631,1,89417,7,Debt Consolidation
23747000,0.4141,636,0,36262,5,Home Improvement
22059000,0.2531,636,0,34886,4,Home Improvement
23286000,0.3,817,0,53648,0,Debt Consolidation
21809000,0.171,591,1,94366,4,Debt Consolidation
94015000,0.6661,550,2,9539,5,Home Improvement
113143000,0.62,644,2,38462,8,Home Improvement
23004000,0.2494,638,0,86374,15,Other
18660000,0.5589,622,1,42625,5,Home Improvement
52952000,0.1546,751,1,23920,3,Home Improvement
23347000,0.3933,774,1,45355,4,Home Improvement
60255000,0.389,695,0,41627,8,Other
42716000,0.3299,637,2,91965,9,Business
10801000,0.3,815,1,77384,10,Debt Consolidation
125242000,0.5738,550,2,52986,10,Debt Consolidation
152772000,0.05,795,1,98895,11,Debt Consolidation
22243000,0.3,783,1,49201,6,Home Improvement
26631000,0.05,750,0,10533,15,Business
45647000,0.5,650,3,29916,6,Home Improvement
47456000,0.519,609,1,46427,7,Debt Consolidation
61503000,0.5,650,2,19906,12,Business
181346000,0.2884,778,0,95019,9,Business
31522000,0.1841,629,0,77851,0,Debt Consolidation
19175000,0.3178,716,1,30487,7,Home Improvement
12047000,0.3038,550,0,61126,10,Home Improvement
20237000,0.4669,633,0,73538,2,Business
35366000,0.5465,677,0,94421,10,Business
152611000,0.5594,607,2,88755,9,Home Improvement
24002000,0.2657,605,2,53943,12,Home Improvement
43435000,0.3186,626,2,78592,4,Business
35841000,0.0975,703,0,58404,11,Home Improvement
93968000,0.5,650,3,57507,8,Debt Consolidation
274182000,0.3,750,0,15900,14,Business
23749000,0.3,750,1,16983,18,Debt Consolidation
24550000,0.1648,631,2,55306,13,Debt Consolidation
83728000,0.2611,716,1,30542,9,Business
62662000,0.346,550,0,6999,16,Business
159112000,0.392,640,0,73670,9,Home Improvement
57939000,0.2286,637,2,8086,3,Debt Consolidation
27243000,0.2493,850,1,61551,7,Debt Consolidation
58251000,0.2789,649,1,56223,10,Debt Consolidation
88165000,0.5,650,6,97037,10,Debt Consolidation
70009000,0.5,647,2,51000,2,Business
54493000,0.351,550,1,11042,3,Debt Consolidation
85250000,0.1845,821,0,57410,6,Home Improvement
92544000,0.3336,697,0,84904,9,Debt Consolidation
109724000,0.1737,782,0,99701,10,Other
61021000,0.2945,850,1,45883,8,Debt Consolidation
31771000,0.5,647,2,35428,4,Debt Consolidation
40838000,0.3,850,1,91132,14,Debt Consolidation
95340000,0.5435,564,3,23168,3,Home Improvement
18891000,0.1124,785,1,63466,12,Home Improvement
48773000,0.4545,676,0,43543,10,Home Improvement
26511000,0.5,605,2,8903,12,Home Improvement
37160000,0.673,550,2,37992,5,Debt Consolidation
100988000,0.4054,706,3,30197,6,Home Improvement
42314000,0.3339,558,2,70179,7,Home Improvement
37690000,0.4172,740,1,95135,5,Debt Consolidation
12236000,0.1144,646,0,30464,8,Debt Consolidation
65973000,0.181,589,1,82089,13,Debt Consolidation
60863000,0.1709,643,1,10259,2,Debt Consolidation
204967000,0.3714,780,2,56121,4,Home Improvement
28390000,0.7,550,2,11702,4,Debt Consolidation
43275000,0.6847,708,2,93733,7,Debt Consolidation
44334000,0.4457,621,0,77803,6,Debt Consolidation
128279000,0.4251,740,1,67505,10,Other
33650000,0.05,798,0,83270,7,Business
45398000,0.5,650,2,66514,8,Debt Consolidation
59060000,0.1131,750,0,97050,9,Debt Consolidation
42163000,0.2569,733,0,72826,8,Debt Consolidation
25409000,0.3248,687,0,92843,10,Home Improvement
42416000,0.5,650,2,54128,7,Debt Consolidation
85725000,0.05,750,1,16121,14,Home Improvement
15975000,0.3,797,0,55177,17,Home Improvement
40392000,0.1891,664,0,17053,10,Business
20742000,0.3859,674,1,61287,8,Debt Consolidation
94470000,0.7,550,2,50837,9,Business
10737000,0.2121,700,2,64145,3,Business
23222000,0.05,670,2,5954,8,Debt Consolidation
49108000,0.3071,697,0,23510,4,Debt Consolidation
127061000,0.5151,806,1,51676,9,Debt Consolidation
34455000,0.3,809,1,95298,4,Debt Consolidation
23291000,0.1656,749,0,41443,6,Debt Consolidation
163558000,0.4245,643,1,45315,0,Home Improvement
11403000,0.2802,608,1,72896,2,Home Improvement
6254000,0.1933,829,0,62360,8,Other
51638000,0.7,650,4,33398,4,Debt Consolidation
24303000,0.05,850,1,44028,11,Other
16043000,0.3881,631,0,25681,3,Debt Consolidation
64003000,0.5738,550,2,96772,9,Business
44136000,0.5129,550,1,17410,4,Debt Consolidation
23127000,0.3647,648,0,40324,9,Debt Consolidation
13040000,0.5215,643,3,7455,1,Business
72982000,0.2913,642,0,26069,5,Debt Consolidation
61094000,0.2879,785,0,79145,4,Home Improvement
33546000,0.1473,750,0,24112,11,Home Improvement
159103000,0.5467,592,3,12606,9,Home Improvement
15428000,0.2946,588,0,50073,2,Home Improvement
10717000,0.5,640,3,5947,6,Business
20878000,0.2042,750,1,13053,4,Debt Consolidation
35015000,0.3,750,0,81724,11,Home Improvement
44120000,0.3423,550,0,78290,12,Business
29942000,0.5,650,5,91938,1,Debt Consolidation
48129000,0.3,813,1,86179,10,Debt Consolidation
13343000,0.2141,717,2,69902,4,Business
115268000,0.0903,850,1,9972,6,Home Improvement
34006000,0.2607,604,0,79371,7,Home Improvement
88773000,0.5,650,3,85324,14,Debt Consolidation
47771000,0.05,849,0,80913,3,Home Improvement
52334000,0.7,661,0,53306,10,Debt Consolidation
57286000,0.7,650,4,27126,2,Home Improvement
51957000,0.2148,750,1,85306,2,Business
60729000,0.5013,550,3,74080,7,Debt Consolidation
105169000,0.3928,631,3,98172,7,Home Improvement
42498000,0.5,650,3,19791,0,Other
64036000,0.4468,595,1,26438,12,Home Improvement
33800000,0.4333,777,1,25121,0,Business
114932000,0.3634,659,0,80291,6,Home Improvement
21139000,0.3204,708,1,22756,12,Business
153392000,0.3273,634,2,11333,16,Debt Consolidation
35167000,0.5,550,4,99863,6,Debt Consolidation
11561000,0.3,785,0,7358,1,Debt Consolidation
40235000,0.439,550,0,84348,12,Home Improvement
21061000,0.05,674,1,39710,10,Business
71148000,0.4484,570,0,84953,5,Debt Consolidation
21545000,0.5,650,5,57689,5,Home Improvement
25414000,0.1557,836,0,90655,4,Business
8009000,0.5,590,3,92988,6,Home Improvement
25290000,0.5186,781,3,5864,8,Debt Consolidation
5223000,0.3,750,1,12164,5,Home Improvement
10228000,0.2341,723,2,28784,5,Debt Consolidation
66725000,0.4111,695,1,68585,10,Debt Consolidation
68094000,0.0577,790,1,89386,1,Other
51040000,0.1431,781,1,48694,5,Debt Consolidation
16754000,0.5,650,3,62662,0,Debt Consolidation
34955000,0.4794,703,0,22907,7,Business
36211000,0.5,637,2,81472,0,Debt Consolidation
14376000,0.427,603,2,96896,11,Home Improvement
120900000,0.4588,670,0,30517,2,Debt Consolidation
73269000,0.2483,784,0,52008,0,Debt Consolidation
30431000,0.1184,750,1,13181,6,Debt Consolidation
37105000,0.5909,650,6,58118,14,Debt Consolidation
42903000,0.3,850,1,52764,10,Home Improvement
7091000,0.4631,728,0,18721,0,Business
29800000,0.5283,685,0,46996,2,Home Improvement
21045000,0.2983,750,0,36740,5,Other
16296000,0.4027,603,0,54574,16,Debt Consolidation
29002000,0.5105,686,0,60637,3,Home Improvement
152993000,0.5453,564,3,5807,3,Home Improvement
60638000,0.2177,580,0,77296,13,Other
22996000,0.3255,706,3,72736,8,Debt Consolidation
57415000,0.2383,667,0,39797,11,Home Improvement
